가,0,0,0,IC,*,F,가,*,*,*,*
가동가동,0,0,0,IC,*,T,가동가동,*,*,*,*
가마이,0,0,0,IC,*,F,가마이,*,*,*,*
가만,0,0,0,IC,*,T,가만,*,*,*,*
갈갈갈갈,0,0,0,IC,*,T,갈갈갈갈,*,*,*,*
개새끼,0,0,0,IC,*,F,개새끼,*,*,*,*
개자식,0,0,0,IC,*,T,개자식,*,*,*,*
갸르르,0,0,0,IC,*,F,갸르르,*,*,*,*
갸르르르르,0,0,0,IC,*,F,갸르르르르,*,*,*,*
갸르르르르르,0,0,0,IC,*,F,갸르르르르르,*,*,*,*
거,0,0,0,IC,*,F,거,*,*,*,*
거봐,0,0,0,IC,*,F,거봐,*,*,*,*
거시기,0,0,0,IC,*,F,거시기,*,*,*,*
거참,0,0,0,IC,*,T,거참,*,*,*,*
걸음마,0,0,0,IC,*,F,걸음마,*,*,*,*
게,0,0,0,IC,*,F,게,*,*,*,*
경롓,0,0,0,IC,*,T,경롓,*,*,*,*
고,0,0,0,IC,*,F,고,*,*,*,*
고수레,0,0,0,IC,*,F,고수레,*,*,*,*
고오,0,0,0,IC,*,F,고오,*,*,*,*
고이연,0,0,0,IC,*,T,고이연,*,*,*,*
곤두곤두,0,0,0,IC,*,F,곤두곤두,*,*,*,*
곤지곤지,0,0,0,IC,*,F,곤지곤지,*,*,*,*
과연,0,0,0,IC,*,T,과연,*,*,*,*
구구,0,0,0,IC,*,F,구구,*,*,*,*
구구구,0,0,0,IC,*,F,구구구,*,*,*,*
그,0,0,0,IC,*,F,그,*,*,*,*
그거참,0,0,0,IC,*,T,그거참,*,*,*,*
그것참,0,0,0,IC,*,T,그것참,*,*,*,*
그까,0,0,0,IC,*,F,그까,*,*,*,*
그래,0,0,0,IC,*,F,그래,*,*,*,*
그래그래,0,0,0,IC,*,F,그래그래,*,*,*,*
그래두야,0,0,0,IC,*,F,그래두야,*,*,*,*
그래설라무네,0,0,0,IC,*,F,그래설라무네,*,*,*,*
그래애,0,0,0,IC,*,F,그래애,*,*,*,*
그래에,0,0,0,IC,*,F,그래에,*,*,*,*
그래요,0,0,0,IC,*,F,그래요,*,*,*,*
그래이,0,0,0,IC,*,F,그래이,*,*,*,*
그랴,0,0,0,IC,*,F,그랴,*,*,*,*
그러게,0,0,0,IC,*,F,그러게,*,*,*,*
그러니깐요,0,0,0,IC,*,F,그러니깐요,*,*,*,*
그러먼,0,0,0,IC,*,T,그러먼,*,*,*,*
그러면요,0,0,0,IC,*,F,그러면요,*,*,*,*
그러믄,0,0,0,IC,*,T,그러믄,*,*,*,*
그러믄요,0,0,0,IC,*,F,그러믄요,*,*,*,*
그러엄,0,0,0,IC,*,T,그러엄,*,*,*,*
그런,0,0,0,IC,*,T,그런,*,*,*,*
그럼,0,0,0,IC,*,T,그럼,*,*,*,*
그럼요,0,0,0,IC,*,F,그럼요,*,*,*,*
그럼유,0,0,0,IC,*,F,그럼유,*,*,*,*
그럼입쇼,0,0,0,IC,*,F,그럼입쇼,*,*,*,*
그럼입죠,0,0,0,IC,*,F,그럼입죠,*,*,*,*
그렇지,0,0,0,IC,*,F,그렇지,*,*,*,*
그려,0,0,0,IC,*,F,그려,*,*,*,*
그려어,0,0,0,IC,*,F,그려어,*,*,*,*
그류,0,0,0,IC,*,F,그류,*,*,*,*
그르게,0,0,0,IC,*,F,그르게,*,*,*,*
그르니깐요,0,0,0,IC,*,F,그르니깐요,*,*,*,*
그르치,0,0,0,IC,*,F,그르치,*,*,*,*
그리고,0,0,0,IC,*,F,그리고,*,*,*,*
그으래,0,0,0,IC,*,F,그으래,*,*,*,*
그죠,0,0,0,IC,*,F,그죠,*,*,*,*
그지,0,0,0,IC,*,F,그지,*,*,*,*
그지요,0,0,0,IC,*,F,그지요,*,*,*,*
그쵸,0,0,0,IC,*,F,그쵸,*,*,*,*
그치,0,0,0,IC,*,F,그치,*,*,*,*
글쎄,0,0,0,IC,*,F,글쎄,*,*,*,*
글쎄다,0,0,0,IC,*,F,글쎄다,*,*,*,*
글쎄올시다,0,0,0,IC,*,F,글쎄올시다,*,*,*,*
글쎄요,0,0,0,IC,*,F,글쎄요,*,*,*,*
글쎄요라니,0,0,0,IC,*,F,글쎄요라니,*,*,*,*
글씨,0,0,0,IC,*,F,글씨,*,*,*,*
글쿠나,0,0,0,IC,*,F,글쿠나,*,*,*,*
기,0,0,0,IC,*,F,기,*,*,*,*
기쎄,0,0,0,IC,*,F,기쎄,*,*,*,*
길티,0,0,0,IC,*,F,길티,*,*,*,*
까,0,0,0,IC,*,F,까,*,*,*,*
까꽁,0,0,0,IC,*,T,까꽁,*,*,*,*
까꿍,0,0,0,IC,*,T,까꿍,*,*,*,*
까르르,0,0,0,IC,*,F,까르르,*,*,*,*
까악까악,0,0,0,IC,*,T,까악까악,*,*,*,*
까짓,0,0,0,IC,*,T,까짓,*,*,*,*
까짓거,0,0,0,IC,*,F,까짓거,*,*,*,*
까짓것,0,0,0,IC,*,T,까짓것,*,*,*,*
깔깔깔,0,0,0,IC,*,T,깔깔깔,*,*,*,*
깔깔깔깔,0,0,0,IC,*,T,깔깔깔깔,*,*,*,*
꺄르르,0,0,0,IC,*,F,꺄르르,*,*,*,*
꺄아,0,0,0,IC,*,F,꺄아,*,*,*,*
꺄악,0,0,0,IC,*,T,꺄악,*,*,*,*
껄껄껄,0,0,0,IC,*,T,껄껄껄,*,*,*,*
꽤,0,0,0,IC,*,F,꽤,*,*,*,*
끄응,0,0,0,IC,*,T,끄응,*,*,*,*
끄치,0,0,0,IC,*,F,끄치,*,*,*,*
끙,0,0,0,IC,*,T,끙,*,*,*,*
끼끼끼,0,0,0,IC,*,F,끼끼끼,*,*,*,*
끼약,0,0,0,IC,*,T,끼약,*,*,*,*
낑,0,0,0,IC,*,T,낑,*,*,*,*
나,0,0,0,IC,*,F,나,*,*,*,*
나무아미타불,0,0,0,IC,*,T,나무아미타불,*,*,*,*
나원,0,0,0,IC,*,T,나원,*,*,*,*
나원참,0,0,0,IC,*,T,나원참,*,*,*,*
나참,0,0,0,IC,*,T,나참,*,*,*,*
내,0,0,0,IC,*,F,내,*,*,*,*
내롱,0,0,0,IC,*,T,내롱,*,*,*,*
내롱내롱,0,0,0,IC,*,T,내롱내롱,*,*,*,*
내참,0,0,0,IC,*,T,내참,*,*,*,*
넘차,0,0,0,IC,*,F,넘차,*,*,*,*
네,0,0,0,IC,*,F,네,*,*,*,*
네기,0,0,0,IC,*,F,네기,*,*,*,*
네네,0,0,0,IC,*,F,네네,*,*,*,*
네네네,0,0,0,IC,*,F,네네네,*,*,*,*
네미,0,0,0,IC,*,F,네미,*,*,*,*
네버,0,0,0,IC,*,F,네버,*,*,*,*
네에,0,0,0,IC,*,F,네에,*,*,*,*
네엣,0,0,0,IC,*,T,네엣,*,*,*,*
네헤,0,0,0,IC,*,F,네헤,*,*,*,*
넨장,0,0,0,IC,*,T,넨장,*,*,*,*
넨장맞을,0,0,0,IC,*,T,넨장맞을,*,*,*,*
넷,0,0,0,IC,*,T,넷,*,*,*,*
녜,0,0,0,IC,*,F,녜,*,*,*,*
녜에,0,0,0,IC,*,F,녜에,*,*,*,*
녠장할,0,0,0,IC,*,T,녠장할,*,*,*,*
노,0,0,0,IC,*,F,노,*,*,*,*
노노,0,0,0,IC,*,F,노노,*,*,*,*
노노노노노,0,0,0,IC,*,F,노노노노노,*,*,*,*
노래,0,0,0,IC,*,F,노래,*,*,*,*
노우,0,0,0,IC,*,F,노우,*,*,*,*
놈이야,0,0,0,IC,*,F,놈이야,*,*,*,*
누,0,0,0,IC,*,F,누,*,*,*,*
느메랄,0,0,0,IC,*,T,느메랄,*,*,*,*
니기럴,0,0,0,IC,*,T,니기럴,*,*,*,*
니기미,0,0,0,IC,*,F,니기미,*,*,*,*
니나노,0,0,0,IC,*,F,니나노,*,*,*,*
니미,0,0,0,IC,*,F,니미,*,*,*,*
니미럴,0,0,0,IC,*,T,니미럴,*,*,*,*
니히히,0,0,0,IC,*,F,니히히,*,*,*,*
닐리리,0,0,0,IC,*,F,닐리리,*,*,*,*
다다다다다다다다다다,0,0,0,IC,*,F,다다다다다다다다다다,*,*,*,*
달강달강,0,0,0,IC,*,T,달강달강,*,*,*,*
데끼,0,0,0,IC,*,F,데끼,*,*,*,*
도리도리,0,0,0,IC,*,F,도리도리,*,*,*,*
된장,0,0,0,IC,*,T,된장,*,*,*,*
두,0,0,0,IC,*,F,두,*,*,*,*
두두,0,0,0,IC,*,F,두두,*,*,*,*
두야,0,0,0,IC,*,F,두야,*,*,*,*
둥개둥개,0,0,0,IC,*,F,둥개둥개,*,*,*,*
둥둥,0,0,0,IC,*,T,둥둥,*,*,*,*
따,0,0,0,IC,*,F,따,*,*,*,*
따다,0,0,0,IC,*,F,따다,*,*,*,*
따란,0,0,0,IC,*,T,따란,*,*,*,*
따로따로,0,0,0,IC,*,F,따로따로,*,*,*,*
땡큐,0,0,0,IC,*,F,땡큐,*,*,*,*
떠그랄,0,0,0,IC,*,T,떠그랄,*,*,*,*
떡을할,0,0,0,IC,*,T,떡을할,*,*,*,*
떽,0,0,0,IC,*,T,떽,*,*,*,*
또,0,0,0,IC,*,F,또,*,*,*,*
또라이,0,0,0,IC,*,F,또라이,*,*,*,*
뚜뚜뚜뚜뚜,0,0,0,IC,*,F,뚜뚜뚜뚜뚜,*,*,*,*
뜨아,0,0,0,IC,*,F,뜨아,*,*,*,*
뜨어이,0,0,0,IC,*,F,뜨어이,*,*,*,*
띠,0,0,0,IC,*,F,띠,*,*,*,*
띠따,0,0,0,IC,*,F,띠따,*,*,*,*
띠얏,0,0,0,IC,*,T,띠얏,*,*,*,*
띵호,0,0,0,IC,*,F,띵호,*,*,*,*
라,0,0,0,IC,*,F,라,*,*,*,*
라라,0,0,0,IC,*,F,라라,*,*,*,*
라라라,0,0,0,IC,*,F,라라라,*,*,*,*
라라라라,0,0,0,IC,*,F,라라라라,*,*,*,*
라라라라라,0,0,0,IC,*,F,라라라라라,*,*,*,*
라랄라랄,0,0,0,IC,*,T,라랄라랄,*,*,*,*
랄랄라,0,0,0,IC,*,F,랄랄라,*,*,*,*
랄랄랄라,0,0,0,IC,*,F,랄랄랄라,*,*,*,*
룰라,0,0,0,IC,*,F,룰라,*,*,*,*
마,0,0,0,IC,*,F,마,*,*,*,*
마스크,0,0,0,IC,*,F,마스크,*,*,*,*
마흔세에,0,0,0,IC,*,F,마흔세에,*,*,*,*
막,0,0,0,IC,*,T,막,*,*,*,*
만만세,0,0,0,IC,*,F,만만세,*,*,*,*
만세,0,0,0,IC,*,F,만세,*,*,*,*
만세에,0,0,0,IC,*,F,만세에,*,*,*,*
맙소사,0,0,0,IC,*,F,맙소사,*,*,*,*
맞아,0,0,0,IC,*,F,맞아,*,*,*,*
맞았어,0,0,0,IC,*,F,맞았어,*,*,*,*
머,0,0,0,IC,*,F,머,*,*,*,*
머시기,0,0,0,IC,*,F,머시기,*,*,*,*
머지,0,0,0,IC,*,F,머지,*,*,*,*
멀,0,0,0,IC,*,T,멀,*,*,*,*
멍군,0,0,0,IC,*,T,멍군,*,*,*,*
메롱,0,0,0,IC,*,T,메롱,*,*,*,*
메헤헤헤,0,0,0,IC,*,F,메헤헤헤,*,*,*,*
모,0,0,0,IC,*,F,모,*,*,*,*
무,0,0,0,IC,*,F,무,*,*,*,*
무슨,0,0,0,IC,*,T,무슨,*,*,*,*
무시기,0,0,0,IC,*,F,무시기,*,*,*,*
무애,0,0,0,IC,*,F,무애,*,*,*,*
무어,0,0,0,IC,*,F,무어,*,*,*,*
무얼,0,0,0,IC,*,T,무얼,*,*,*,*
뭐,0,0,0,IC,*,F,뭐,*,*,*,*
뭐야,0,0,0,IC,*,F,뭐야,*,*,*,*
뭐얏,0,0,0,IC,*,T,뭐얏,*,*,*,*
뭐어,0,0,0,IC,*,F,뭐어,*,*,*,*
뭘,0,0,0,IC,*,T,뭘,*,*,*,*
뭣,0,0,0,IC,*,T,뭣,*,*,*,*
미안,0,0,0,IC,*,T,미안,*,*,*,*
배라먹을,0,0,0,IC,*,T,배라먹을,*,*,*,*
보입시더,0,0,0,IC,*,F,보입시더,*,*,*,*
복,0,0,0,IC,*,T,복,*,*,*,*
브라보,0,0,0,IC,*,F,브라보,*,*,*,*
비비비뱃종뱃종,0,0,0,IC,*,T,비비비뱃종뱃종,*,*,*,*
빌어먹을,0,0,0,IC,*,T,빌어먹을,*,*,*,*
빠샤,0,0,0,IC,*,F,빠샤,*,*,*,*
빠이,0,0,0,IC,*,F,빠이,*,*,*,*
빠이빠이,0,0,0,IC,*,F,빠이빠이,*,*,*,*
뿌뿌뿌뿌뿌뿌,0,0,0,IC,*,F,뿌뿌뿌뿌뿌뿌,*,*,*,*
삐리리삐리리,0,0,0,IC,*,F,삐리리삐리리,*,*,*,*
상사두야,0,0,0,IC,*,F,상사두야,*,*,*,*
상사뒤요,0,0,0,IC,*,F,상사뒤요,*,*,*,*
상사디야,0,0,0,IC,*,F,상사디야,*,*,*,*
새꺄,0,0,0,IC,*,F,새꺄,*,*,*,*
서,0,0,0,IC,*,F,서,*,*,*,*
섬마섬마,0,0,0,IC,*,F,섬마섬마,*,*,*,*
세발세발,0,0,0,IC,*,T,세발세발,*,*,*,*
세상에,0,0,0,IC,*,F,세상에,*,*,*,*
숴,0,0,0,IC,*,F,숴,*,*,*,*
숴이,0,0,0,IC,*,F,숴이,*,*,*,*
쉬,0,0,0,IC,*,F,쉬,*,*,*,*
쉬쉬쉬,0,0,0,IC,*,F,쉬쉬쉬,*,*,*,*
쉬야,0,0,0,IC,*,F,쉬야,*,*,*,*
쉬이,0,0,0,IC,*,F,쉬이,*,*,*,*
쉬이이,0,0,0,IC,*,F,쉬이이,*,*,*,*
쉬잇,0,0,0,IC,*,T,쉬잇,*,*,*,*
쉿,0,0,0,IC,*,T,쉿,*,*,*,*
스,0,0,0,IC,*,F,스,*,*,*,*
스으을,0,0,0,IC,*,T,스으을,*,*,*,*
시,0,0,0,IC,*,F,시,*,*,*,*
시발놈,0,0,0,IC,*,T,시발놈,*,*,*,*
시이,0,0,0,IC,*,F,시이,*,*,*,*
시장시장,0,0,0,IC,*,T,시장시장,*,*,*,*
시팔,0,0,0,IC,*,T,시팔,*,*,*,*
십새끼,0,0,0,IC,*,F,십새끼,*,*,*,*
십팔,0,0,0,IC,*,T,십팔,*,*,*,*
싸아어,0,0,0,IC,*,F,싸아어,*,*,*,*
쌍,0,0,0,IC,*,T,쌍,*,*,*,*
쌍간나희,0,0,0,IC,*,F,쌍간나희,*,*,*,*
썅,0,0,0,IC,*,T,썅,*,*,*,*
써우르,0,0,0,IC,*,F,써우르,*,*,*,*
쏘리,0,0,0,IC,*,F,쏘리,*,*,*,*
쒸,0,0,0,IC,*,F,쒸,*,*,*,*
쓰,0,0,0,IC,*,F,쓰,*,*,*,*
쓰벌,0,0,0,IC,*,T,쓰벌,*,*,*,*
쓰으벌,0,0,0,IC,*,T,쓰으벌,*,*,*,*
씨,0,0,0,IC,*,F,씨,*,*,*,*
씨발,0,0,0,IC,*,T,씨발,*,*,*,*
씨발놈,0,0,0,IC,*,T,씨발놈,*,*,*,*
씨발씨발,0,0,0,IC,*,T,씨발씨발,*,*,*,*
씨버럴,0,0,0,IC,*,T,씨버럴,*,*,*,*
씨벌놈,0,0,0,IC,*,T,씨벌놈,*,*,*,*
씨부랄,0,0,0,IC,*,T,씨부랄,*,*,*,*
씨부럴,0,0,0,IC,*,T,씨부럴,*,*,*,*
씨비,0,0,0,IC,*,F,씨비,*,*,*,*
씨씨,0,0,0,IC,*,F,씨씨,*,*,*,*
씨이,0,0,0,IC,*,F,씨이,*,*,*,*
씨이잉,0,0,0,IC,*,T,씨이잉,*,*,*,*
씨이팔,0,0,0,IC,*,T,씨이팔,*,*,*,*
씨팔,0,0,0,IC,*,T,씨팔,*,*,*,*
씹새끼들,0,0,0,IC,*,T,씹새끼들,*,*,*,*
아,0,0,0,IC,*,F,아,*,*,*,*
아가,0,0,0,IC,*,F,아가,*,*,*,*
아고,0,0,0,IC,*,F,아고,*,*,*,*
아고매,0,0,0,IC,*,F,아고매,*,*,*,*
아고머니,0,0,0,IC,*,F,아고머니,*,*,*,*
아고메나,0,0,0,IC,*,F,아고메나,*,*,*,*
아구,0,0,0,IC,*,F,아구,*,*,*,*
아구구,0,0,0,IC,*,F,아구구,*,*,*,*
아구구구,0,0,0,IC,*,F,아구구구,*,*,*,*
아구메,0,0,0,IC,*,F,아구메,*,*,*,*
아그,0,0,0,IC,*,F,아그,*,*,*,*
아그그,0,0,0,IC,*,F,아그그,*,*,*,*
아그그그그,0,0,0,IC,*,F,아그그그그,*,*,*,*
아나,0,0,0,IC,*,F,아나,*,*,*,*
아냐,0,0,0,IC,*,F,아냐,*,*,*,*
아녀,0,0,0,IC,*,F,아녀,*,*,*,*
아녜유,0,0,0,IC,*,F,아녜유,*,*,*,*
아뇨,0,0,0,IC,*,F,아뇨,*,*,*,*
아니,0,0,0,IC,*,F,아니,*,*,*,*
아니다,0,0,0,IC,*,F,아니다,*,*,*,*
아니야,0,0,0,IC,*,F,아니야,*,*,*,*
아니예,0,0,0,IC,*,F,아니예,*,*,*,*
아니오,0,0,0,IC,*,F,아니오,*,*,*,*
아니요,0,0,0,IC,*,F,아니요,*,*,*,*
아니유,0,0,0,IC,*,F,아니유,*,*,*,*
아니지,0,0,0,IC,*,F,아니지,*,*,*,*
아두,0,0,0,IC,*,F,아두,*,*,*,*
아따,0,0,0,IC,*,F,아따,*,*,*,*
아따메,0,0,0,IC,*,F,아따메,*,*,*,*
아리,0,0,0,IC,*,F,아리,*,*,*,*
아멘,0,0,0,IC,*,T,아멘,*,*,*,*
아무러면요,0,0,0,IC,*,F,아무러면요,*,*,*,*
아무려나,0,0,0,IC,*,F,아무려나,*,*,*,*
아무려면,0,0,0,IC,*,T,아무려면,*,*,*,*
아무렴,0,0,0,IC,*,T,아무렴,*,*,*,*
아무렴요,0,0,0,IC,*,F,아무렴요,*,*,*,*
아무리,0,0,0,IC,*,F,아무리,*,*,*,*
아민,0,0,0,IC,*,T,아민,*,*,*,*
아뿔사,0,0,0,IC,*,F,아뿔사,*,*,*,*
아뿔싸,0,0,0,IC,*,F,아뿔싸,*,*,*,*
아서,0,0,0,IC,*,F,아서,*,*,*,*
아서라,0,0,0,IC,*,F,아서라,*,*,*,*
아서요,0,0,0,IC,*,F,아서요,*,*,*,*
아소,0,0,0,IC,*,F,아소,*,*,*,*
아스서요,0,0,0,IC,*,F,아스서요,*,*,*,*
아싸,0,0,0,IC,*,F,아싸,*,*,*,*
아쎄,0,0,0,IC,*,F,아쎄,*,*,*,*
아씨,0,0,0,IC,*,F,아씨,*,*,*,*
아아,0,0,0,IC,*,F,아아,*,*,*,*
아아뇨,0,0,0,IC,*,F,아아뇨,*,*,*,*
아아니,0,0,0,IC,*,F,아아니,*,*,*,*
아아니요,0,0,0,IC,*,F,아아니요,*,*,*,*
아아따,0,0,0,IC,*,F,아아따,*,*,*,*
아아씨,0,0,0,IC,*,F,아아씨,*,*,*,*
아아아,0,0,0,IC,*,F,아아아,*,*,*,*
아아아아,0,0,0,IC,*,F,아아아아,*,*,*,*
아아아아아,0,0,0,IC,*,F,아아아아아,*,*,*,*
아아악,0,0,0,IC,*,T,아아악,*,*,*,*
아아이,0,0,0,IC,*,F,아아이,*,*,*,*
아악,0,0,0,IC,*,T,아악,*,*,*,*
아암,0,0,0,IC,*,T,아암,*,*,*,*
아앗,0,0,0,IC,*,T,아앗,*,*,*,*
아앙,0,0,0,IC,*,T,아앙,*,*,*,*
아야,0,0,0,IC,*,F,아야,*,*,*,*
아야야,0,0,0,IC,*,F,아야야,*,*,*,*
아야야야,0,0,0,IC,*,F,아야야야,*,*,*,*
아야야야야,0,0,0,IC,*,F,아야야야야,*,*,*,*
아얏,0,0,0,IC,*,T,아얏,*,*,*,*
아오,0,0,0,IC,*,F,아오,*,*,*,*
아옹,0,0,0,IC,*,T,아옹,*,*,*,*
아요,0,0,0,IC,*,F,아요,*,*,*,*
아우,0,0,0,IC,*,F,아우,*,*,*,*
아웅,0,0,0,IC,*,T,아웅,*,*,*,*
아유,0,0,0,IC,*,F,아유,*,*,*,*
아으,0,0,0,IC,*,F,아으,*,*,*,*
아음,0,0,0,IC,*,T,아음,*,*,*,*
아응,0,0,0,IC,*,T,아응,*,*,*,*
아이,0,0,0,IC,*,F,아이,*,*,*,*
아이갸,0,0,0,IC,*,F,아이갸,*,*,*,*
아이고,0,0,0,IC,*,F,아이고,*,*,*,*
아이고나,0,0,0,IC,*,F,아이고나,*,*,*,*
아이고매,0,0,0,IC,*,F,아이고매,*,*,*,*
아이고머니,0,0,0,IC,*,F,아이고머니,*,*,*,*
아이고머니나,0,0,0,IC,*,F,아이고머니나,*,*,*,*
아이고아이고,0,0,0,IC,*,F,아이고아이고,*,*,*,*
아이고야,0,0,0,IC,*,F,아이고야,*,*,*,*
아이고오,0,0,0,IC,*,F,아이고오,*,*,*,*
아이구,0,0,0,IC,*,F,아이구,*,*,*,*
아이구매,0,0,0,IC,*,F,아이구매,*,*,*,*
아이구머니,0,0,0,IC,*,F,아이구머니,*,*,*,*
아이구머니나,0,0,0,IC,*,F,아이구머니나,*,*,*,*
아이구우,0,0,0,IC,*,F,아이구우,*,*,*,*
아이그,0,0,0,IC,*,F,아이그,*,*,*,*
아이뜨,0,0,0,IC,*,F,아이뜨,*,*,*,*
아이씨,0,0,0,IC,*,F,아이씨,*,*,*,*
아이아,0,0,0,IC,*,F,아이아,*,*,*,*
아이아이,0,0,0,IC,*,F,아이아이,*,*,*,*
아이야,0,0,0,IC,*,F,아이야,*,*,*,*
아이유,0,0,0,IC,*,F,아이유,*,*,*,*
아이이고,0,0,0,IC,*,F,아이이고,*,*,*,*
아이이고오,0,0,0,IC,*,F,아이이고오,*,*,*,*
아이잉,0,0,0,IC,*,T,아이잉,*,*,*,*
아이참,0,0,0,IC,*,T,아이참,*,*,*,*
아이코,0,0,0,IC,*,F,아이코,*,*,*,*
아이쿠,0,0,0,IC,*,F,아이쿠,*,*,*,*
아잇,0,0,0,IC,*,T,아잇,*,*,*,*
아잉,0,0,0,IC,*,T,아잉,*,*,*,*
아자,0,0,0,IC,*,F,아자,*,*,*,*
아주,0,0,0,IC,*,F,아주,*,*,*,*
아쭈,0,0,0,IC,*,F,아쭈,*,*,*,*
아차,0,0,0,IC,*,F,아차,*,*,*,*
아차차,0,0,0,IC,*,F,아차차,*,*,*,*
아참,0,0,0,IC,*,T,아참,*,*,*,*
아쿠쿠,0,0,0,IC,*,F,아쿠쿠,*,*,*,*
아크,0,0,0,IC,*,F,아크,*,*,*,*
아하,0,0,0,IC,*,F,아하,*,*,*,*
아하이고,0,0,0,IC,*,F,아하이고,*,*,*,*
아하하,0,0,0,IC,*,F,아하하,*,*,*,*
아하하하,0,0,0,IC,*,F,아하하하,*,*,*,*
아함,0,0,0,IC,*,T,아함,*,*,*,*
아항,0,0,0,IC,*,T,아항,*,*,*,*
아효,0,0,0,IC,*,F,아효,*,*,*,*
아후,0,0,0,IC,*,F,아후,*,*,*,*
아휴,0,0,0,IC,*,F,아휴,*,*,*,*
아흐,0,0,0,IC,*,F,아흐,*,*,*,*
아흠,0,0,0,IC,*,T,아흠,*,*,*,*
아히,0,0,0,IC,*,F,아히,*,*,*,*
악,0,0,0,IC,*,T,악,*,*,*,*
악아,0,0,0,IC,*,F,악아,*,*,*,*
안,0,0,0,IC,*,T,안,*,*,*,*
안녕,0,0,0,IC,*,T,안녕,*,*,*,*
알나리깔나리,0,0,0,IC,*,F,알나리깔나리,*,*,*,*
알라,0,0,0,IC,*,F,알라,*,*,*,*
암,0,0,0,IC,*,T,암,*,*,*,*
암요,0,0,0,IC,*,F,암요,*,*,*,*
앗,0,0,0,IC,*,T,앗,*,*,*,*
앗다,0,0,0,IC,*,F,앗다,*,*,*,*
앗따,0,0,0,IC,*,F,앗따,*,*,*,*
앗싸,0,0,0,IC,*,F,앗싸,*,*,*,*
앗싸리,0,0,0,IC,*,F,앗싸리,*,*,*,*
앙,0,0,0,IC,*,T,앙,*,*,*,*
앙앙앙,0,0,0,IC,*,T,앙앙앙,*,*,*,*
애,0,0,0,IC,*,F,애,*,*,*,*
애개,0,0,0,IC,*,F,애개,*,*,*,*
애걔,0,0,0,IC,*,F,애걔,*,*,*,*
애걔걔,0,0,0,IC,*,F,애걔걔,*,*,*,*
애고,0,0,0,IC,*,F,애고,*,*,*,*
애고고,0,0,0,IC,*,F,애고고,*,*,*,*
애고머니,0,0,0,IC,*,F,애고머니,*,*,*,*
애고애고,0,0,0,IC,*,F,애고애고,*,*,*,*
애구애구,0,0,0,IC,*,F,애구애구,*,*,*,*
애그,0,0,0,IC,*,F,애그,*,*,*,*
애라,0,0,0,IC,*,F,애라,*,*,*,*
애이,0,0,0,IC,*,F,애이,*,*,*,*
애재라,0,0,0,IC,*,F,애재라,*,*,*,*
애쿠,0,0,0,IC,*,F,애쿠,*,*,*,*
애해,0,0,0,IC,*,F,애해,*,*,*,*
애햄,0,0,0,IC,*,T,애햄,*,*,*,*
앵,0,0,0,IC,*,T,앵,*,*,*,*
야,0,0,0,IC,*,F,야,*,*,*,*
야아,0,0,0,IC,*,F,야아,*,*,*,*
야아아,0,0,0,IC,*,F,야아아,*,*,*,*
야아아옹,0,0,0,IC,*,T,야아아옹,*,*,*,*
야아앙,0,0,0,IC,*,T,야아앙,*,*,*,*
야앙,0,0,0,IC,*,T,야앙,*,*,*,*
야야,0,0,0,IC,*,F,야야,*,*,*,*
야야야,0,0,0,IC,*,F,야야야,*,*,*,*
야야야야야,0,0,0,IC,*,F,야야야야야,*,*,*,*
야오,0,0,0,IC,*,F,야오,*,*,*,*
야이,0,0,0,IC,*,F,야이,*,*,*,*
야잇,0,0,0,IC,*,T,야잇,*,*,*,*
야호,0,0,0,IC,*,F,야호,*,*,*,*
얀마,0,0,0,IC,*,F,얀마,*,*,*,*
얍,0,0,0,IC,*,T,얍,*,*,*,*
얏,0,0,0,IC,*,T,얏,*,*,*,*
얏호,0,0,0,IC,*,F,얏호,*,*,*,*
얘,0,0,0,IC,*,F,얘,*,*,*,*
얘야,0,0,0,IC,*,F,얘야,*,*,*,*
얘얘얘,0,0,0,IC,*,F,얘얘얘,*,*,*,*
어,0,0,0,IC,*,F,어,*,*,*,*
어거,0,0,0,IC,*,F,어거,*,*,*,*
어고,0,0,0,IC,*,F,어고,*,*,*,*
어구,0,0,0,IC,*,F,어구,*,*,*,*
어구구구구,0,0,0,IC,*,F,어구구구구,*,*,*,*
어구어구,0,0,0,IC,*,F,어구어구,*,*,*,*
어기야,0,0,0,IC,*,F,어기야,*,*,*,*
어기야디야,0,0,0,IC,*,F,어기야디야,*,*,*,*
어기어차,0,0,0,IC,*,F,어기어차,*,*,*,*
어기여차,0,0,0,IC,*,F,어기여차,*,*,*,*
어기영차,0,0,0,IC,*,F,어기영차,*,*,*,*
어둥둥,0,0,0,IC,*,T,어둥둥,*,*,*,*
어디,0,0,0,IC,*,F,어디,*,*,*,*
어디아니,0,0,0,IC,*,F,어디아니,*,*,*,*
어디여,0,0,0,IC,*,F,어디여,*,*,*,*
어따,0,0,0,IC,*,F,어따,*,*,*,*
어때,0,0,0,IC,*,F,어때,*,*,*,*
어떤,0,0,0,IC,*,T,어떤,*,*,*,*
어라,0,0,0,IC,*,F,어라,*,*,*,*
어랍쇼,0,0,0,IC,*,F,어랍쇼,*,*,*,*
어럽쇼,0,0,0,IC,*,F,어럽쇼,*,*,*,*
어마,0,0,0,IC,*,F,어마,*,*,*,*
어마나,0,0,0,IC,*,F,어마나,*,*,*,*
어매,0,0,0,IC,*,F,어매,*,*,*,*
어머,0,0,0,IC,*,F,어머,*,*,*,*
어머나,0,0,0,IC,*,F,어머나,*,*,*,*
어머머,0,0,0,IC,*,F,어머머,*,*,*,*
어머머머,0,0,0,IC,*,F,어머머머,*,*,*,*
어머어머,0,0,0,IC,*,F,어머어머,*,*,*,*
어부바,0,0,0,IC,*,F,어부바,*,*,*,*
어비,0,0,0,IC,*,F,어비,*,*,*,*
어뿔싸,0,0,0,IC,*,F,어뿔싸,*,*,*,*
어사와,0,0,0,IC,*,F,어사와,*,*,*,*
어쉬,0,0,0,IC,*,F,어쉬,*,*,*,*
어쑤,0,0,0,IC,*,F,어쑤,*,*,*,*
어쑤우,0,0,0,IC,*,F,어쑤우,*,*,*,*
어아아,0,0,0,IC,*,F,어아아,*,*,*,*
어야,0,0,0,IC,*,F,어야,*,*,*,*
어야께나,0,0,0,IC,*,F,어야께나,*,*,*,*
어야디야,0,0,0,IC,*,F,어야디야,*,*,*,*
어어,0,0,0,IC,*,F,어어,*,*,*,*
어어디,0,0,0,IC,*,F,어어디,*,*,*,*
어어어,0,0,0,IC,*,F,어어어,*,*,*,*
어어어어,0,0,0,IC,*,F,어어어어,*,*,*,*
어어어어어,0,0,0,IC,*,F,어어어어어,*,*,*,*
어어어어응,0,0,0,IC,*,T,어어어어응,*,*,*,*
어어어엉,0,0,0,IC,*,T,어어어엉,*,*,*,*
어어엉,0,0,0,IC,*,T,어어엉,*,*,*,*
어어오,0,0,0,IC,*,F,어어오,*,*,*,*
어어이,0,0,0,IC,*,F,어어이,*,*,*,*
어엉,0,0,0,IC,*,T,어엉,*,*,*,*
어에에,0,0,0,IC,*,F,어에에,*,*,*,*
어여차,0,0,0,IC,*,F,어여차,*,*,*,*
어영차,0,0,0,IC,*,F,어영차,*,*,*,*
어옹,0,0,0,IC,*,T,어옹,*,*,*,*
어와,0,0,0,IC,*,F,어와,*,*,*,*
어와호,0,0,0,IC,*,F,어와호,*,*,*,*
어우,0,0,0,IC,*,F,어우,*,*,*,*
어우야,0,0,0,IC,*,F,어우야,*,*,*,*
어웅,0,0,0,IC,*,T,어웅,*,*,*,*
어유,0,0,0,IC,*,F,어유,*,*,*,*
어으,0,0,0,IC,*,F,어으,*,*,*,*
어음,0,0,0,IC,*,T,어음,*,*,*,*
어이,0,0,0,IC,*,F,어이,*,*,*,*
어이고,0,0,0,IC,*,F,어이고,*,*,*,*
어이구,0,0,0,IC,*,F,어이구,*,*,*,*
어이구나,0,0,0,IC,*,F,어이구나,*,*,*,*
어이구머니,0,0,0,IC,*,F,어이구머니,*,*,*,*
어이구머니나,0,0,0,IC,*,F,어이구머니나,*,*,*,*
어이구야,0,0,0,IC,*,F,어이구야,*,*,*,*
어이그,0,0,0,IC,*,F,어이그,*,*,*,*
어이샤,0,0,0,IC,*,F,어이샤,*,*,*,*
어이세,0,0,0,IC,*,F,어이세,*,*,*,*
어이썅,0,0,0,IC,*,T,어이썅,*,*,*,*
어이쒸,0,0,0,IC,*,F,어이쒸,*,*,*,*
어이씨,0,0,0,IC,*,F,어이씨,*,*,*,*
어이야,0,0,0,IC,*,F,어이야,*,*,*,*
어이어이,0,0,0,IC,*,F,어이어이,*,*,*,*
어이쿠,0,0,0,IC,*,F,어이쿠,*,*,*,*
어이쿠나,0,0,0,IC,*,F,어이쿠나,*,*,*,*
어잇,0,0,0,IC,*,T,어잇,*,*,*,*
어절씨구,0,0,0,IC,*,F,어절씨구,*,*,*,*
어째서야,0,0,0,IC,*,F,어째서야,*,*,*,*
어쩌면,0,0,0,IC,*,T,어쩌면,*,*,*,*
어쩜,0,0,0,IC,*,T,어쩜,*,*,*,*
어쭈,0,0,0,IC,*,F,어쭈,*,*,*,*
어쭈구리,0,0,0,IC,*,F,어쭈구리,*,*,*,*
어쿠,0,0,0,IC,*,F,어쿠,*,*,*,*
어쿠우,0,0,0,IC,*,F,어쿠우,*,*,*,*
어허,0,0,0,IC,*,F,어허,*,*,*,*
어허둥둥,0,0,0,IC,*,T,어허둥둥,*,*,*,*
어허디야,0,0,0,IC,*,F,어허디야,*,*,*,*
어허야디야,0,0,0,IC,*,F,어허야디야,*,*,*,*
어허어,0,0,0,IC,*,F,어허어,*,*,*,*
어허어허,0,0,0,IC,*,F,어허어허,*,*,*,*
어허우어어,0,0,0,IC,*,F,어허우어어,*,*,*,*
어허허,0,0,0,IC,*,F,어허허,*,*,*,*
어헉,0,0,0,IC,*,T,어헉,*,*,*,*
어험,0,0,0,IC,*,T,어험,*,*,*,*
어홍,0,0,0,IC,*,T,어홍,*,*,*,*
어화,0,0,0,IC,*,F,어화,*,*,*,*
어화둥둥,0,0,0,IC,*,T,어화둥둥,*,*,*,*
어후,0,0,0,IC,*,F,어후,*,*,*,*
어휴,0,0,0,IC,*,F,어휴,*,*,*,*
어흐,0,0,0,IC,*,F,어흐,*,*,*,*
어흐어흐,0,0,0,IC,*,F,어흐어흐,*,*,*,*
어흐흐흐,0,0,0,IC,*,F,어흐흐흐,*,*,*,*
어흠,0,0,0,IC,*,T,어흠,*,*,*,*
어흥,0,0,0,IC,*,T,어흥,*,*,*,*
억,0,0,0,IC,*,T,억,*,*,*,*
얼,0,0,0,IC,*,T,얼,*,*,*,*
얼라,0,0,0,IC,*,F,얼라,*,*,*,*
얼래,0,0,0,IC,*,F,얼래,*,*,*,*
얼래래,0,0,0,IC,*,F,얼래래,*,*,*,*
얼럴럴,0,0,0,IC,*,T,얼럴럴,*,*,*,*
얼레,0,0,0,IC,*,F,얼레,*,*,*,*
얼시고나,0,0,0,IC,*,F,얼시고나,*,*,*,*
얼싸,0,0,0,IC,*,F,얼싸,*,*,*,*
얼쑤,0,0,0,IC,*,F,얼쑤,*,*,*,*
얼씨고나,0,0,0,IC,*,F,얼씨고나,*,*,*,*
얼씨구,0,0,0,IC,*,F,얼씨구,*,*,*,*
얼씨구나,0,0,0,IC,*,F,얼씨구나,*,*,*,*
얼씨구나절씨구나,0,0,0,IC,*,F,얼씨구나절씨구나,*,*,*,*
얼씨구절씨구,0,0,0,IC,*,F,얼씨구절씨구,*,*,*,*
엄,0,0,0,IC,*,T,엄,*,*,*,*
엄엄,0,0,0,IC,*,T,엄엄,*,*,*,*
엇,0,0,0,IC,*,T,엇,*,*,*,*
엇쉬,0,0,0,IC,*,F,엇쉬,*,*,*,*
엉,0,0,0,IC,*,T,엉,*,*,*,*
엉엉엉,0,0,0,IC,*,T,엉엉엉,*,*,*,*
에,0,0,0,IC,*,F,에,*,*,*,*
에고,0,0,0,IC,*,F,에고,*,*,*,*
에고에고,0,0,0,IC,*,F,에고에고,*,*,*,*
에구,0,0,0,IC,*,F,에구,*,*,*,*
에구구,0,0,0,IC,*,F,에구구,*,*,*,*
에구머니,0,0,0,IC,*,F,에구머니,*,*,*,*
에구머니나,0,0,0,IC,*,F,에구머니나,*,*,*,*
에구머니야,0,0,0,IC,*,F,에구머니야,*,*,*,*
에그,0,0,0,IC,*,F,에그,*,*,*,*
에그그,0,0,0,IC,*,F,에그그,*,*,*,*
에그머니,0,0,0,IC,*,F,에그머니,*,*,*,*
에그머니나,0,0,0,IC,*,F,에그머니나,*,*,*,*
에기,0,0,0,IC,*,F,에기,*,*,*,*
에기나,0,0,0,IC,*,F,에기나,*,*,*,*
에기야,0,0,0,IC,*,F,에기야,*,*,*,*
에꼬,0,0,0,IC,*,F,에꼬,*,*,*,*
에꾸,0,0,0,IC,*,F,에꾸,*,*,*,*
에끼,0,0,0,IC,*,F,에끼,*,*,*,*
에따,0,0,0,IC,*,F,에따,*,*,*,*
에또,0,0,0,IC,*,F,에또,*,*,*,*
에라,0,0,0,IC,*,F,에라,*,*,*,*
에라이,0,0,0,IC,*,F,에라이,*,*,*,*
에렐렐네,0,0,0,IC,*,F,에렐렐네,*,*,*,*
에렐렐넬,0,0,0,IC,*,T,에렐렐넬,*,*,*,*
에루화,0,0,0,IC,*,F,에루화,*,*,*,*
에미럴,0,0,0,IC,*,T,에미럴,*,*,*,*
에비,0,0,0,IC,*,F,에비,*,*,*,*
에비다,0,0,0,IC,*,F,에비다,*,*,*,*
에야디야,0,0,0,IC,*,F,에야디야,*,*,*,*
에어야,0,0,0,IC,*,F,에어야,*,*,*,*
에에,0,0,0,IC,*,F,에에,*,*,*,*
에에그,0,0,0,IC,*,F,에에그,*,*,*,*
에에에,0,0,0,IC,*,F,에에에,*,*,*,*
에에에에에에,0,0,0,IC,*,F,에에에에에에,*,*,*,*
에엑,0,0,0,IC,*,T,에엑,*,*,*,*
에엣,0,0,0,IC,*,T,에엣,*,*,*,*
에엥,0,0,0,IC,*,T,에엥,*,*,*,*
에우,0,0,0,IC,*,F,에우,*,*,*,*
에유,0,0,0,IC,*,F,에유,*,*,*,*
에이,0,0,0,IC,*,F,에이,*,*,*,*
에이고,0,0,0,IC,*,F,에이고,*,*,*,*
에이구,0,0,0,IC,*,F,에이구,*,*,*,*
에이구머니,0,0,0,IC,*,F,에이구머니,*,*,*,*
에이그,0,0,0,IC,*,F,에이그,*,*,*,*
에이끼,0,0,0,IC,*,F,에이끼,*,*,*,*
에이시,0,0,0,IC,*,F,에이시,*,*,*,*
에이쒸,0,0,0,IC,*,F,에이쒸,*,*,*,*
에이씨,0,0,0,IC,*,F,에이씨,*,*,*,*
에이여라,0,0,0,IC,*,F,에이여라,*,*,*,*
에이이,0,0,0,IC,*,F,에이이,*,*,*,*
에이치,0,0,0,IC,*,F,에이치,*,*,*,*
에이히,0,0,0,IC,*,F,에이히,*,*,*,*
에익,0,0,0,IC,*,T,에익,*,*,*,*
에잇,0,0,0,IC,*,T,에잇,*,*,*,*
에잉,0,0,0,IC,*,T,에잉,*,*,*,*
에참,0,0,0,IC,*,T,에참,*,*,*,*
에쿠,0,0,0,IC,*,F,에쿠,*,*,*,*
에쿠나,0,0,0,IC,*,F,에쿠나,*,*,*,*
에쿠쿠,0,0,0,IC,*,F,에쿠쿠,*,*,*,*
에크,0,0,0,IC,*,F,에크,*,*,*,*
에크나,0,0,0,IC,*,F,에크나,*,*,*,*
에키,0,0,0,IC,*,F,에키,*,*,*,*
에헤,0,0,0,IC,*,F,에헤,*,*,*,*
에헤야,0,0,0,IC,*,F,에헤야,*,*,*,*
에헤에,0,0,0,IC,*,F,에헤에,*,*,*,*
에헤에야,0,0,0,IC,*,F,에헤에야,*,*,*,*
에헤잉,0,0,0,IC,*,T,에헤잉,*,*,*,*
에헬렐넬,0,0,0,IC,*,T,에헬렐넬,*,*,*,*
에헴,0,0,0,IC,*,T,에헴,*,*,*,*
에휴,0,0,0,IC,*,F,에휴,*,*,*,*
에휴우,0,0,0,IC,*,F,에휴우,*,*,*,*
에흐,0,0,0,IC,*,F,에흐,*,*,*,*
엑,0,0,0,IC,*,T,엑,*,*,*,*
엘넬넬,0,0,0,IC,*,T,엘넬넬,*,*,*,*
엣,0,0,0,IC,*,T,엣,*,*,*,*
엥,0,0,0,IC,*,T,엥,*,*,*,*
엥이,0,0,0,IC,*,F,엥이,*,*,*,*
여,0,0,0,IC,*,F,여,*,*,*,*
여보,0,0,0,IC,*,F,여보,*,*,*,*
여보게,0,0,0,IC,*,F,여보게,*,*,*,*
여보게나,0,0,0,IC,*,F,여보게나,*,*,*,*
여보게에,0,0,0,IC,*,F,여보게에,*,*,*,*
여보세여,0,0,0,IC,*,F,여보세여,*,*,*,*
여보세요,0,0,0,IC,*,F,여보세요,*,*,*,*
여보셔요,0,0,0,IC,*,F,여보셔요,*,*,*,*
여보셔유,0,0,0,IC,*,F,여보셔유,*,*,*,*
여보소,0,0,0,IC,*,F,여보소,*,*,*,*
여보쇼,0,0,0,IC,*,F,여보쇼,*,*,*,*
여보슈,0,0,0,IC,*,F,여보슈,*,*,*,*
여보시게,0,0,0,IC,*,F,여보시게,*,*,*,*
여보시오,0,0,0,IC,*,F,여보시오,*,*,*,*
여보시요,0,0,0,IC,*,F,여보시요,*,*,*,*
여보십시오,0,0,0,IC,*,F,여보십시오,*,*,*,*
여보오,0,0,0,IC,*,F,여보오,*,*,*,*
여보이소,0,0,0,IC,*,F,여보이소,*,*,*,*
여봐,0,0,0,IC,*,F,여봐,*,*,*,*
여봐라,0,0,0,IC,*,F,여봐라,*,*,*,*
여봐요,0,0,0,IC,*,F,여봐요,*,*,*,*
여부세요,0,0,0,IC,*,F,여부세요,*,*,*,*
여부쇼,0,0,0,IC,*,F,여부쇼,*,*,*,*
여부슈,0,0,0,IC,*,F,여부슈,*,*,*,*
여어,0,0,0,IC,*,F,여어,*,*,*,*
여차,0,0,0,IC,*,F,여차,*,*,*,*
열중셧,0,0,0,IC,*,T,열중셧,*,*,*,*
열중차렷,0,0,0,IC,*,T,열중차렷,*,*,*,*
열차,0,0,0,IC,*,F,열차,*,*,*,*
염병할,0,0,0,IC,*,T,염병할,*,*,*,*
엽세요,0,0,0,IC,*,F,엽세요,*,*,*,*
엿단쇠,0,0,0,IC,*,F,엿단쇠,*,*,*,*
영차,0,0,0,IC,*,F,영차,*,*,*,*
영차영차,0,0,0,IC,*,F,영차영차,*,*,*,*
영치기,0,0,0,IC,*,F,영치기,*,*,*,*
영치기 영차,0,0,0,IC,*,*,영치기 영차,*,*,*,*
예,0,0,0,IC,*,F,예,*,*,*,*
예끼,0,0,0,IC,*,F,예끼,*,*,*,*
예라,0,0,0,IC,*,F,예라,*,*,*,*
예미랄,0,0,0,IC,*,T,예미랄,*,*,*,*
예스,0,0,0,IC,*,F,예스,*,*,*,*
예에,0,0,0,IC,*,F,예에,*,*,*,*
예에끼,0,0,0,IC,*,F,예에끼,*,*,*,*
예에에,0,0,0,IC,*,F,예에에,*,*,*,*
예예,0,0,0,IC,*,F,예예,*,*,*,*
예예예,0,0,0,IC,*,F,예예예,*,*,*,*
예이,0,0,0,IC,*,F,예이,*,*,*,*
옌장,0,0,0,IC,*,T,옌장,*,*,*,*
옘병할,0,0,0,IC,*,T,옘병할,*,*,*,*
옛,0,0,0,IC,*,T,옛,*,*,*,*
옛다,0,0,0,IC,*,F,옛다,*,*,*,*
옛소,0,0,0,IC,*,F,옛소,*,*,*,*
옜네,0,0,0,IC,*,F,옜네,*,*,*,*
옜다,0,0,0,IC,*,F,옜다,*,*,*,*
옜소,0,0,0,IC,*,F,옜소,*,*,*,*
옜습니다,0,0,0,IC,*,F,옜습니다,*,*,*,*
오,0,0,0,IC,*,F,오,*,*,*,*
오냐,0,0,0,IC,*,F,오냐,*,*,*,*
오냐오냐,0,0,0,IC,*,F,오냐오냐,*,*,*,*
오디,0,0,0,IC,*,F,오디,*,*,*,*
오디어,0,0,0,IC,*,F,오디어,*,*,*,*
오라,0,0,0,IC,*,F,오라,*,*,*,*
오라이,0,0,0,IC,*,F,오라이,*,*,*,*
오라잇,0,0,0,IC,*,T,오라잇,*,*,*,*
오라질,0,0,0,IC,*,T,오라질,*,*,*,*
오래오래,0,0,0,IC,*,F,오래오래,*,*,*,*
오마,0,0,0,IC,*,F,오마,*,*,*,*
오마이갓,0,0,0,IC,*,T,오마이갓,*,*,*,*
오매,0,0,0,IC,*,F,오매,*,*,*,*
오매오매,0,0,0,IC,*,F,오매오매,*,*,*,*
오메,0,0,0,IC,*,F,오메,*,*,*,*
오메야,0,0,0,IC,*,F,오메야,*,*,*,*
오바,0,0,0,IC,*,F,오바,*,*,*,*
오야오야,0,0,0,IC,*,F,오야오야,*,*,*,*
오예,0,0,0,IC,*,F,오예,*,*,*,*
오오,0,0,0,IC,*,F,오오,*,*,*,*
오오냐,0,0,0,IC,*,F,오오냐,*,*,*,*
오오라,0,0,0,IC,*,F,오오라,*,*,*,*
오오바,0,0,0,IC,*,F,오오바,*,*,*,*
오오오옹,0,0,0,IC,*,T,오오오옹,*,*,*,*
오오옴,0,0,0,IC,*,T,오오옴,*,*,*,*
오옳아,0,0,0,IC,*,F,오옳아,*,*,*,*
오와,0,0,0,IC,*,F,오와,*,*,*,*
오우,0,0,0,IC,*,F,오우,*,*,*,*
오이,0,0,0,IC,*,F,오이,*,*,*,*
오케,0,0,0,IC,*,F,오케,*,*,*,*
오케이,0,0,0,IC,*,F,오케이,*,*,*,*
오호,0,0,0,IC,*,F,오호,*,*,*,*
오호라,0,0,0,IC,*,F,오호라,*,*,*,*
오호어,0,0,0,IC,*,F,오호어,*,*,*,*
오호오,0,0,0,IC,*,F,오호오,*,*,*,*
온,0,0,0,IC,*,T,온,*,*,*,*
올레,0,0,0,IC,*,F,올레,*,*,*,*
올커니,0,0,0,IC,*,F,올커니,*,*,*,*
올호라,0,0,0,IC,*,F,올호라,*,*,*,*
옳다,0,0,0,IC,*,F,옳다,*,*,*,*
옳다구나,0,0,0,IC,*,F,옳다구나,*,*,*,*
옳소,0,0,0,IC,*,F,옳소,*,*,*,*
옳아,0,0,0,IC,*,F,옳아,*,*,*,*
옳지,0,0,0,IC,*,F,옳지,*,*,*,*
옳치,0,0,0,IC,*,F,옳치,*,*,*,*
옴마,0,0,0,IC,*,F,옴마,*,*,*,*
옴매,0,0,0,IC,*,F,옴매,*,*,*,*
옴브레,0,0,0,IC,*,F,옴브레,*,*,*,*
옵소,0,0,0,IC,*,F,옵소,*,*,*,*
옹야,0,0,0,IC,*,F,옹야,*,*,*,*
옹헤야,0,0,0,IC,*,F,옹헤야,*,*,*,*
와,0,0,0,IC,*,F,와,*,*,*,*
와따,0,0,0,IC,*,F,와따,*,*,*,*
와따매,0,0,0,IC,*,F,와따매,*,*,*,*
와아,0,0,0,IC,*,F,와아,*,*,*,*
와아아,0,0,0,IC,*,F,와아아,*,*,*,*
와예,0,0,0,IC,*,F,와예,*,*,*,*
와우,0,0,0,IC,*,F,와우,*,*,*,*
와이고,0,0,0,IC,*,F,와이고,*,*,*,*
와하,0,0,0,IC,*,F,와하,*,*,*,*
와하하하,0,0,0,IC,*,F,와하하하,*,*,*,*
왓하하,0,0,0,IC,*,F,왓하하,*,*,*,*
왓하하하,0,0,0,IC,*,F,왓하하하,*,*,*,*
왕,0,0,0,IC,*,T,왕,*,*,*,*
왜,0,0,0,IC,*,F,왜,*,*,*,*
왜에,0,0,0,IC,*,F,왜에,*,*,*,*
왝,0,0,0,IC,*,T,왝,*,*,*,*
외이고,0,0,0,IC,*,F,외이고,*,*,*,*
요,0,0,0,IC,*,F,요,*,*,*,*
요런,0,0,0,IC,*,T,요런,*,*,*,*
욧시,0,0,0,IC,*,F,욧시,*,*,*,*
용용,0,0,0,IC,*,T,용용,*,*,*,*
우,0,0,0,IC,*,F,우,*,*,*,*
우겨,0,0,0,IC,*,F,우겨,*,*,*,*
우라질,0,0,0,IC,*,T,우라질,*,*,*,*
우아,0,0,0,IC,*,F,우아,*,*,*,*
우아아아,0,0,0,IC,*,F,우아아아,*,*,*,*
우야꼬,0,0,0,IC,*,F,우야꼬,*,*,*,*
우야노,0,0,0,IC,*,F,우야노,*,*,*,*
우야훨훨,0,0,0,IC,*,T,우야훨훨,*,*,*,*
우어,0,0,0,IC,*,F,우어,*,*,*,*
우여,0,0,0,IC,*,F,우여,*,*,*,*
우예,0,0,0,IC,*,F,우예,*,*,*,*
우와,0,0,0,IC,*,F,우와,*,*,*,*
우와앙,0,0,0,IC,*,T,우와앙,*,*,*,*
우우,0,0,0,IC,*,F,우우,*,*,*,*
우우아아아아아아,0,0,0,IC,*,F,우우아아아아아아,*,*,*,*
우우아아아아아아아아아,0,0,0,IC,*,F,우우아아아아아아아아아,*,*,*,*
우우우우,0,0,0,IC,*,F,우우우우,*,*,*,*
우우우우아아아아,0,0,0,IC,*,F,우우우우아아아아,*,*,*,*
우우우우아아아아아아아,0,0,0,IC,*,F,우우우우아아아아아아아,*,*,*,*
우우우우우아아아아아,0,0,0,IC,*,F,우우우우우아아아아아,*,*,*,*
우욱,0,0,0,IC,*,T,우욱,*,*,*,*
우웨엑,0,0,0,IC,*,T,우웨엑,*,*,*,*
우윽,0,0,0,IC,*,T,우윽,*,*,*,*
우이,0,0,0,IC,*,F,우이,*,*,*,*
우이씨,0,0,0,IC,*,F,우이씨,*,*,*,*
우째,0,0,0,IC,*,F,우째,*,*,*,*
우하,0,0,0,IC,*,F,우하,*,*,*,*
우하하하,0,0,0,IC,*,F,우하하하,*,*,*,*
우해해해,0,0,0,IC,*,F,우해해해,*,*,*,*
우헤우헤우헤헤,0,0,0,IC,*,F,우헤우헤우헤헤,*,*,*,*
우헤헤헤,0,0,0,IC,*,F,우헤헤헤,*,*,*,*
우화,0,0,0,IC,*,F,우화,*,*,*,*
우후,0,0,0,IC,*,F,우후,*,*,*,*
우후후,0,0,0,IC,*,F,우후후,*,*,*,*
우후후후,0,0,0,IC,*,F,우후후후,*,*,*,*
우히히히,0,0,0,IC,*,F,우히히히,*,*,*,*
욱,0,0,0,IC,*,T,욱,*,*,*,*
욱욱,0,0,0,IC,*,T,욱욱,*,*,*,*
움,0,0,0,IC,*,T,움,*,*,*,*
움쓰,0,0,0,IC,*,F,움쓰,*,*,*,*
움하하하,0,0,0,IC,*,F,움하하하,*,*,*,*
웁웁,0,0,0,IC,*,T,웁웁,*,*,*,*
웅,0,0,0,IC,*,T,웅,*,*,*,*
워,0,0,0,IC,*,F,워,*,*,*,*
워디,0,0,0,IC,*,F,워디,*,*,*,*
워디워디워디,0,0,0,IC,*,F,워디워디워디,*,*,*,*
워라,0,0,0,IC,*,F,워라,*,*,*,*
워리,0,0,0,IC,*,F,워리,*,*,*,*
워매,0,0,0,IC,*,F,워매,*,*,*,*
워메,0,0,0,IC,*,F,워메,*,*,*,*
워어리,0,0,0,IC,*,F,워어리,*,*,*,*
워어이,0,0,0,IC,*,F,워어이,*,*,*,*
워워,0,0,0,IC,*,F,워워,*,*,*,*
워워워,0,0,0,IC,*,F,워워워,*,*,*,*
원,0,0,0,IC,*,T,원,*,*,*,*
웬,0,0,0,IC,*,T,웬,*,*,*,*
웬걸,0,0,0,IC,*,T,웬걸,*,*,*,*
웬걸요,0,0,0,IC,*,F,웬걸요,*,*,*,*
위,0,0,0,IC,*,F,위,*,*,*,*
위여차,0,0,0,IC,*,F,위여차,*,*,*,*
위이,0,0,0,IC,*,F,위이,*,*,*,*
유,0,0,0,IC,*,F,유,*,*,*,*
육시랄,0,0,0,IC,*,T,육시랄,*,*,*,*
육시랄놈들,0,0,0,IC,*,T,육시랄놈들,*,*,*,*
으,0,0,0,IC,*,F,으,*,*,*,*
으라차차차,0,0,0,IC,*,F,으라차차차,*,*,*,*
으르릉,0,0,0,IC,*,T,으르릉,*,*,*,*
으매,0,0,0,IC,*,F,으매,*,*,*,*
으미,0,0,0,IC,*,F,으미,*,*,*,*
으싸,0,0,0,IC,*,F,으싸,*,*,*,*
으쌰,0,0,0,IC,*,F,으쌰,*,*,*,*
으씨,0,0,0,IC,*,F,으씨,*,*,*,*
으아,0,0,0,IC,*,F,으아,*,*,*,*
으아아,0,0,0,IC,*,F,으아아,*,*,*,*
으아아아,0,0,0,IC,*,F,으아아아,*,*,*,*
으아아아아,0,0,0,IC,*,F,으아아아아,*,*,*,*
으아아아악,0,0,0,IC,*,T,으아아아악,*,*,*,*
으아아악,0,0,0,IC,*,T,으아아악,*,*,*,*
으아악,0,0,0,IC,*,T,으아악,*,*,*,*
으악,0,0,0,IC,*,T,으악,*,*,*,*
으앗,0,0,0,IC,*,T,으앗,*,*,*,*
으앙,0,0,0,IC,*,T,으앙,*,*,*,*
으앙앙,0,0,0,IC,*,T,으앙앙,*,*,*,*
으앙앙앙,0,0,0,IC,*,T,으앙앙앙,*,*,*,*
으어,0,0,0,IC,*,F,으어,*,*,*,*
으엉,0,0,0,IC,*,T,으엉,*,*,*,*
으에잇,0,0,0,IC,*,T,으에잇,*,*,*,*
으와,0,0,0,IC,*,F,으와,*,*,*,*
으웩,0,0,0,IC,*,T,으웩,*,*,*,*
으유,0,0,0,IC,*,F,으유,*,*,*,*
으으,0,0,0,IC,*,F,으으,*,*,*,*
으으아아,0,0,0,IC,*,F,으으아아,*,*,*,*
으으으,0,0,0,IC,*,F,으으으,*,*,*,*
으으으아악,0,0,0,IC,*,T,으으으아악,*,*,*,*
으으으으,0,0,0,IC,*,F,으으으으,*,*,*,*
으으으으아아아아아아,0,0,0,IC,*,F,으으으으아아아아아아,*,*,*,*
으으으으아아아아아아아,0,0,0,IC,*,F,으으으으아아아아아아아,*,*,*,*
으으으으으,0,0,0,IC,*,F,으으으으으,*,*,*,*
으으으으으아아아아아아,0,0,0,IC,*,F,으으으으으아아아아아아,*,*,*,*
으으으으으으으,0,0,0,IC,*,F,으으으으으으으,*,*,*,*
으으윽,0,0,0,IC,*,T,으으윽,*,*,*,*
으으음,0,0,0,IC,*,T,으으음,*,*,*,*
으으응,0,0,0,IC,*,T,으으응,*,*,*,*
으으헉,0,0,0,IC,*,T,으으헉,*,*,*,*
으으흐흐흐,0,0,0,IC,*,F,으으흐흐흐,*,*,*,*
으윽,0,0,0,IC,*,T,으윽,*,*,*,*
으음,0,0,0,IC,*,T,으음,*,*,*,*
으음으음으,0,0,0,IC,*,F,으음으음으,*,*,*,*
으읏,0,0,0,IC,*,T,으읏,*,*,*,*
으응,0,0,0,IC,*,T,으응,*,*,*,*
으응응,0,0,0,IC,*,T,으응응,*,*,*,*
으이,0,0,0,IC,*,F,으이,*,*,*,*
으이고,0,0,0,IC,*,F,으이고,*,*,*,*
으이구,0,0,0,IC,*,F,으이구,*,*,*,*
으이그,0,0,0,IC,*,F,으이그,*,*,*,*
으이씨,0,0,0,IC,*,F,으이씨,*,*,*,*
으이휴,0,0,0,IC,*,F,으이휴,*,*,*,*
으잉,0,0,0,IC,*,T,으잉,*,*,*,*
으째,0,0,0,IC,*,F,으째,*,*,*,*
으카카카,0,0,0,IC,*,F,으카카카,*,*,*,*
으크크,0,0,0,IC,*,F,으크크,*,*,*,*
으하하,0,0,0,IC,*,F,으하하,*,*,*,*
으하하하,0,0,0,IC,*,F,으하하하,*,*,*,*
으핫핫핫,0,0,0,IC,*,T,으핫핫핫,*,*,*,*
으허허,0,0,0,IC,*,F,으허허,*,*,*,*
으헉,0,0,0,IC,*,T,으헉,*,*,*,*
으헤헤,0,0,0,IC,*,F,으헤헤,*,*,*,*
으휴,0,0,0,IC,*,F,으휴,*,*,*,*
으흐,0,0,0,IC,*,F,으흐,*,*,*,*
으흐으,0,0,0,IC,*,F,으흐으,*,*,*,*
으흐음,0,0,0,IC,*,T,으흐음,*,*,*,*
으흐흐,0,0,0,IC,*,F,으흐흐,*,*,*,*
으흐흐흐,0,0,0,IC,*,F,으흐흐흐,*,*,*,*
으흐흐흑,0,0,0,IC,*,T,으흐흐흑,*,*,*,*
으흐흐흠,0,0,0,IC,*,T,으흐흐흠,*,*,*,*
으흐흑,0,0,0,IC,*,T,으흐흑,*,*,*,*
으흐흑으,0,0,0,IC,*,F,으흐흑으,*,*,*,*
으흑,0,0,0,IC,*,T,으흑,*,*,*,*
으흑으으,0,0,0,IC,*,F,으흑으으,*,*,*,*
으흠,0,0,0,IC,*,T,으흠,*,*,*,*
으흠으흠,0,0,0,IC,*,T,으흠으흠,*,*,*,*
으흥,0,0,0,IC,*,T,으흥,*,*,*,*
으히히히히,0,0,0,IC,*,F,으히히히히,*,*,*,*
윽,0,0,0,IC,*,T,윽,*,*,*,*
윽윽,0,0,0,IC,*,T,윽윽,*,*,*,*
은냐,0,0,0,IC,*,F,은냐,*,*,*,*
을래,0,0,0,IC,*,F,을래,*,*,*,*
을레,0,0,0,IC,*,F,을레,*,*,*,*
음,0,0,0,IC,*,T,음,*,*,*,*
음냐,0,0,0,IC,*,F,음냐,*,*,*,*
음으으음,0,0,0,IC,*,T,음으으음,*,*,*,*
음음,0,0,0,IC,*,T,음음,*,*,*,*
음음음,0,0,0,IC,*,T,음음음,*,*,*,*
음음음음,0,0,0,IC,*,T,음음음음,*,*,*,*
음음음음음,0,0,0,IC,*,T,음음음음음,*,*,*,*
읍,0,0,0,IC,*,T,읍,*,*,*,*
응,0,0,0,IC,*,T,응,*,*,*,*
응가,0,0,0,IC,*,F,응가,*,*,*,*
응야,0,0,0,IC,*,F,응야,*,*,*,*
응으흐흐,0,0,0,IC,*,F,응으흐흐,*,*,*,*
응응,0,0,0,IC,*,T,응응,*,*,*,*
응응응,0,0,0,IC,*,T,응응응,*,*,*,*
이,0,0,0,IC,*,F,이,*,*,*,*
이거,0,0,0,IC,*,F,이거,*,*,*,*
이구,0,0,0,IC,*,F,이구,*,*,*,*
이그,0,0,0,IC,*,F,이그,*,*,*,*
이끼,0,0,0,IC,*,F,이끼,*,*,*,*
이끼나,0,0,0,IC,*,F,이끼나,*,*,*,*
이라,0,0,0,IC,*,F,이라,*,*,*,*
이래,0,0,0,IC,*,F,이래,*,*,*,*
이랴,0,0,0,IC,*,F,이랴,*,*,*,*
이랴이랴,0,0,0,IC,*,F,이랴이랴,*,*,*,*
이랴이랴이랴,0,0,0,IC,*,F,이랴이랴이랴,*,*,*,*
이러,0,0,0,IC,*,F,이러,*,*,*,*
이러언,0,0,0,IC,*,T,이러언,*,*,*,*
이런,0,0,0,IC,*,T,이런,*,*,*,*
이바라,0,0,0,IC,*,F,이바라,*,*,*,*
이보,0,0,0,IC,*,F,이보,*,*,*,*
이보게,0,0,0,IC,*,F,이보게,*,*,*,*
이보세요,0,0,0,IC,*,F,이보세요,*,*,*,*
이보쇼,0,0,0,IC,*,F,이보쇼,*,*,*,*
이보슈,0,0,0,IC,*,F,이보슈,*,*,*,*
이보시라우야,0,0,0,IC,*,F,이보시라우야,*,*,*,*
이보시오,0,0,0,IC,*,F,이보시오,*,*,*,*
이보오,0,0,0,IC,*,F,이보오,*,*,*,*
이봐,0,0,0,IC,*,F,이봐,*,*,*,*
이봐라,0,0,0,IC,*,F,이봐라,*,*,*,*
이봐요,0,0,0,IC,*,F,이봐요,*,*,*,*
이새꺄,0,0,0,IC,*,F,이새꺄,*,*,*,*
이씨,0,0,0,IC,*,F,이씨,*,*,*,*
이아,0,0,0,IC,*,F,이아,*,*,*,*
이애,0,0,0,IC,*,F,이애,*,*,*,*
이야,0,0,0,IC,*,F,이야,*,*,*,*
이야차,0,0,0,IC,*,F,이야차,*,*,*,*
이어구,0,0,0,IC,*,F,이어구,*,*,*,*
이여차,0,0,0,IC,*,F,이여차,*,*,*,*
이영차,0,0,0,IC,*,F,이영차,*,*,*,*
이예,0,0,0,IC,*,F,이예,*,*,*,*
이웨,0,0,0,IC,*,F,이웨,*,*,*,*
이잉,0,0,0,IC,*,T,이잉,*,*,*,*
이제,0,0,0,IC,*,F,이제,*,*,*,*
이크,0,0,0,IC,*,F,이크,*,*,*,*
이크나,0,0,0,IC,*,F,이크나,*,*,*,*
이크크,0,0,0,IC,*,F,이크크,*,*,*,*
이키,0,0,0,IC,*,F,이키,*,*,*,*
이휴,0,0,0,IC,*,F,이휴,*,*,*,*
이히,0,0,0,IC,*,F,이히,*,*,*,*
이히히히,0,0,0,IC,*,F,이히히히,*,*,*,*
이히힛,0,0,0,IC,*,T,이히힛,*,*,*,*
익,0,0,0,IC,*,T,익,*,*,*,*
익크크,0,0,0,IC,*,F,익크크,*,*,*,*
인까,0,0,0,IC,*,F,인까,*,*,*,*
인마,0,0,0,IC,*,F,인마,*,*,*,*
인자,0,0,0,IC,*,F,인자,*,*,*,*
인제,0,0,0,IC,*,F,인제,*,*,*,*
임마,0,0,0,IC,*,F,임마,*,*,*,*
잉,0,0,0,IC,*,T,잉,*,*,*,*
잉잉잉잉,0,0,0,IC,*,T,잉잉잉잉,*,*,*,*
자,0,0,0,IC,*,F,자,*,*,*,*
자꾸,0,0,0,IC,*,F,자꾸,*,*,*,*
자라,0,0,0,IC,*,F,자라,*,*,*,*
자아,0,0,0,IC,*,F,자아,*,*,*,*
자자,0,0,0,IC,*,F,자자,*,*,*,*
자자자,0,0,0,IC,*,F,자자자,*,*,*,*
자장자장,0,0,0,IC,*,T,자장자장,*,*,*,*
장군,0,0,0,IC,*,T,장군,*,*,*,*
저,0,0,0,IC,*,F,저,*,*,*,*
저거,0,0,0,IC,*,F,저거,*,*,*,*
저게,0,0,0,IC,*,F,저게,*,*,*,*
저그,0,0,0,IC,*,F,저그,*,*,*,*
저기,0,0,0,IC,*,F,저기,*,*,*,*
저기요,0,0,0,IC,*,F,저기요,*,*,*,*
저런,0,0,0,IC,*,T,저런,*,*,*,*
저어,0,0,0,IC,*,F,저어,*,*,*,*
저어기,0,0,0,IC,*,F,저어기,*,*,*,*
저째,0,0,0,IC,*,F,저째,*,*,*,*
절씨구,0,0,0,IC,*,F,절씨구,*,*,*,*
절씨구나,0,0,0,IC,*,F,절씨구나,*,*,*,*
정말,0,0,0,IC,*,T,정말,*,*,*,*
제,0,0,0,IC,*,F,제,*,*,*,*
제그랄,0,0,0,IC,*,T,제그랄,*,*,*,*
제기,0,0,0,IC,*,F,제기,*,*,*,*
제기랄,0,0,0,IC,*,T,제기랄,*,*,*,*
제기럴,0,0,0,IC,*,T,제기럴,*,*,*,*
제길,0,0,0,IC,*,T,제길,*,*,*,*
제길할,0,0,0,IC,*,T,제길할,*,*,*,*
제길헐,0,0,0,IC,*,T,제길헐,*,*,*,*
제미,0,0,0,IC,*,F,제미,*,*,*,*
제미랄,0,0,0,IC,*,T,제미랄,*,*,*,*
제미럴,0,0,0,IC,*,T,제미럴,*,*,*,*
제미붙을,0,0,0,IC,*,T,제미붙을,*,*,*,*
제밀할,0,0,0,IC,*,T,제밀할,*,*,*,*
제에기,0,0,0,IC,*,F,제에기,*,*,*,*
제에길,0,0,0,IC,*,T,제에길,*,*,*,*
제엔장,0,0,0,IC,*,T,제엔장,*,*,*,*
젠장,0,0,0,IC,*,T,젠장,*,*,*,*
젠장맞을,0,0,0,IC,*,T,젠장맞을,*,*,*,*
젠장할,0,0,0,IC,*,T,젠장할,*,*,*,*
젠장헐,0,0,0,IC,*,T,젠장헐,*,*,*,*
젠젱,0,0,0,IC,*,T,젠젱,*,*,*,*
조또,0,0,0,IC,*,F,조또,*,*,*,*
조오또,0,0,0,IC,*,F,조오또,*,*,*,*
좀,0,0,0,IC,*,T,좀,*,*,*,*
좋아,0,0,0,IC,*,F,좋아,*,*,*,*
좋아요,0,0,0,IC,*,F,좋아요,*,*,*,*
죄암죄암,0,0,0,IC,*,T,죄암죄암,*,*,*,*
죄죄,0,0,0,IC,*,F,죄죄,*,*,*,*
죔죔,0,0,0,IC,*,T,죔죔,*,*,*,*
쥐뿔,0,0,0,IC,*,T,쥐뿔,*,*,*,*
쥐엄쥐엄,0,0,0,IC,*,T,쥐엄쥐엄,*,*,*,*
즐,0,0,0,IC,*,T,즐,*,*,*,*
지,0,0,0,IC,*,F,지,*,*,*,*
지금,0,0,0,IC,*,T,지금,*,*,*,*
지기랄,0,0,0,IC,*,T,지기랄,*,*,*,*
지기미,0,0,0,IC,*,F,지기미,*,*,*,*
지르르륵,0,0,0,IC,*,T,지르르륵,*,*,*,*
지미,0,0,0,IC,*,F,지미,*,*,*,*
지미씨팔,0,0,0,IC,*,T,지미씨팔,*,*,*,*
지화자,0,0,0,IC,*,F,지화자,*,*,*,*
짜샤,0,0,0,IC,*,F,짜샤,*,*,*,*
짜식,0,0,0,IC,*,T,짜식,*,*,*,*
짜자짜자짠짠,0,0,0,IC,*,T,짜자짜자짠짠,*,*,*,*
짝짜꿍짝짜꿍,0,0,0,IC,*,T,짝짜꿍짝짜꿍,*,*,*,*
짠,0,0,0,IC,*,T,짠,*,*,*,*
짹쪼그르짹쪼그르,0,0,0,IC,*,F,짹쪼그르짹쪼그르,*,*,*,*
쩌,0,0,0,IC,*,F,쩌,*,*,*,*
쩟,0,0,0,IC,*,T,쩟,*,*,*,*
쯔쯔,0,0,0,IC,*,F,쯔쯔,*,*,*,*
쯔쯔쯔,0,0,0,IC,*,F,쯔쯔쯔,*,*,*,*
쯔쯔쯔쯧,0,0,0,IC,*,T,쯔쯔쯔쯧,*,*,*,*
쯔쯔쯧,0,0,0,IC,*,T,쯔쯔쯧,*,*,*,*
쯔쯧,0,0,0,IC,*,T,쯔쯧,*,*,*,*
쯔쯧쯧,0,0,0,IC,*,T,쯔쯧쯧,*,*,*,*
쯥,0,0,0,IC,*,T,쯥,*,*,*,*
쯧,0,0,0,IC,*,T,쯧,*,*,*,*
쯧쯧,0,0,0,IC,*,T,쯧쯧,*,*,*,*
쯧쯧쯧,0,0,0,IC,*,T,쯧쯧쯧,*,*,*,*
쯧쯧쯧쯧,0,0,0,IC,*,T,쯧쯧쯧쯧,*,*,*,*
찌찌뽕,0,0,0,IC,*,T,찌찌뽕,*,*,*,*
찟,0,0,0,IC,*,T,찟,*,*,*,*
차,0,0,0,IC,*,F,차,*,*,*,*
차려,0,0,0,IC,*,F,차려,*,*,*,*
차렷,0,0,0,IC,*,T,차렷,*,*,*,*
차암,0,0,0,IC,*,T,차암,*,*,*,*
참,0,0,0,IC,*,T,참,*,*,*,*
참나,0,0,0,IC,*,F,참나,*,*,*,*
참내,0,0,0,IC,*,F,참내,*,*,*,*
찻,0,0,0,IC,*,T,찻,*,*,*,*
처,0,0,0,IC,*,F,처,*,*,*,*
처어,0,0,0,IC,*,F,처어,*,*,*,*
천만에,0,0,0,IC,*,F,천만에,*,*,*,*
천만에요,0,0,0,IC,*,F,천만에요,*,*,*,*
체,0,0,0,IC,*,F,체,*,*,*,*
쳇,0,0,0,IC,*,T,쳇,*,*,*,*
츠,0,0,0,IC,*,F,츠,*,*,*,*
츠츠츠,0,0,0,IC,*,F,츠츠츠,*,*,*,*
치,0,0,0,IC,*,F,치,*,*,*,*
치이,0,0,0,IC,*,F,치이,*,*,*,*
칫,0,0,0,IC,*,T,칫,*,*,*,*
카,0,0,0,IC,*,F,카,*,*,*,*
카라카라,0,0,0,IC,*,F,카라카라,*,*,*,*
칵,0,0,0,IC,*,T,칵,*,*,*,*
캐캐,0,0,0,IC,*,F,캐캐,*,*,*,*
캐캐캐,0,0,0,IC,*,F,캐캐캐,*,*,*,*
캬,0,0,0,IC,*,F,캬,*,*,*,*
커,0,0,0,IC,*,F,커,*,*,*,*
컥,0,0,0,IC,*,T,컥,*,*,*,*
컹컹컹,0,0,0,IC,*,T,컹컹컹,*,*,*,*
케,0,0,0,IC,*,F,케,*,*,*,*
케에엑,0,0,0,IC,*,T,케에엑,*,*,*,*
켁켁,0,0,0,IC,*,T,켁켁,*,*,*,*
콩콩콩,0,0,0,IC,*,T,콩콩콩,*,*,*,*
쿵깨내,0,0,0,IC,*,F,쿵깨내,*,*,*,*
쿵쿵쿵,0,0,0,IC,*,T,쿵쿵쿵,*,*,*,*
크,0,0,0,IC,*,F,크,*,*,*,*
크으,0,0,0,IC,*,F,크으,*,*,*,*
크윽,0,0,0,IC,*,T,크윽,*,*,*,*
크이,0,0,0,IC,*,F,크이,*,*,*,*
크크,0,0,0,IC,*,F,크크,*,*,*,*
크흐,0,0,0,IC,*,F,크흐,*,*,*,*
크흐음,0,0,0,IC,*,T,크흐음,*,*,*,*
크흐흐,0,0,0,IC,*,F,크흐흐,*,*,*,*
큭큭,0,0,0,IC,*,T,큭큭,*,*,*,*
클클클,0,0,0,IC,*,T,클클클,*,*,*,*
키킬킬킬,0,0,0,IC,*,T,키킬킬킬,*,*,*,*
킥,0,0,0,IC,*,T,킥,*,*,*,*
킥킥킥,0,0,0,IC,*,T,킥킥킥,*,*,*,*
킬킬,0,0,0,IC,*,T,킬킬,*,*,*,*
톡톡톡,0,0,0,IC,*,T,톡톡톡,*,*,*,*
팅,0,0,0,IC,*,T,팅,*,*,*,*
팅팅팅,0,0,0,IC,*,T,팅팅팅,*,*,*,*
팅팅팅팅팅팅,0,0,0,IC,*,T,팅팅팅팅팅팅,*,*,*,*
팅팅팅팅팅팅팅팅팅팅,0,0,0,IC,*,T,팅팅팅팅팅팅팅팅팅팅,*,*,*,*
파이팅,0,0,0,IC,*,T,파이팅,*,*,*,*
파퍄,0,0,0,IC,*,F,파퍄,*,*,*,*
팔,0,0,0,IC,*,T,팔,*,*,*,*
퍼펴,0,0,0,IC,*,F,퍼펴,*,*,*,*
퍽퍽,0,0,0,IC,*,T,퍽퍽,*,*,*,*
퍽퍽퍽,0,0,0,IC,*,T,퍽퍽퍽,*,*,*,*
퍽퍽퍽퍽,0,0,0,IC,*,T,퍽퍽퍽퍽,*,*,*,*
포표,0,0,0,IC,*,F,포표,*,*,*,*
푸,0,0,0,IC,*,F,푸,*,*,*,*
푸우,0,0,0,IC,*,F,푸우,*,*,*,*
푸퓨,0,0,0,IC,*,F,푸퓨,*,*,*,*
푸하하,0,0,0,IC,*,F,푸하하,*,*,*,*
푸하하하,0,0,0,IC,*,F,푸하하하,*,*,*,*
푸핫,0,0,0,IC,*,T,푸핫,*,*,*,*
풋,0,0,0,IC,*,T,풋,*,*,*,*
퓽,0,0,0,IC,*,T,퓽,*,*,*,*
프피,0,0,0,IC,*,F,프피,*,*,*,*
피,0,0,0,IC,*,F,피,*,*,*,*
피이,0,0,0,IC,*,F,피이,*,*,*,*
픽,0,0,0,IC,*,T,픽,*,*,*,*
하,0,0,0,IC,*,F,하,*,*,*,*
하마,0,0,0,IC,*,F,하마,*,*,*,*
하모,0,0,0,IC,*,F,하모,*,*,*,*
하무요,0,0,0,IC,*,F,하무요,*,*,*,*
하뿔싸,0,0,0,IC,*,F,하뿔싸,*,*,*,*
하아,0,0,0,IC,*,F,하아,*,*,*,*
하야,0,0,0,IC,*,F,하야,*,*,*,*
하오,0,0,0,IC,*,F,하오,*,*,*,*
하우,0,0,0,IC,*,F,하우,*,*,*,*
하유,0,0,0,IC,*,F,하유,*,*,*,*
하이,0,0,0,IC,*,F,하이,*,*,*,*
하이고,0,0,0,IC,*,F,하이고,*,*,*,*
하이고야,0,0,0,IC,*,F,하이고야,*,*,*,*
하이구,0,0,0,IC,*,F,하이구,*,*,*,*
하이구야,0,0,0,IC,*,F,하이구야,*,*,*,*
하이구우,0,0,0,IC,*,F,하이구우,*,*,*,*
하이참,0,0,0,IC,*,T,하이참,*,*,*,*
하쭈,0,0,0,IC,*,F,하쭈,*,*,*,*
하하,0,0,0,IC,*,F,하하,*,*,*,*
하하이,0,0,0,IC,*,F,하하이,*,*,*,*
하하하,0,0,0,IC,*,F,하하하,*,*,*,*
하하하하,0,0,0,IC,*,F,하하하하,*,*,*,*
하하하하하,0,0,0,IC,*,F,하하하하하,*,*,*,*
하하하하하하,0,0,0,IC,*,F,하하하하하하,*,*,*,*
하하핫,0,0,0,IC,*,T,하하핫,*,*,*,*
하핫,0,0,0,IC,*,T,하핫,*,*,*,*
하효,0,0,0,IC,*,F,하효,*,*,*,*
하후,0,0,0,IC,*,F,하후,*,*,*,*
하휴,0,0,0,IC,*,F,하휴,*,*,*,*
한,0,0,0,IC,*,T,한,*,*,*,*
한참,0,0,0,IC,*,T,한참,*,*,*,*
합,0,0,0,IC,*,T,합,*,*,*,*
합두,0,0,0,IC,*,F,합두,*,*,*,*
핫,0,0,0,IC,*,T,핫,*,*,*,*
핫하하,0,0,0,IC,*,F,핫하하,*,*,*,*
핫하하하,0,0,0,IC,*,F,핫하하하,*,*,*,*
핫핫,0,0,0,IC,*,T,핫핫,*,*,*,*
핫핫핫,0,0,0,IC,*,T,핫핫핫,*,*,*,*
해,0,0,0,IC,*,F,해,*,*,*,*
해해해,0,0,0,IC,*,F,해해해,*,*,*,*
햇,0,0,0,IC,*,T,햇,*,*,*,*
행이,0,0,0,IC,*,F,행이,*,*,*,*
햐,0,0,0,IC,*,F,햐,*,*,*,*
햐아,0,0,0,IC,*,F,햐아,*,*,*,*
허,0,0,0,IC,*,F,허,*,*,*,*
허걱,0,0,0,IC,*,T,허걱,*,*,*,*
허기야,0,0,0,IC,*,F,허기야,*,*,*,*
허뿔싸,0,0,0,IC,*,F,허뿔싸,*,*,*,*
허어,0,0,0,IC,*,F,허어,*,*,*,*
허억,0,0,0,IC,*,T,허억,*,*,*,*
허우,0,0,0,IC,*,F,허우,*,*,*,*
허이,0,0,0,IC,*,F,허이,*,*,*,*
허이구,0,0,0,IC,*,F,허이구,*,*,*,*
허이그,0,0,0,IC,*,F,허이그,*,*,*,*
허참,0,0,0,IC,*,T,허참,*,*,*,*
허허,0,0,0,IC,*,F,허허,*,*,*,*
허허허,0,0,0,IC,*,F,허허허,*,*,*,*
허허허허,0,0,0,IC,*,F,허허허허,*,*,*,*
허허헉,0,0,0,IC,*,T,허허헉,*,*,*,*
헉,0,0,0,IC,*,T,헉,*,*,*,*
헉헉,0,0,0,IC,*,T,헉헉,*,*,*,*
헌데,0,0,0,IC,*,F,헌데,*,*,*,*
험,0,0,0,IC,*,T,험,*,*,*,*
헛,0,0,0,IC,*,T,헛,*,*,*,*
헛허,0,0,0,IC,*,F,헛허,*,*,*,*
헛허허,0,0,0,IC,*,F,헛허허,*,*,*,*
헛헛,0,0,0,IC,*,T,헛헛,*,*,*,*
헛헛헛,0,0,0,IC,*,T,헛헛헛,*,*,*,*
헤,0,0,0,IC,*,F,헤,*,*,*,*
헤에,0,0,0,IC,*,F,헤에,*,*,*,*
헤에야,0,0,0,IC,*,F,헤에야,*,*,*,*
헤에헤,0,0,0,IC,*,F,헤에헤,*,*,*,*
헤이,0,0,0,IC,*,F,헤이,*,*,*,*
헤이야,0,0,0,IC,*,F,헤이야,*,*,*,*
헤헤,0,0,0,IC,*,F,헤헤,*,*,*,*
헤헤헤,0,0,0,IC,*,F,헤헤헤,*,*,*,*
헤헤헤헤,0,0,0,IC,*,F,헤헤헤헤,*,*,*,*
헥,0,0,0,IC,*,T,헥,*,*,*,*
헬로우,0,0,0,IC,*,F,헬로우,*,*,*,*
헴,0,0,0,IC,*,T,헴,*,*,*,*
헹,0,0,0,IC,*,T,헹,*,*,*,*
호,0,0,0,IC,*,F,호,*,*,*,*
호오,0,0,0,IC,*,F,호오,*,*,*,*
호호,0,0,0,IC,*,F,호호,*,*,*,*
호호호,0,0,0,IC,*,F,호호호,*,*,*,*
호호호호,0,0,0,IC,*,F,호호호호,*,*,*,*
화,0,0,0,IC,*,F,화,*,*,*,*
화악,0,0,0,IC,*,T,화악,*,*,*,*
화이팅,0,0,0,IC,*,T,화이팅,*,*,*,*
확,0,0,0,IC,*,T,확,*,*,*,*
후,0,0,0,IC,*,F,후,*,*,*,*
후아아아아암,0,0,0,IC,*,T,후아아아아암,*,*,*,*
후여,0,0,0,IC,*,F,후여,*,*,*,*
후우,0,0,0,IC,*,F,후우,*,*,*,*
후우우,0,0,0,IC,*,F,후우우,*,*,*,*
후우우우,0,0,0,IC,*,F,후우우우,*,*,*,*
후유,0,0,0,IC,*,F,후유,*,*,*,*
후음,0,0,0,IC,*,T,후음,*,*,*,*
후이,0,0,0,IC,*,F,후이,*,*,*,*
후후,0,0,0,IC,*,F,후후,*,*,*,*
후후후,0,0,0,IC,*,F,후후후,*,*,*,*
후후훗,0,0,0,IC,*,T,후후훗,*,*,*,*
후훗,0,0,0,IC,*,T,후훗,*,*,*,*
훗,0,0,0,IC,*,T,훗,*,*,*,*
훠이,0,0,0,IC,*,F,훠이,*,*,*,*
훠이훠이,0,0,0,IC,*,F,훠이훠이,*,*,*,*
휘여,0,0,0,IC,*,F,휘여,*,*,*,*
휴,0,0,0,IC,*,F,휴,*,*,*,*
휴우,0,0,0,IC,*,F,휴우,*,*,*,*
휴유,0,0,0,IC,*,F,휴유,*,*,*,*
흐,0,0,0,IC,*,F,흐,*,*,*,*
흐두두두둑,0,0,0,IC,*,T,흐두두두둑,*,*,*,*
흐미,0,0,0,IC,*,F,흐미,*,*,*,*
흐으,0,0,0,IC,*,F,흐으,*,*,*,*
흐으읍,0,0,0,IC,*,T,흐으읍,*,*,*,*
흐윽,0,0,0,IC,*,T,흐윽,*,*,*,*
흐음,0,0,0,IC,*,T,흐음,*,*,*,*
흐읍,0,0,0,IC,*,T,흐읍,*,*,*,*
흐응,0,0,0,IC,*,T,흐응,*,*,*,*
흐하하,0,0,0,IC,*,F,흐하하,*,*,*,*
흐훗,0,0,0,IC,*,T,흐훗,*,*,*,*
흐흐,0,0,0,IC,*,F,흐흐,*,*,*,*
흐흐흐,0,0,0,IC,*,F,흐흐흐,*,*,*,*
흐흐흐흐,0,0,0,IC,*,F,흐흐흐흐,*,*,*,*
흐흐흐흐흐,0,0,0,IC,*,F,흐흐흐흐흐,*,*,*,*
흐흐흐흣,0,0,0,IC,*,T,흐흐흐흣,*,*,*,*
흐흐흑,0,0,0,IC,*,T,흐흐흑,*,*,*,*
흐흑,0,0,0,IC,*,T,흐흑,*,*,*,*
흐흠,0,0,0,IC,*,T,흐흠,*,*,*,*
흐흥,0,0,0,IC,*,T,흐흥,*,*,*,*
흑,0,0,0,IC,*,T,흑,*,*,*,*
흑흑,0,0,0,IC,*,T,흑흑,*,*,*,*
흑흑흑,0,0,0,IC,*,T,흑흑흑,*,*,*,*
흑흑흑흑,0,0,0,IC,*,T,흑흑흑흑,*,*,*,*
흠,0,0,0,IC,*,T,흠,*,*,*,*
흠흠,0,0,0,IC,*,T,흠흠,*,*,*,*
흡,0,0,0,IC,*,T,흡,*,*,*,*
흥,0,0,0,IC,*,T,흥,*,*,*,*
희희희,0,0,0,IC,*,F,희희희,*,*,*,*
히,0,0,0,IC,*,F,히,*,*,*,*
히야,0,0,0,IC,*,F,히야,*,*,*,*
히이,0,0,0,IC,*,F,히이,*,*,*,*
히잉,0,0,0,IC,*,T,히잉,*,*,*,*
히히,0,0,0,IC,*,F,히히,*,*,*,*
히히히,0,0,0,IC,*,F,히히히,*,*,*,*
히히히이,0,0,0,IC,*,F,히히히이,*,*,*,*
히히히히,0,0,0,IC,*,F,히히히히,*,*,*,*
히히히히히,0,0,0,IC,*,F,히히히히히,*,*,*,*
히히히히히히히히,0,0,0,IC,*,F,히히히히히히히히,*,*,*,*
히히힛,0,0,0,IC,*,T,히히힛,*,*,*,*
히힛,0,0,0,IC,*,T,히힛,*,*,*,*
힛힛힛,0,0,0,IC,*,T,힛힛힛,*,*,*,*
힝,0,0,0,IC,*,T,힝,*,*,*,*
