가구,0,0,0,NNBC,*,F,가구,*,*,*,*
가락,0,0,0,NNBC,*,T,가락,*,*,*,*
가마,0,0,0,NNBC,*,F,가마,*,*,*,*
가마니,0,0,0,NNBC,*,F,가마니,*,*,*,*
가밀,0,0,0,NNBC,*,T,가밀,*,*,*,*
가우스,0,0,0,NNBC,*,F,가우스,*,*,*,*
가족,0,0,0,NNBC,*,T,가족,*,*,*,*
가지,0,0,0,NNBC,*,F,가지,*,*,*,*
가호,0,0,0,NNBC,*,F,가호,*,*,*,*
각,0,0,0,NNBC,*,T,각,*,*,*,*
간,0,0,0,NNBC,*,T,간,*,*,*,*
갈,0,0,0,NNBC,*,T,갈,*,*,*,*
갈래,0,0,0,NNBC,*,F,갈래,*,*,*,*
감,0,0,0,NNBC,*,T,감,*,*,*,*
감마,0,0,0,NNBC,*,F,감마,*,*,*,*
갑,0,0,0,NNBC,*,T,갑,*,*,*,*
갓,0,0,0,NNBC,*,T,갓,*,*,*,*
강다리,0,0,0,NNBC,*,F,강다리,*,*,*,*
개,0,0,0,NNBC,*,F,개,*,*,*,*
개국,0,0,0,NNBC,*,T,개국,*,*,*,*
개년,0,0,0,NNBC,*,T,개년,*,*,*,*
개비,0,0,0,NNBC,*,F,개비,*,*,*,*
개소,0,0,0,NNBC,*,F,개소,*,*,*,*
개월,0,0,0,NNBC,*,T,개월,*,*,*,*
개조,0,0,0,NNBC,*,F,개조,*,*,*,*
갤런,0,0,0,NNBC,*,T,갤런,*,*,*,*
거듬,0,0,0,NNBC,*,T,거듬,*,*,*,*
거리,0,0,0,NNBC,*,F,거리,*,*,*,*
건,0,0,0,NNBC,*,T,건,*,*,*,*
걸음,0,0,0,NNBC,*,T,걸음,*,*,*,*
게라,0,0,0,NNBC,*,F,게라,*,*,*,*
게브,0,0,0,NNBC,*,F,게브,*,*,*,*
결,0,0,0,NNBC,*,T,결,*,*,*,*
겹,0,0,0,NNBC,*,T,겹,*,*,*,*
경,0,0,0,NNBC,*,T,경,*,*,*,*
고랑,0,0,0,NNBC,*,T,고랑,*,*,*,*
고랑배미,0,0,0,NNBC,*,F,고랑배미,*,*,*,*
고리,0,0,0,NNBC,*,F,고리,*,*,*,*
곡,0,0,0,NNBC,*,T,곡,*,*,*,*
곤,0,0,0,NNBC,*,T,곤,*,*,*,*
공기,0,0,0,NNBC,*,F,공기,*,*,*,*
과,0,0,0,NNBC,*,F,과,*,*,*,*
과목,0,0,0,NNBC,*,T,과목,*,*,*,*
관,0,0,0,NNBC,*,T,관,*,*,*,*
광년,0,0,0,NNBC,*,T,광년,*,*,*,*
광주리,0,0,0,NNBC,*,F,광주리,*,*,*,*
괴,0,0,0,NNBC,*,F,괴,*,*,*,*
교,0,0,0,NNBC,*,F,교,*,*,*,*
교시,0,0,0,NNBC,*,F,교시,*,*,*,*
구,0,0,0,NNBC,*,F,구,*,*,*,*
국자,0,0,0,NNBC,*,F,국자,*,*,*,*
국제볼트,0,0,0,NNBC,*,F,국제볼트,*,*,*,*
국제암페어,0,0,0,NNBC,*,F,국제암페어,*,*,*,*
국제옴,0,0,0,NNBC,*,T,국제옴,*,*,*,*
국제옹스트롱,0,0,0,NNBC,*,T,국제옹스트롱,*,*,*,*
국제와트,0,0,0,NNBC,*,F,국제와트,*,*,*,*
군,0,0,0,NNBC,*,T,군,*,*,*,*
군단,0,0,0,NNBC,*,T,군단,*,*,*,*
군데,0,0,0,NNBC,*,F,군데,*,*,*,*
권,0,0,0,NNBC,*,T,권,*,*,*,*
궤,0,0,0,NNBC,*,F,궤,*,*,*,*
그램,0,0,0,NNBC,*,T,그램,*,*,*,*
그램당량,0,0,0,NNBC,*,T,그램당량,*,*,*,*
그램분자,0,0,0,NNBC,*,F,그램분자,*,*,*,*
그램분자량,0,0,0,NNBC,*,T,그램분자량,*,*,*,*
그램분자부피,0,0,0,NNBC,*,F,그램분자부피,*,*,*,*
그램센티미터,0,0,0,NNBC,*,F,그램센티미터,*,*,*,*
그램원자,0,0,0,NNBC,*,F,그램원자,*,*,*,*
그램원자량,0,0,0,NNBC,*,T,그램원자량,*,*,*,*
그램이온,0,0,0,NNBC,*,T,그램이온,*,*,*,*
그램중,0,0,0,NNBC,*,T,그램중,*,*,*,*
그램칼로리,0,0,0,NNBC,*,F,그램칼로리,*,*,*,*
그램톤,0,0,0,NNBC,*,T,그램톤,*,*,*,*
그램화학식량,0,0,0,NNBC,*,T,그램화학식량,*,*,*,*
그레이,0,0,0,NNBC,*,F,그레이,*,*,*,*
그레이드,0,0,0,NNBC,*,F,그레이드,*,*,*,*
그레인,0,0,0,NNBC,*,T,그레인,*,*,*,*
그로셴,0,0,0,NNBC,*,T,그로셴,*,*,*,*
그로스,0,0,0,NNBC,*,F,그로스,*,*,*,*
그로스톤,0,0,0,NNBC,*,T,그로스톤,*,*,*,*
그루,0,0,0,NNBC,*,F,그루,*,*,*,*
그룹,0,0,0,NNBC,*,T,그룹,*,*,*,*
그릇,0,0,0,NNBC,*,T,그릇,*,*,*,*
근,0,0,0,NNBC,*,T,근,*,*,*,*
근쭝,0,0,0,NNBC,*,T,근쭝,*,*,*,*
급,0,0,0,NNBC,*,T,급,*,*,*,*
기,0,0,0,NNBC,*,F,기,*,*,*,*
기가바이트,0,0,0,NNBC,*,F,기가바이트,*,*,*,*
기가전자볼트,0,0,0,NNBC,*,F,기가전자볼트,*,*,*,*
기니,0,0,0,NNBC,*,F,기니,*,*,*,*
길,0,0,0,NNBC,*,T,길,*,*,*,*
길더,0,0,0,NNBC,*,F,길더,*,*,*,*
길버트,0,0,0,NNBC,*,F,길버트,*,*,*,*
까벨트,0,0,0,NNBC,*,F,까벨트,*,*,*,*
꼭지,0,0,0,NNBC,*,F,꼭지,*,*,*,*
꾸러미,0,0,0,NNBC,*,F,꾸러미,*,*,*,*
끗,0,0,0,NNBC,*,T,끗,*,*,*,*
끝,0,0,0,NNBC,*,T,끝,*,*,*,*
끼,0,0,0,NNBC,*,F,끼,*,*,*,*
나노미터,0,0,0,NNBC,*,F,나노미터,*,*,*,*
나노세컨드,0,0,0,NNBC,*,F,나노세컨드,*,*,*,*
나노앰프,0,0,0,NNBC,*,F,나노앰프,*,*,*,*
나노초,0,0,0,NNBC,*,F,나노초,*,*,*,*
냄비,0,0,0,NNBC,*,F,냄비,*,*,*,*
냉동톤,0,0,0,NNBC,*,T,냉동톤,*,*,*,*
냥,0,0,0,NNBC,*,T,냥,*,*,*,*
냥쭝,0,0,0,NNBC,*,T,냥쭝,*,*,*,*
네퍼,0,0,0,NNBC,*,F,네퍼,*,*,*,*
년,0,0,0,NNBC,*,T,년,*,*,*,*
노르말,0,0,0,NNBC,*,T,노르말,*,*,*,*
노리,0,0,0,NNBC,*,F,노리,*,*,*,*
노이,0,0,0,NNBC,*,F,노이,*,*,*,*
노트,0,0,0,NNBC,*,F,노트,*,*,*,*
뉴턴,0,0,0,NNBC,*,T,뉴턴,*,*,*,*
니트,0,0,0,NNBC,*,F,니트,*,*,*,*
님,0,0,0,NNBC,*,T,님,*,*,*,*
닢,0,0,0,NNBC,*,T,닢,*,*,*,*
다릭,0,0,0,NNBC,*,T,다릭,*,*,*,*
다발,0,0,0,NNBC,*,T,다발,*,*,*,*
다스,0,0,0,NNBC,*,F,다스,*,*,*,*
다인,0,0,0,NNBC,*,T,다인,*,*,*,*
다임,0,0,0,NNBC,*,T,다임,*,*,*,*
단,0,0,0,NNBC,*,T,단,*,*,*,*
단계,0,0,0,NNBC,*,F,단계,*,*,*,*
단락,0,0,0,NNBC,*,T,단락,*,*,*,*
단보,0,0,0,NNBC,*,F,단보,*,*,*,*
단원,0,0,0,NNBC,*,T,단원,*,*,*,*
단지,0,0,0,NNBC,*,F,단지,*,*,*,*
달,0,0,0,NNBC,*,T,달,*,*,*,*
달란트,0,0,0,NNBC,*,F,달란트,*,*,*,*
달러,0,0,0,NNBC,*,F,달러,*,*,*,*
달톤,0,0,0,NNBC,*,T,달톤,*,*,*,*
담불,0,0,0,NNBC,*,T,담불,*,*,*,*
대,0,0,0,NNBC,*,F,대,*,*,*,*
대괵,0,0,0,NNBC,*,T,대괵,*,*,*,*
덩어리,0,0,0,NNBC,*,F,덩어리,*,*,*,*
덩이,0,0,0,NNBC,*,F,덩이,*,*,*,*
데나리온,0,0,0,NNBC,*,T,데나리온,*,*,*,*
데니어,0,0,0,NNBC,*,F,데니어,*,*,*,*
데시그램,0,0,0,NNBC,*,T,데시그램,*,*,*,*
데시리터,0,0,0,NNBC,*,F,데시리터,*,*,*,*
데시미터,0,0,0,NNBC,*,F,데시미터,*,*,*,*
데시벨,0,0,0,NNBC,*,T,데시벨,*,*,*,*
데시아르,0,0,0,NNBC,*,F,데시아르,*,*,*,*
데카그램,0,0,0,NNBC,*,T,데카그램,*,*,*,*
데카르,0,0,0,NNBC,*,F,데카르,*,*,*,*
데카리터,0,0,0,NNBC,*,F,데카리터,*,*,*,*
데카미터,0,0,0,NNBC,*,F,데카미터,*,*,*,*
도,0,0,0,NNBC,*,F,도,*,*,*,*
도브슨단위,0,0,0,NNBC,*,F,도브슨단위,*,*,*,*
도일,0,0,0,NNBC,*,T,도일,*,*,*,*
돈,0,0,0,NNBC,*,T,돈,*,*,*,*
돈쭝,0,0,0,NNBC,*,T,돈쭝,*,*,*,*
돌,0,0,0,NNBC,*,T,돌,*,*,*,*
돌기,0,0,0,NNBC,*,F,돌기,*,*,*,*
돌이,0,0,0,NNBC,*,F,돌이,*,*,*,*
동,0,0,0,NNBC,*,T,동,*,*,*,*
동무니,0,0,0,NNBC,*,F,동무니,*,*,*,*
동이,0,0,0,NNBC,*,F,동이,*,*,*,*
되,0,0,0,NNBC,*,F,되,*,*,*,*
되지기,0,0,0,NNBC,*,F,되지기,*,*,*,*
두,0,0,0,NNBC,*,F,두,*,*,*,*
두름,0,0,0,NNBC,*,T,두름,*,*,*,*
등,0,0,0,NNBC,*,T,등,*,*,*,*
등급,0,0,0,NNBC,*,T,등급,*,*,*,*
등분,0,0,0,NNBC,*,T,등분,*,*,*,*
디그리데이,0,0,0,NNBC,*,F,디그리데이,*,*,*,*
디나르,0,0,0,NNBC,*,F,디나르,*,*,*,*
디르함,0,0,0,NNBC,*,T,디르함,*,*,*,*
디바이,0,0,0,NNBC,*,F,디바이,*,*,*,*
디옵터,0,0,0,NNBC,*,F,디옵터,*,*,*,*
디피아이,0,0,0,NNBC,*,F,디피아이,*,*,*,*
디피에스,0,0,0,NNBC,*,F,디피에스,*,*,*,*
땀,0,0,0,NNBC,*,T,땀,*,*,*,*
람다,0,0,0,NNBC,*,F,람다,*,*,*,*
래드,0,0,0,NNBC,*,F,래드,*,*,*,*
랜드,0,0,0,NNBC,*,F,랜드,*,*,*,*
량,0,0,0,NNBC,*,T,량,*,*,*,*
러더퍼드,0,0,0,NNBC,*,F,러더퍼드,*,*,*,*
럭스,0,0,0,NNBC,*,F,럭스,*,*,*,*
럼,0,0,0,NNBC,*,T,럼,*,*,*,*
레우,0,0,0,NNBC,*,F,레우,*,*,*,*
레프,0,0,0,NNBC,*,F,레프,*,*,*,*
렌텐마르크,0,0,0,NNBC,*,F,렌텐마르크,*,*,*,*
렘,0,0,0,NNBC,*,T,렘,*,*,*,*
렙,0,0,0,NNBC,*,T,렙,*,*,*,*
령,0,0,0,NNBC,*,T,령,*,*,*,*
로드,0,0,0,NNBC,*,F,로드,*,*,*,*
뢴트겐,0,0,0,NNBC,*,T,뢴트겐,*,*,*,*
루멘,0,0,0,NNBC,*,T,루멘,*,*,*,*
루멘시,0,0,0,NNBC,*,F,루멘시,*,*,*,*
루멘초,0,0,0,NNBC,*,F,루멘초,*,*,*,*
루블,0,0,0,NNBC,*,T,루블,*,*,*,*
루피,0,0,0,NNBC,*,F,루피,*,*,*,*
루피아,0,0,0,NNBC,*,F,루피아,*,*,*,*
리,0,0,0,NNBC,*,F,리,*,*,*,*
리라,0,0,0,NNBC,*,F,리라,*,*,*,*
리브르,0,0,0,NNBC,*,F,리브르,*,*,*,*
리알,0,0,0,NNBC,*,T,리알,*,*,*,*
리얄,0,0,0,NNBC,*,T,리얄,*,*,*,*
리엘,0,0,0,NNBC,*,T,리엘,*,*,*,*
리터,0,0,0,NNBC,*,F,리터,*,*,*,*
릴,0,0,0,NNBC,*,T,릴,*,*,*,*
림,0,0,0,NNBC,*,T,림,*,*,*,*
립,0,0,0,NNBC,*,T,립,*,*,*,*
링기트,0,0,0,NNBC,*,F,링기트,*,*,*,*
링크,0,0,0,NNBC,*,F,링크,*,*,*,*
마,0,0,0,NNBC,*,F,마,*,*,*,*
마당,0,0,0,NNBC,*,T,마당,*,*,*,*
마디,0,0,0,NNBC,*,F,마디,*,*,*,*
마력,0,0,0,NNBC,*,T,마력,*,*,*,*
마력시,0,0,0,NNBC,*,F,마력시,*,*,*,*
마르카,0,0,0,NNBC,*,F,마르카,*,*,*,*
마르크,0,0,0,NNBC,*,F,마르크,*,*,*,*
마리,0,0,0,NNBC,*,F,마리,*,*,*,*
마이크로그램,0,0,0,NNBC,*,T,마이크로그램,*,*,*,*
마이크로마이크로퀴리,0,0,0,NNBC,*,F,마이크로마이크로퀴리,*,*,*,*
마이크로마이크로패럿,0,0,0,NNBC,*,T,마이크로마이크로패럿,*,*,*,*
마이크로미크론,0,0,0,NNBC,*,T,마이크로미크론,*,*,*,*
마이크로미터,0,0,0,NNBC,*,F,마이크로미터,*,*,*,*
마이크로세컨드,0,0,0,NNBC,*,F,마이크로세컨드,*,*,*,*
마이크로옴,0,0,0,NNBC,*,T,마이크로옴,*,*,*,*
마이크로초,0,0,0,NNBC,*,F,마이크로초,*,*,*,*
마이크로퀴리,0,0,0,NNBC,*,F,마이크로퀴리,*,*,*,*
마이크로패럿,0,0,0,NNBC,*,T,마이크로패럿,*,*,*,*
마일,0,0,0,NNBC,*,T,마일,*,*,*,*
마장,0,0,0,NNBC,*,T,마장,*,*,*,*
마지기,0,0,0,NNBC,*,F,마지기,*,*,*,*
마하,0,0,0,NNBC,*,F,마하,*,*,*,*
마하수,0,0,0,NNBC,*,F,마하수,*,*,*,*
마헤,0,0,0,NNBC,*,F,마헤,*,*,*,*
막,0,0,0,NNBC,*,T,막,*,*,*,*
말,0,0,0,NNBC,*,T,말,*,*,*,*
매,0,0,0,NNBC,*,F,매,*,*,*,*
맥스웰,0,0,0,NNBC,*,T,맥스웰,*,*,*,*
메가다인,0,0,0,NNBC,*,T,메가다인,*,*,*,*
메가데스,0,0,0,NNBC,*,F,메가데스,*,*,*,*
메가바,0,0,0,NNBC,*,F,메가바,*,*,*,*
메가바이트,0,0,0,NNBC,*,F,메가바이트,*,*,*,*
메가비트,0,0,0,NNBC,*,F,메가비트,*,*,*,*
메가사이클,0,0,0,NNBC,*,T,메가사이클,*,*,*,*
메가와트일,0,0,0,NNBC,*,T,메가와트일,*,*,*,*
메가전자볼트,0,0,0,NNBC,*,F,메가전자볼트,*,*,*,*
메가톤,0,0,0,NNBC,*,T,메가톤,*,*,*,*
메가헤르츠,0,0,0,NNBC,*,F,메가헤르츠,*,*,*,*
메그옴,0,0,0,NNBC,*,T,메그옴,*,*,*,*
메브,0,0,0,NNBC,*,F,메브,*,*,*,*
메시,0,0,0,NNBC,*,F,메시,*,*,*,*
명,0,0,0,NNBC,*,T,명,*,*,*,*
모,0,0,0,NNBC,*,F,모,*,*,*,*
모금,0,0,0,NNBC,*,T,모금,*,*,*,*
모라,0,0,0,NNBC,*,F,모라,*,*,*,*
모르간단위,0,0,0,NNBC,*,F,모르간단위,*,*,*,*
모숨,0,0,0,NNBC,*,T,모숨,*,*,*,*
몰,0,0,0,NNBC,*,T,몰,*,*,*,*
몰분자,0,0,0,NNBC,*,F,몰분자,*,*,*,*
묘,0,0,0,NNBC,*,F,묘,*,*,*,*
무,0,0,0,NNBC,*,F,무,*,*,*,*
무더기,0,0,0,NNBC,*,F,무더기,*,*,*,*
묶음,0,0,0,NNBC,*,T,묶음,*,*,*,*
문,0,0,0,NNBC,*,T,문,*,*,*,*
물리뢴트겐당량,0,0,0,NNBC,*,T,물리뢴트겐당량,*,*,*,*
뭇,0,0,0,NNBC,*,T,뭇,*,*,*,*
뭉치,0,0,0,NNBC,*,F,뭉치,*,*,*,*
미,0,0,0,NNBC,*,F,미,*,*,*,*
미국톤,0,0,0,NNBC,*,T,미국톤,*,*,*,*
미크론,0,0,0,NNBC,*,T,미크론,*,*,*,*
미터,0,0,0,NNBC,*,F,미터,*,*,*,*
미터촉광,0,0,0,NNBC,*,T,미터촉광,*,*,*,*
미터톤,0,0,0,NNBC,*,T,미터톤,*,*,*,*
밀,0,0,0,NNBC,*,T,밀,*,*,*,*
밀리,0,0,0,NNBC,*,F,밀리,*,*,*,*
밀리갈,0,0,0,NNBC,*,T,밀리갈,*,*,*,*
밀리그램,0,0,0,NNBC,*,T,밀리그램,*,*,*,*
밀리뢴트겐,0,0,0,NNBC,*,T,밀리뢴트겐,*,*,*,*
밀리리터,0,0,0,NNBC,*,F,밀리리터,*,*,*,*
밀리몰,0,0,0,NNBC,*,T,밀리몰,*,*,*,*
밀리미크론,0,0,0,NNBC,*,T,밀리미크론,*,*,*,*
밀리미터,0,0,0,NNBC,*,F,밀리미터,*,*,*,*
밀리바,0,0,0,NNBC,*,F,밀리바,*,*,*,*
밀리볼트,0,0,0,NNBC,*,F,밀리볼트,*,*,*,*
밀리암페어,0,0,0,NNBC,*,F,밀리암페어,*,*,*,*
밀리와트,0,0,0,NNBC,*,F,밀리와트,*,*,*,*
밀리퀴리,0,0,0,NNBC,*,F,밀리퀴리,*,*,*,*
밉스,0,0,0,NNBC,*,F,밉스,*,*,*,*
바,0,0,0,NNBC,*,F,바,*,*,*,*
바가지,0,0,0,NNBC,*,F,바가지,*,*,*,*
바구니,0,0,0,NNBC,*,F,바구니,*,*,*,*
바람,0,0,0,NNBC,*,T,바람,*,*,*,*
바이트,0,0,0,NNBC,*,F,바이트,*,*,*,*
바퀴,0,0,0,NNBC,*,F,바퀴,*,*,*,*
바탕,0,0,0,NNBC,*,T,바탕,*,*,*,*
바트,0,0,0,NNBC,*,F,바트,*,*,*,*
박,0,0,0,NNBC,*,T,박,*,*,*,*
박자,0,0,0,NNBC,*,F,박자,*,*,*,*
반,0,0,0,NNBC,*,T,반,*,*,*,*
발,0,0,0,NNBC,*,T,발,*,*,*,*
발보아,0,0,0,NNBC,*,F,발보아,*,*,*,*
발짝,0,0,0,NNBC,*,T,발짝,*,*,*,*
방,0,0,0,NNBC,*,T,방,*,*,*,*
방울,0,0,0,NNBC,*,T,방울,*,*,*,*
배,0,0,0,NNBC,*,F,배,*,*,*,*
배럴,0,0,0,NNBC,*,T,배럴,*,*,*,*
번,0,0,0,NNBC,*,T,번,*,*,*,*
번수,0,0,0,NNBC,*,F,번수,*,*,*,*
번지,0,0,0,NNBC,*,F,번지,*,*,*,*
벌,0,0,0,NNBC,*,T,벌,*,*,*,*
범,0,0,0,NNBC,*,T,범,*,*,*,*
베가톤,0,0,0,NNBC,*,T,베가톤,*,*,*,*
베브,0,0,0,NNBC,*,F,베브,*,*,*,*
베크렐,0,0,0,NNBC,*,T,베크렐,*,*,*,*
벨,0,0,0,NNBC,*,T,벨,*,*,*,*
병,0,0,0,NNBC,*,T,병,*,*,*,*
보,0,0,0,NNBC,*,F,보,*,*,*,*
보따리,0,0,0,NNBC,*,F,보따리,*,*,*,*
보루,0,0,0,NNBC,*,F,보루,*,*,*,*
보메,0,0,0,NNBC,*,F,보메,*,*,*,*
보지락,0,0,0,NNBC,*,T,보지락,*,*,*,*
본,0,0,0,NNBC,*,T,본,*,*,*,*
볼트,0,0,0,NNBC,*,F,볼트,*,*,*,*
볼트암페어,0,0,0,NNBC,*,F,볼트암페어,*,*,*,*
봉지,0,0,0,NNBC,*,F,봉지,*,*,*,*
봉투,0,0,0,NNBC,*,F,봉투,*,*,*,*
부,0,0,0,NNBC,*,F,부,*,*,*,*
부대,0,0,0,NNBC,*,F,부대,*,*,*,*
부류,0,0,0,NNBC,*,F,부류,*,*,*,*
부셸,0,0,0,NNBC,*,T,부셸,*,*,*,*
분,0,0,0,NNBC,*,T,분,*,*,*,*
불,0,0,0,NNBC,*,T,불,*,*,*,*
비르,0,0,0,NNBC,*,F,비르,*,*,*,*
비티유,0,0,0,NNBC,*,F,비티유,*,*,*,*
비피에스,0,0,0,NNBC,*,F,비피에스,*,*,*,*
빌리언일렉트론볼트,0,0,0,NNBC,*,F,빌리언일렉트론볼트,*,*,*,*
뼘,0,0,0,NNBC,*,T,뼘,*,*,*,*
뿌리,0,0,0,NNBC,*,F,뿌리,*,*,*,*
사람,0,0,0,NNBC,*,T,사람,*,*,*,*
사발,0,0,0,NNBC,*,T,사발,*,*,*,*
사이클,0,0,0,NNBC,*,T,사이클,*,*,*,*
사탕,0,0,0,NNBC,*,T,사탕,*,*,*,*
삭,0,0,0,NNBC,*,T,삭,*,*,*,*
살,0,0,0,NNBC,*,T,살,*,*,*,*
삽,0,0,0,NNBC,*,T,삽,*,*,*,*
상자,0,0,0,NNBC,*,F,상자,*,*,*,*
상팀,0,0,0,NNBC,*,T,상팀,*,*,*,*
새,0,0,0,NNBC,*,F,새,*,*,*,*
서큘러밀,0,0,0,NNBC,*,T,서큘러밀,*,*,*,*
석,0,0,0,NNBC,*,T,석,*,*,*,*
석유환산톤,0,0,0,NNBC,*,T,석유환산톤,*,*,*,*
선,0,0,0,NNBC,*,T,선,*,*,*,*
섬,0,0,0,NNBC,*,T,섬,*,*,*,*
세,0,0,0,NNBC,*,F,세,*,*,*,*
세대,0,0,0,NNBC,*,F,세대,*,*,*,*
세제곱미터,0,0,0,NNBC,*,F,세제곱미터,*,*,*,*
세제곱센티미터,0,0,0,NNBC,*,F,세제곱센티미터,*,*,*,*
센트,0,0,0,NNBC,*,F,센트,*,*,*,*
센티,0,0,0,NNBC,*,F,센티,*,*,*,*
센티그램,0,0,0,NNBC,*,T,센티그램,*,*,*,*
센티리터,0,0,0,NNBC,*,F,센티리터,*,*,*,*
센티미터,0,0,0,NNBC,*,F,센티미터,*,*,*,*
셀로,0,0,0,NNBC,*,F,셀로,*,*,*,*
속,0,0,0,NNBC,*,T,속,*,*,*,*
손,0,0,0,NNBC,*,T,손,*,*,*,*
송이,0,0,0,NNBC,*,F,송이,*,*,*,*
쇼트톤,0,0,0,NNBC,*,T,쇼트톤,*,*,*,*
수,0,0,0,NNBC,*,F,수,*,*,*,*
수은주미터,0,0,0,NNBC,*,F,수은주미터,*,*,*,*
수은주밀리미터,0,0,0,NNBC,*,F,수은주밀리미터,*,*,*,*
숟가락,0,0,0,NNBC,*,T,숟가락,*,*,*,*
숟갈,0,0,0,NNBC,*,T,숟갈,*,*,*,*
술,0,0,0,NNBC,*,T,술,*,*,*,*
승,0,0,0,NNBC,*,T,승,*,*,*,*
시,0,0,0,NNBC,*,F,시,*,*,*,*
시간,0,0,0,NNBC,*,T,시간,*,*,*,*
시버트,0,0,0,NNBC,*,F,시버트,*,*,*,*
시시,0,0,0,NNBC,*,F,시시,*,*,*,*
식,0,0,0,NNBC,*,T,식,*,*,*,*
실,0,0,0,NNBC,*,T,실,*,*,*,*
실링,0,0,0,NNBC,*,T,실링,*,*,*,*
쌈,0,0,0,NNBC,*,T,쌈,*,*,*,*
쌍,0,0,0,NNBC,*,T,쌍,*,*,*,*
아르,0,0,0,NNBC,*,F,아르,*,*,*,*
아르피엠,0,0,0,NNBC,*,T,아르피엠,*,*,*,*
아름,0,0,0,NNBC,*,T,아름,*,*,*,*
아보그램,0,0,0,NNBC,*,T,아보그램,*,*,*,*
아인슈타인,0,0,0,NNBC,*,T,아인슈타인,*,*,*,*
악장,0,0,0,NNBC,*,T,악장,*,*,*,*
알,0,0,0,NNBC,*,T,알,*,*,*,*
암페어,0,0,0,NNBC,*,F,암페어,*,*,*,*
암페어시,0,0,0,NNBC,*,F,암페어시,*,*,*,*
액트,0,0,0,NNBC,*,F,액트,*,*,*,*
앵커,0,0,0,NNBC,*,F,앵커,*,*,*,*
야드,0,0,0,NNBC,*,F,야드,*,*,*,*
약용온스,0,0,0,NNBC,*,F,약용온스,*,*,*,*
에르그,0,0,0,NNBC,*,F,에르그,*,*,*,*
에이유,0,0,0,NNBC,*,F,에이유,*,*,*,*
에이치에프유,0,0,0,NNBC,*,F,에이치에프유,*,*,*,*
에이치피,0,0,0,NNBC,*,F,에이치피,*,*,*,*
에이커,0,0,0,NNBC,*,F,에이커,*,*,*,*
에이피아이도,0,0,0,NNBC,*,F,에이피아이도,*,*,*,*
엔,0,0,0,NNBC,*,T,엔,*,*,*,*
엘레,0,0,0,NNBC,*,F,엘레,*,*,*,*
엠더블유디,0,0,0,NNBC,*,F,엠더블유디,*,*,*,*
엠엠시,0,0,0,NNBC,*,F,엠엠시,*,*,*,*
엠피에이치,0,0,0,NNBC,*,F,엠피에이치,*,*,*,*
역시간,0,0,0,NNBC,*,T,역시간,*,*,*,*
역표년,0,0,0,NNBC,*,T,역표년,*,*,*,*
연,0,0,0,NNBC,*,T,연,*,*,*,*
연발,0,0,0,NNBC,*,T,연발,*,*,*,*
엽,0,0,0,NNBC,*,T,엽,*,*,*,*
영,0,0,0,NNBC,*,T,영,*,*,*,*
영국톤,0,0,0,NNBC,*,T,영국톤,*,*,*,*
영리,0,0,0,NNBC,*,F,영리,*,*,*,*
영척,0,0,0,NNBC,*,T,영척,*,*,*,*
영톤,0,0,0,NNBC,*,T,영톤,*,*,*,*
옥타브,0,0,0,NNBC,*,F,옥타브,*,*,*,*
온스,0,0,0,NNBC,*,F,온스,*,*,*,*
옴,0,0,0,NNBC,*,T,옴,*,*,*,*
옴큼,0,0,0,NNBC,*,T,옴큼,*,*,*,*
옹스트롬,0,0,0,NNBC,*,T,옹스트롬,*,*,*,*
와트,0,0,0,NNBC,*,F,와트,*,*,*,*
와트시,0,0,0,NNBC,*,F,와트시,*,*,*,*
와트초,0,0,0,NNBC,*,F,와트초,*,*,*,*
외레,0,0,0,NNBC,*,F,외레,*,*,*,*
우리,0,0,0,NNBC,*,F,우리,*,*,*,*
움큼,0,0,0,NNBC,*,T,움큼,*,*,*,*
원,0,0,0,NNBC,*,T,원,*,*,*,*
월,0,0,0,NNBC,*,T,월,*,*,*,*
웨버,0,0,0,NNBC,*,F,웨버,*,*,*,*
위,0,0,0,NNBC,*,F,위,*,*,*,*
위안,0,0,0,NNBC,*,T,위안,*,*,*,*
유로,0,0,0,NNBC,*,F,유로,*,*,*,*
유카와,0,0,0,NNBC,*,F,유카와,*,*,*,*
육리,0,0,0,NNBC,*,F,육리,*,*,*,*
은량,0,0,0,NNBC,*,T,은량,*,*,*,*
음향옴,0,0,0,NNBC,*,T,음향옴,*,*,*,*
인,0,0,0,NNBC,*,T,인,*,*,*,*
인마일,0,0,0,NNBC,*,T,인마일,*,*,*,*
인시,0,0,0,NNBC,*,F,인시,*,*,*,*
인치,0,0,0,NNBC,*,F,인치,*,*,*,*
인킬로,0,0,0,NNBC,*,F,인킬로,*,*,*,*
일,0,0,0,NNBC,*,T,일,*,*,*,*
일렉트론볼트,0,0,0,NNBC,*,F,일렉트론볼트,*,*,*,*
입방미터,0,0,0,NNBC,*,F,입방미터,*,*,*,*
입평,0,0,0,NNBC,*,T,입평,*,*,*,*
잎,0,0,0,NNBC,*,T,잎,*,*,*,*
자,0,0,0,NNBC,*,F,자,*,*,*,*
자루,0,0,0,NNBC,*,F,자루,*,*,*,*
자밤,0,0,0,NNBC,*,T,자밤,*,*,*,*
자오,0,0,0,NNBC,*,F,자오,*,*,*,*
작,0,0,0,NNBC,*,T,작,*,*,*,*
잔,0,0,0,NNBC,*,T,잔,*,*,*,*
장,0,0,0,NNBC,*,T,장,*,*,*,*
장도막,0,0,0,NNBC,*,T,장도막,*,*,*,*
재,0,0,0,NNBC,*,F,재,*,*,*,*
잰스키,0,0,0,NNBC,*,F,잰스키,*,*,*,*
쟁기,0,0,0,NNBC,*,F,쟁기,*,*,*,*
전,0,0,0,NNBC,*,T,전,*,*,*,*
전자볼트,0,0,0,NNBC,*,F,전자볼트,*,*,*,*
절,0,0,0,NNBC,*,T,절,*,*,*,*
점,0,0,0,NNBC,*,T,점,*,*,*,*
접,0,0,0,NNBC,*,T,접,*,*,*,*
접시,0,0,0,NNBC,*,F,접시,*,*,*,*
젓가락,0,0,0,NNBC,*,T,젓가락,*,*,*,*
정,0,0,0,NNBC,*,T,정,*,*,*,*
정보,0,0,0,NNBC,*,F,정보,*,*,*,*
제,0,0,0,NNBC,*,F,제,*,*,*,*
제곱미터,0,0,0,NNBC,*,F,제곱미터,*,*,*,*
제곱센티미터,0,0,0,NNBC,*,F,제곱센티미터,*,*,*,*
조,0,0,0,NNBC,*,F,조,*,*,*,*
조각,0,0,0,NNBC,*,T,조각,*,*,*,*
조짐,0,0,0,NNBC,*,T,조짐,*,*,*,*
족,0,0,0,NNBC,*,T,족,*,*,*,*
종류,0,0,0,NNBC,*,F,종류,*,*,*,*
좌,0,0,0,NNBC,*,F,좌,*,*,*,*
주,0,0,0,NNBC,*,F,주,*,*,*,*
주간,0,0,0,NNBC,*,T,주간,*,*,*,*
주기,0,0,0,NNBC,*,F,주기,*,*,*,*
주년,0,0,0,NNBC,*,T,주년,*,*,*,*
주먹,0,0,0,NNBC,*,T,주먹,*,*,*,*
주일,0,0,0,NNBC,*,T,주일,*,*,*,*
주전자,0,0,0,NNBC,*,F,주전자,*,*,*,*
줄,0,0,0,NNBC,*,T,줄,*,*,*,*
줄기,0,0,0,NNBC,*,F,줄기,*,*,*,*
줌,0,0,0,NNBC,*,T,줌,*,*,*,*
중량그램,0,0,0,NNBC,*,T,중량그램,*,*,*,*
중량킬로그램,0,0,0,NNBC,*,T,중량킬로그램,*,*,*,*
중량톤,0,0,0,NNBC,*,T,중량톤,*,*,*,*
즈워티,0,0,0,NNBC,*,F,즈워티,*,*,*,*
지,0,0,0,NNBC,*,F,지,*,*,*,*
지도거리,0,0,0,NNBC,*,F,지도거리,*,*,*,*
지도단위,0,0,0,NNBC,*,F,지도단위,*,*,*,*
지멘스,0,0,0,NNBC,*,F,지멘스,*,*,*,*
질,0,0,0,NNBC,*,T,질,*,*,*,*
짐,0,0,0,NNBC,*,T,짐,*,*,*,*
집,0,0,0,NNBC,*,T,집,*,*,*,*
짝,0,0,0,NNBC,*,T,짝,*,*,*,*
쪽,0,0,0,NNBC,*,T,쪽,*,*,*,*
차,0,0,0,NNBC,*,F,차,*,*,*,*
차례,0,0,0,NNBC,*,F,차례,*,*,*,*
차선,0,0,0,NNBC,*,T,차선,*,*,*,*
채,0,0,0,NNBC,*,F,채,*,*,*,*
척,0,0,0,NNBC,*,T,척,*,*,*,*
천문단위,0,0,0,NNBC,*,F,천문단위,*,*,*,*
첩,0,0,0,NNBC,*,T,첩,*,*,*,*
체,0,0,0,NNBC,*,F,체,*,*,*,*
체르보네츠,0,0,0,NNBC,*,F,체르보네츠,*,*,*,*
체인,0,0,0,NNBC,*,T,체인,*,*,*,*
초,0,0,0,NNBC,*,F,초,*,*,*,*
촉,0,0,0,NNBC,*,T,촉,*,*,*,*
촉광,0,0,0,NNBC,*,T,촉광,*,*,*,*
촉력,0,0,0,NNBC,*,T,촉력,*,*,*,*
촌,0,0,0,NNBC,*,T,촌,*,*,*,*
추,0,0,0,NNBC,*,F,추,*,*,*,*
축,0,0,0,NNBC,*,T,축,*,*,*,*
춤,0,0,0,NNBC,*,T,춤,*,*,*,*
층,0,0,0,NNBC,*,T,층,*,*,*,*
치,0,0,0,NNBC,*,F,치,*,*,*,*
칭,0,0,0,NNBC,*,T,칭,*,*,*,*
카셀,0,0,0,NNBC,*,T,카셀,*,*,*,*
카운트,0,0,0,NNBC,*,F,카운트,*,*,*,*
카이저,0,0,0,NNBC,*,F,카이저,*,*,*,*
칸,0,0,0,NNBC,*,T,칸,*,*,*,*
칸델라,0,0,0,NNBC,*,F,칸델라,*,*,*,*
칸통,0,0,0,NNBC,*,T,칸통,*,*,*,*
칼로리,0,0,0,NNBC,*,F,칼로리,*,*,*,*
캐럿,0,0,0,NNBC,*,T,캐럿,*,*,*,*
캔,0,0,0,NNBC,*,T,캔,*,*,*,*
켈빈,0,0,0,NNBC,*,T,켈빈,*,*,*,*
켜,0,0,0,NNBC,*,F,켜,*,*,*,*
켤레,0,0,0,NNBC,*,F,켤레,*,*,*,*
코,0,0,0,NNBC,*,F,코,*,*,*,*
코드,0,0,0,NNBC,*,F,코드,*,*,*,*
코루나,0,0,0,NNBC,*,F,코루나,*,*,*,*
쾌,0,0,0,NNBC,*,F,쾌,*,*,*,*
쿨롬,0,0,0,NNBC,*,T,쿨롬,*,*,*,*
쿼터,0,0,0,NNBC,*,F,쿼터,*,*,*,*
쿼트,0,0,0,NNBC,*,F,쿼트,*,*,*,*
퀴리,0,0,0,NNBC,*,F,퀴리,*,*,*,*
퀸틀,0,0,0,NNBC,*,T,퀸틀,*,*,*,*
큐,0,0,0,NNBC,*,F,큐,*,*,*,*
큐빗,0,0,0,NNBC,*,T,큐빗,*,*,*,*
큐섹,0,0,0,NNBC,*,T,큐섹,*,*,*,*
크로나,0,0,0,NNBC,*,F,크로나,*,*,*,*
크로네,0,0,0,NNBC,*,F,크로네,*,*,*,*
크로커다일,0,0,0,NNBC,*,T,크로커다일,*,*,*,*
크루제이로,0,0,0,NNBC,*,F,크루제이로,*,*,*,*
킬로,0,0,0,NNBC,*,F,킬로,*,*,*,*
킬로그램,0,0,0,NNBC,*,T,킬로그램,*,*,*,*
킬로그램미터,0,0,0,NNBC,*,F,킬로그램미터,*,*,*,*
킬로그램중,0,0,0,NNBC,*,T,킬로그램중,*,*,*,*
킬로그램칼로리,0,0,0,NNBC,*,F,킬로그램칼로리,*,*,*,*
킬로리터,0,0,0,NNBC,*,F,킬로리터,*,*,*,*
킬로메가사이클,0,0,0,NNBC,*,T,킬로메가사이클,*,*,*,*
킬로미터,0,0,0,NNBC,*,F,킬로미터,*,*,*,*
킬로바,0,0,0,NNBC,*,F,킬로바,*,*,*,*
킬로바이트,0,0,0,NNBC,*,F,킬로바이트,*,*,*,*
킬로볼트,0,0,0,NNBC,*,F,킬로볼트,*,*,*,*
킬로볼트암페어,0,0,0,NNBC,*,F,킬로볼트암페어,*,*,*,*
킬로사이클,0,0,0,NNBC,*,T,킬로사이클,*,*,*,*
킬로스터,0,0,0,NNBC,*,F,킬로스터,*,*,*,*
킬로암페어,0,0,0,NNBC,*,F,킬로암페어,*,*,*,*
킬로암페어시,0,0,0,NNBC,*,F,킬로암페어시,*,*,*,*
킬로옴,0,0,0,NNBC,*,T,킬로옴,*,*,*,*
킬로와트,0,0,0,NNBC,*,F,킬로와트,*,*,*,*
킬로와트시,0,0,0,NNBC,*,F,킬로와트시,*,*,*,*
킬로전자볼트,0,0,0,NNBC,*,F,킬로전자볼트,*,*,*,*
킬로줄,0,0,0,NNBC,*,T,킬로줄,*,*,*,*
킬로칼로리,0,0,0,NNBC,*,F,킬로칼로리,*,*,*,*
킬로퀴리,0,0,0,NNBC,*,F,킬로퀴리,*,*,*,*
킬로톤,0,0,0,NNBC,*,T,킬로톤,*,*,*,*
킬로파섹,0,0,0,NNBC,*,T,킬로파섹,*,*,*,*
킬로헤르츠,0,0,0,NNBC,*,F,킬로헤르츠,*,*,*,*
타,0,0,0,NNBC,*,F,타,*,*,*,*
탈러,0,0,0,NNBC,*,F,탈러,*,*,*,*
탕,0,0,0,NNBC,*,T,탕,*,*,*,*
테,0,0,0,NNBC,*,F,테,*,*,*,*
테라바이트,0,0,0,NNBC,*,F,테라바이트,*,*,*,*
테슬라,0,0,0,NNBC,*,F,테슬라,*,*,*,*
텍스,0,0,0,NNBC,*,F,텍스,*,*,*,*
토르,0,0,0,NNBC,*,F,토르,*,*,*,*
토리첼리,0,0,0,NNBC,*,F,토리첼리,*,*,*,*
토막,0,0,0,NNBC,*,T,토막,*,*,*,*
톤,0,0,0,NNBC,*,T,톤,*,*,*,*
톤킬로,0,0,0,NNBC,*,F,톤킬로,*,*,*,*
톤킬로미터,0,0,0,NNBC,*,F,톤킬로미터,*,*,*,*
톨,0,0,0,NNBC,*,T,톨,*,*,*,*
톳,0,0,0,NNBC,*,T,톳,*,*,*,*
통,0,0,0,NNBC,*,T,통,*,*,*,*
통화,0,0,0,NNBC,*,F,통화,*,*,*,*
트럭,0,0,0,NNBC,*,T,트럭,*,*,*,*
트로이온스,0,0,0,NNBC,*,F,트로이온스,*,*,*,*
트로이파운드,0,0,0,NNBC,*,F,트로이파운드,*,*,*,*
티오이,0,0,0,NNBC,*,F,티오이,*,*,*,*
파,0,0,0,NNBC,*,F,파,*,*,*,*
파딩,0,0,0,NNBC,*,T,파딩,*,*,*,*
파섹,0,0,0,NNBC,*,T,파섹,*,*,*,*
파스칼,0,0,0,NNBC,*,T,파스칼,*,*,*,*
파운달,0,0,0,NNBC,*,T,파운달,*,*,*,*
파운드,0,0,0,NNBC,*,F,파운드,*,*,*,*
파인트,0,0,0,NNBC,*,F,파인트,*,*,*,*
판,0,0,0,NNBC,*,T,판,*,*,*,*
패덤,0,0,0,NNBC,*,T,패덤,*,*,*,*
패럿,0,0,0,NNBC,*,T,패럿,*,*,*,*
퍼밀,0,0,0,NNBC,*,T,퍼밀,*,*,*,*
퍼센트,0,0,0,NNBC,*,F,퍼센트,*,*,*,*
펀,0,0,0,NNBC,*,T,펀,*,*,*,*
펄롱,0,0,0,NNBC,*,T,펄롱,*,*,*,*
페니,0,0,0,NNBC,*,F,페니,*,*,*,*
페니웨이트,0,0,0,NNBC,*,F,페니웨이트,*,*,*,*
페니히,0,0,0,NNBC,*,F,페니히,*,*,*,*
페르미,0,0,0,NNBC,*,F,페르미,*,*,*,*
페세타,0,0,0,NNBC,*,F,페세타,*,*,*,*
페소,0,0,0,NNBC,*,F,페소,*,*,*,*
펜스,0,0,0,NNBC,*,F,펜스,*,*,*,*
편,0,0,0,NNBC,*,T,편,*,*,*,*
편거리,0,0,0,NNBC,*,F,편거리,*,*,*,*
평,0,0,0,NNBC,*,T,평,*,*,*,*
평석,0,0,0,NNBC,*,T,평석,*,*,*,*
포,0,0,0,NNBC,*,F,포,*,*,*,*
포기,0,0,0,NNBC,*,F,포기,*,*,*,*
포린트,0,0,0,NNBC,*,F,포린트,*,*,*,*
포인트,0,0,0,NNBC,*,F,포인트,*,*,*,*
포트,0,0,0,NNBC,*,F,포트,*,*,*,*
폭,0,0,0,NNBC,*,T,폭,*,*,*,*
폰,0,0,0,NNBC,*,T,폰,*,*,*,*
푸드,0,0,0,NNBC,*,F,푸드,*,*,*,*
푸아즈,0,0,0,NNBC,*,F,푸아즈,*,*,*,*
푼,0,0,0,NNBC,*,T,푼,*,*,*,*
푼쭝,0,0,0,NNBC,*,T,푼쭝,*,*,*,*
푼트,0,0,0,NNBC,*,F,푼트,*,*,*,*
풋파운드,0,0,0,NNBC,*,F,풋파운드,*,*,*,*
프랑,0,0,0,NNBC,*,T,프랑,*,*,*,*
프레임,0,0,0,NNBC,*,T,프레임,*,*,*,*
프로,0,0,0,NNBC,*,F,프로,*,*,*,*
프로밀,0,0,0,NNBC,*,T,프로밀,*,*,*,*
프루프,0,0,0,NNBC,*,F,프루프,*,*,*,*
프사이,0,0,0,NNBC,*,F,프사이,*,*,*,*
프사이그,0,0,0,NNBC,*,F,프사이그,*,*,*,*
플로린,0,0,0,NNBC,*,T,플로린,*,*,*,*
피리어드,0,0,0,NNBC,*,F,피리어드,*,*,*,*
피에스,0,0,0,NNBC,*,F,피에스,*,*,*,*
피치,0,0,0,NNBC,*,F,피치,*,*,*,*
피컬,0,0,0,NNBC,*,T,피컬,*,*,*,*
피코세컨드,0,0,0,NNBC,*,F,피코세컨드,*,*,*,*
피코패럿,0,0,0,NNBC,*,T,피코패럿,*,*,*,*
피트,0,0,0,NNBC,*,F,피트,*,*,*,*
피피비,0,0,0,NNBC,*,F,피피비,*,*,*,*
피피에이치엠,0,0,0,NNBC,*,T,피피에이치엠,*,*,*,*
피피엠,0,0,0,NNBC,*,T,피피엠,*,*,*,*
필,0,0,0,NNBC,*,T,필,*,*,*,*
필지,0,0,0,NNBC,*,F,필지,*,*,*,*
하,0,0,0,NNBC,*,F,하,*,*,*,*
학급,0,0,0,NNBC,*,T,학급,*,*,*,*
학기,0,0,0,NNBC,*,F,학기,*,*,*,*
학년,0,0,0,NNBC,*,T,학년,*,*,*,*
할,0,0,0,NNBC,*,T,할,*,*,*,*
합,0,0,0,NNBC,*,T,합,*,*,*,*
항공마일,0,0,0,NNBC,*,T,항공마일,*,*,*,*
항아리,0,0,0,NNBC,*,F,항아리,*,*,*,*
해,0,0,0,NNBC,*,F,해,*,*,*,*
해리,0,0,0,NNBC,*,F,해리,*,*,*,*
헤르츠,0,0,0,NNBC,*,F,헤르츠,*,*,*,*
헤프너촉,0,0,0,NNBC,*,T,헤프너촉,*,*,*,*
헥타르,0,0,0,NNBC,*,F,헥타르,*,*,*,*
헥토그램,0,0,0,NNBC,*,T,헥토그램,*,*,*,*
헥토리터,0,0,0,NNBC,*,F,헥토리터,*,*,*,*
헥토미터,0,0,0,NNBC,*,F,헥토미터,*,*,*,*
헥토파스칼,0,0,0,NNBC,*,T,헥토파스칼,*,*,*,*
헨리,0,0,0,NNBC,*,F,헨리,*,*,*,*
호,0,0,0,NNBC,*,F,호,*,*,*,*
홉,0,0,0,NNBC,*,T,홉,*,*,*,*
환,0,0,0,NNBC,*,T,환,*,*,*,*
활,0,0,0,NNBC,*,T,활,*,*,*,*
홰,0,0,0,NNBC,*,F,홰,*,*,*,*
회,0,0,0,NNBC,*,F,회,*,*,*,*
획,0,0,0,NNBC,*,T,획,*,*,*,*
훌덴,0,0,0,NNBC,*,T,훌덴,*,*,*,*
