ㅣㅆ,0,0,0,VA,*,F,ㅣㅆ,*,*,*,*
가깝,0,0,0,VA,*,T,가깝,*,*,*,*
가깝디가깝,0,0,0,VA,*,T,가깝디가깝,*,*,*,*
가냐프,0,0,0,VA,*,F,가냐프,*,*,*,*
가냘프,0,0,0,VA,*,F,가냘프,*,*,*,*
가녀리,0,0,0,VA,*,F,가녀리,*,*,*,*
가느다랗,0,0,0,VA,*,T,가느다랗,*,*,*,*
가느닿,0,0,0,VA,*,T,가느닿,*,*,*,*
가느랗,0,0,0,VA,*,T,가느랗,*,*,*,*
가늘,0,0,0,VA,*,T,가늘,*,*,*,*
가늘디가늘,0,0,0,VA,*,T,가늘디가늘,*,*,*,*
가닐,0,0,0,VA,*,T,가닐,*,*,*,*
가당찮,0,0,0,VA,*,T,가당찮,*,*,*,*
가득차,0,0,0,VA,*,F,가득차,*,*,*,*
가랍,0,0,0,VA,*,T,가랍,*,*,*,*
가량스럽,0,0,0,VA,*,T,가량스럽,*,*,*,*
가량없,0,0,0,VA,*,T,가량없,*,*,*,*
가련스럽,0,0,0,VA,*,T,가련스럽,*,*,*,*
가련하,0,0,0,VA,*,F,가련하,*,*,*,*
가렵,0,0,0,VA,*,T,가렵,*,*,*,*
가린스럽,0,0,0,VA,*,T,가린스럽,*,*,*,*
가만있,0,0,0,VA,*,T,가만있,*,*,*,*
가맣,0,0,0,VA,*,T,가맣,*,*,*,*
가멸,0,0,0,VA,*,T,가멸,*,*,*,*
가물,0,0,0,VA,*,T,가물,*,*,*,*
가뭇없,0,0,0,VA,*,T,가뭇없,*,*,*,*
가볍,0,0,0,VA,*,T,가볍,*,*,*,*
가볍디가볍,0,0,0,VA,*,T,가볍디가볍,*,*,*,*
가쁘,0,0,0,VA,*,F,가쁘,*,*,*,*
가살스럽,0,0,0,VA,*,T,가살스럽,*,*,*,*
가살지,0,0,0,VA,*,F,가살지,*,*,*,*
가소롭,0,0,0,VA,*,T,가소롭,*,*,*,*
가없,0,0,0,VA,*,T,가없,*,*,*,*
가열차,0,0,0,VA,*,F,가열차,*,*,*,*
가엷,0,0,0,VA,*,T,가엷,*,*,*,*
가엽,0,0,0,VA,*,T,가엽,*,*,*,*
가엾,0,0,0,VA,*,T,가엾,*,*,*,*
가즈럽,0,0,0,VA,*,T,가즈럽,*,*,*,*
가증스럽,0,0,0,VA,*,T,가증스럽,*,*,*,*
가찹,0,0,0,VA,*,T,가찹,*,*,*,*
가치롭,0,0,0,VA,*,T,가치롭,*,*,*,*
가탈스럽,0,0,0,VA,*,T,가탈스럽,*,*,*,*
가파롭,0,0,0,VA,*,T,가파롭,*,*,*,*
가파르,0,0,0,VA,*,F,가파르,*,*,*,*
가팔르,0,0,0,VA,*,F,가팔르,*,*,*,*
가팔막지,0,0,0,VA,*,F,가팔막지,*,*,*,*
가풀막지,0,0,0,VA,*,F,가풀막지,*,*,*,*
가프,0,0,0,VA,*,F,가프,*,*,*,*
가혹스럽,0,0,0,VA,*,T,가혹스럽,*,*,*,*
각박스럽,0,0,0,VA,*,T,각박스럽,*,*,*,*
각별나,0,0,0,VA,*,F,각별나,*,*,*,*
간곳없,0,0,0,VA,*,T,간곳없,*,*,*,*
간교롭,0,0,0,VA,*,T,간교롭,*,*,*,*
간교스럽,0,0,0,VA,*,T,간교스럽,*,*,*,*
간데없,0,0,0,VA,*,T,간데없,*,*,*,*
간드러지,0,0,0,VA,*,F,간드러지,*,*,*,*
간들어지,0,0,0,VA,*,F,간들어지,*,*,*,*
간사스럽,0,0,0,VA,*,T,간사스럽,*,*,*,*
간살스럽,0,0,0,VA,*,T,간살스럽,*,*,*,*
간악스럽,0,0,0,VA,*,T,간악스럽,*,*,*,*
간지럽,0,0,0,VA,*,T,간지럽,*,*,*,*
간특스럽,0,0,0,VA,*,T,간특스럽,*,*,*,*
간편스럽,0,0,0,VA,*,T,간편스럽,*,*,*,*
간활스럽,0,0,0,VA,*,T,간활스럽,*,*,*,*
간흉스럽,0,0,0,VA,*,T,간흉스럽,*,*,*,*
갈급스럽,0,0,0,VA,*,T,갈급스럽,*,*,*,*
갈데없,0,0,0,VA,*,T,갈데없,*,*,*,*
감,0,0,0,VA,*,T,감,*,*,*,*
감격스럽,0,0,0,VA,*,T,감격스럽,*,*,*,*
감노랗,0,0,0,VA,*,T,감노랗,*,*,*,*
감노르,0,0,0,VA,*,F,감노르,*,*,*,*
감디감,0,0,0,VA,*,T,감디감,*,*,*,*
감명깊,0,0,0,VA,*,T,감명깊,*,*,*,*
감미롭,0,0,0,VA,*,T,감미롭,*,*,*,*
감사납,0,0,0,VA,*,T,감사납,*,*,*,*
감질나,0,0,0,VA,*,F,감질나,*,*,*,*
감쪽같,0,0,0,VA,*,T,감쪽같,*,*,*,*
감탄스럽,0,0,0,VA,*,T,감탄스럽,*,*,*,*
감파랗,0,0,0,VA,*,T,감파랗,*,*,*,*
감파르,0,0,0,VA,*,F,감파르,*,*,*,*
갑갑스럽,0,0,0,VA,*,T,갑갑스럽,*,*,*,*
갑작스럽,0,0,0,VA,*,T,갑작스럽,*,*,*,*
값비싸,0,0,0,VA,*,F,값비싸,*,*,*,*
값싸,0,0,0,VA,*,F,값싸,*,*,*,*
값있,0,0,0,VA,*,T,값있,*,*,*,*
값지,0,0,0,VA,*,F,값지,*,*,*,*
갓,0,0,0,VA,*,T,갓,*,*,*,*
강강하,0,0,0,VA,*,F,강강하,*,*,*,*
강녕하,0,0,0,VA,*,F,강녕하,*,*,*,*
강단지,0,0,0,VA,*,F,강단지,*,*,*,*
강마르,0,0,0,VA,*,F,강마르,*,*,*,*
강직스럽,0,0,0,VA,*,T,강직스럽,*,*,*,*
강파르,0,0,0,VA,*,F,강파르,*,*,*,*
강팍하,0,0,0,VA,*,F,강팍하,*,*,*,*
강팔지,0,0,0,VA,*,F,강팔지,*,*,*,*
강하,0,0,0,VA,*,F,강하,*,*,*,*
갖,0,0,0,VA,*,T,갖,*,*,*,*
같,0,0,0,VA,*,T,같,*,*,*,*
같잖,0,0,0,VA,*,T,같잖,*,*,*,*
같지않,0,0,0,VA,*,T,같지않,*,*,*,*
개감스럽,0,0,0,VA,*,T,개감스럽,*,*,*,*
개구지,0,0,0,VA,*,F,개구지,*,*,*,*
개르,0,0,0,VA,*,F,개르,*,*,*,*
개붓하,0,0,0,VA,*,F,개붓하,*,*,*,*
개성없,0,0,0,VA,*,T,개성없,*,*,*,*
개않,0,0,0,VA,*,T,개않,*,*,*,*
개운찮,0,0,0,VA,*,T,개운찮,*,*,*,*
개으르,0,0,0,VA,*,F,개으르,*,*,*,*
개탄스럽,0,0,0,VA,*,T,개탄스럽,*,*,*,*
객없,0,0,0,VA,*,T,객없,*,*,*,*
객적,0,0,0,VA,*,T,객적,*,*,*,*
객쩍,0,0,0,VA,*,T,객쩍,*,*,*,*
갸날프,0,0,0,VA,*,F,갸날프,*,*,*,*
갸냘프,0,0,0,VA,*,F,갸냘프,*,*,*,*
걀쪽하,0,0,0,VA,*,F,걀쪽하,*,*,*,*
거깄,0,0,0,VA,*,T,거깄,*,*,*,*
거령스럽,0,0,0,VA,*,T,거령스럽,*,*,*,*
거름지,0,0,0,VA,*,F,거름지,*,*,*,*
거만스럽,0,0,0,VA,*,T,거만스럽,*,*,*,*
거멓,0,0,0,VA,*,T,거멓,*,*,*,*
거북살스럽,0,0,0,VA,*,T,거북살스럽,*,*,*,*
거북상스럽,0,0,0,VA,*,T,거북상스럽,*,*,*,*
거북스럽,0,0,0,VA,*,T,거북스럽,*,*,*,*
거세,0,0,0,VA,*,F,거세,*,*,*,*
거세차,0,0,0,VA,*,F,거세차,*,*,*,*
거창스럽,0,0,0,VA,*,T,거창스럽,*,*,*,*
거추장스럽,0,0,0,VA,*,T,거추장스럽,*,*,*,*
거추장시럽,0,0,0,VA,*,T,거추장시럽,*,*,*,*
거치르,0,0,0,VA,*,F,거치르,*,*,*,*
거치장스럽,0,0,0,VA,*,T,거치장스럽,*,*,*,*
거칠,0,0,0,VA,*,T,거칠,*,*,*,*
거침없,0,0,0,VA,*,T,거침없,*,*,*,*
거하,0,0,0,VA,*,F,거하,*,*,*,*
건방지,0,0,0,VA,*,F,건방지,*,*,*,*
건하,0,0,0,VA,*,F,건하,*,*,*,*
걷,0,0,0,VA,*,T,걷,*,*,*,*
걸,0,0,0,VA,*,T,걸,*,*,*,*
걸맞,0,0,0,VA,*,T,걸맞,*,*,*,*
걸죽하,0,0,0,VA,*,F,걸죽하,*,*,*,*
걸지,0,0,0,VA,*,F,걸지,*,*,*,*
걸직하,0,0,0,VA,*,F,걸직하,*,*,*,*
걸차,0,0,0,VA,*,F,걸차,*,*,*,*
걸판지,0,0,0,VA,*,F,걸판지,*,*,*,*
검,0,0,0,VA,*,T,검,*,*,*,*
검누렇,0,0,0,VA,*,T,검누렇,*,*,*,*
검누르,0,0,0,VA,*,F,검누르,*,*,*,*
검디검,0,0,0,VA,*,T,검디검,*,*,*,*
검붉,0,0,0,VA,*,T,검붉,*,*,*,*
검뿌옇,0,0,0,VA,*,T,검뿌옇,*,*,*,*
검질기,0,0,0,VA,*,F,검질기,*,*,*,*
검퍼렇,0,0,0,VA,*,T,검퍼렇,*,*,*,*
검푸르,0,0,0,VA,*,F,검푸르,*,*,*,*
겉,0,0,0,VA,*,T,겉,*,*,*,*
겉약,0,0,0,VA,*,T,겉약,*,*,*,*
겉여물,0,0,0,VA,*,T,겉여물,*,*,*,*
게걸스럽,0,0,0,VA,*,T,게걸스럽,*,*,*,*
게르,0,0,0,VA,*,F,게르,*,*,*,*
게면스럽,0,0,0,VA,*,T,게면스럽,*,*,*,*
게으르,0,0,0,VA,*,F,게으르,*,*,*,*
게을러빠지,0,0,0,VA,*,F,게을러빠지,*,*,*,*
게을러터지,0,0,0,VA,*,F,게을러터지,*,*,*,*
게을르,0,0,0,VA,*,F,게을르,*,*,*,*
게접스럽,0,0,0,VA,*,T,게접스럽,*,*,*,*
겔러빠지,0,0,0,VA,*,F,겔러빠지,*,*,*,*
격렬스럽,0,0,0,VA,*,T,격렬스럽,*,*,*,*
격절스럽,0,0,0,VA,*,T,격절스럽,*,*,*,*
격절하,0,0,0,VA,*,F,격절하,*,*,*,*
격하,0,0,0,VA,*,F,격하,*,*,*,*
견결스럽,0,0,0,VA,*,T,견결스럽,*,*,*,*
겸연쩍,0,0,0,VA,*,T,겸연쩍,*,*,*,*
겹,0,0,0,VA,*,T,겹,*,*,*,*
경망스럽,0,0,0,VA,*,T,경망스럽,*,*,*,*
경박스럽,0,0,0,VA,*,T,경박스럽,*,*,*,*
경사지,0,0,0,VA,*,F,경사지,*,*,*,*
경악스럽,0,0,0,VA,*,T,경악스럽,*,*,*,*
경외롭,0,0,0,VA,*,T,경외롭,*,*,*,*
경이롭,0,0,0,VA,*,T,경이롭,*,*,*,*
경하스럽,0,0,0,VA,*,T,경하스럽,*,*,*,*
경황없,0,0,0,VA,*,T,경황없,*,*,*,*
계면스럽,0,0,0,VA,*,T,계면스럽,*,*,*,*
계면쩍,0,0,0,VA,*,T,계면쩍,*,*,*,*
계시,0,0,0,VA,*,F,계시,*,*,*,*
고깝,0,0,0,VA,*,T,고깝,*,*,*,*
고달프,0,0,0,VA,*,F,고달프,*,*,*,*
고되,0,0,0,VA,*,F,고되,*,*,*,*
고렇,0,0,0,VA,*,T,고렇,*,*,*,*
고롭,0,0,0,VA,*,T,고롭,*,*,*,*
고르,0,0,0,VA,*,F,고르,*,*,*,*
고리,0,0,0,VA,*,F,고리,*,*,*,*
고만스럽,0,0,0,VA,*,T,고만스럽,*,*,*,*
고맙,0,0,0,VA,*,T,고맙,*,*,*,*
고무맙,0,0,0,VA,*,T,고무맙,*,*,*,*
고분스럽,0,0,0,VA,*,T,고분스럽,*,*,*,*
고아스럽,0,0,0,VA,*,T,고아스럽,*,*,*,*
고약스럽,0,0,0,VA,*,T,고약스럽,*,*,*,*
고요롭,0,0,0,VA,*,T,고요롭,*,*,*,*
고이하,0,0,0,VA,*,F,고이하,*,*,*,*
고질스럽,0,0,0,VA,*,T,고질스럽,*,*,*,*
고통되,0,0,0,VA,*,F,고통되,*,*,*,*
고파,0,0,0,VA,*,F,고파,*,*,*,*
고푸,0,0,0,VA,*,F,고푸,*,*,*,*
고풍스럽,0,0,0,VA,*,T,고풍스럽,*,*,*,*
고프,0,0,0,VA,*,F,고프,*,*,*,*
곤경스럽,0,0,0,VA,*,T,곤경스럽,*,*,*,*
곤궁스럽,0,0,0,VA,*,T,곤궁스럽,*,*,*,*
곤하,0,0,0,VA,*,F,곤하,*,*,*,*
곤혹스럽,0,0,0,VA,*,T,곤혹스럽,*,*,*,*
곧,0,0,0,VA,*,T,곧,*,*,*,*
곧바르,0,0,0,VA,*,F,곧바르,*,*,*,*
곧이곧,0,0,0,VA,*,T,곧이곧,*,*,*,*
골독하,0,0,0,VA,*,F,골독하,*,*,*,*
곯,0,0,0,VA,*,T,곯,*,*,*,*
곰살갑,0,0,0,VA,*,T,곰살갑,*,*,*,*
곰살궂,0,0,0,VA,*,T,곰살궂,*,*,*,*
곰살맞,0,0,0,VA,*,T,곰살맞,*,*,*,*
곰상스럽,0,0,0,VA,*,T,곰상스럽,*,*,*,*
곱,0,0,0,VA,*,T,곱,*,*,*,*
곱다랗,0,0,0,VA,*,T,곱다랗,*,*,*,*
곱디곱,0,0,0,VA,*,T,곱디곱,*,*,*,*
곱살스럽,0,0,0,VA,*,T,곱살스럽,*,*,*,*
곱상스럽,0,0,0,VA,*,T,곱상스럽,*,*,*,*
공교롭,0,0,0,VA,*,T,공교롭,*,*,*,*
공교스럽,0,0,0,VA,*,T,공교스럽,*,*,*,*
공굴차,0,0,0,VA,*,F,공굴차,*,*,*,*
공변되,0,0,0,VA,*,F,공변되,*,*,*,*
공손스럽,0,0,0,VA,*,T,공손스럽,*,*,*,*
공연스럽,0,0,0,VA,*,T,공연스럽,*,*,*,*
공포스럽,0,0,0,VA,*,T,공포스럽,*,*,*,*
공허스럽,0,0,0,VA,*,T,공허스럽,*,*,*,*
과감스럽,0,0,0,VA,*,T,과감스럽,*,*,*,*
과밀되,0,0,0,VA,*,F,과밀되,*,*,*,*
과중되,0,0,0,VA,*,F,과중되,*,*,*,*
과하,0,0,0,VA,*,F,과하,*,*,*,*
과허,0,0,0,VA,*,F,과허,*,*,*,*
관계없,0,0,0,VA,*,T,관계없,*,*,*,*
관계있,0,0,0,VA,*,T,관계있,*,*,*,*
관계찮,0,0,0,VA,*,T,관계찮,*,*,*,*
괄괄스럽,0,0,0,VA,*,T,괄괄스럽,*,*,*,*
괄하,0,0,0,VA,*,F,괄하,*,*,*,*
광명되,0,0,0,VA,*,F,광명되,*,*,*,*
광포스럽,0,0,0,VA,*,T,광포스럽,*,*,*,*
광활스럽,0,0,0,VA,*,T,광활스럽,*,*,*,*
괘사스럽,0,0,0,VA,*,T,괘사스럽,*,*,*,*
괘씸스럽,0,0,0,VA,*,T,괘씸스럽,*,*,*,*
괜스럽,0,0,0,VA,*,T,괜스럽,*,*,*,*
괜찮,0,0,0,VA,*,T,괜찮,*,*,*,*
괜하,0,0,0,VA,*,F,괜하,*,*,*,*
괴괴스럽,0,0,0,VA,*,T,괴괴스럽,*,*,*,*
괴기스럽,0,0,0,VA,*,T,괴기스럽,*,*,*,*
괴까다롭,0,0,0,VA,*,T,괴까다롭,*,*,*,*
괴까닭스럽,0,0,0,VA,*,T,괴까닭스럽,*,*,*,*
괴란쩍,0,0,0,VA,*,T,괴란쩍,*,*,*,*
괴롭,0,0,0,VA,*,T,괴롭,*,*,*,*
괴망스럽,0,0,0,VA,*,T,괴망스럽,*,*,*,*
괴벽스럽,0,0,0,VA,*,T,괴벽스럽,*,*,*,*
괴상스럽,0,0,0,VA,*,T,괴상스럽,*,*,*,*
괴악스럽,0,0,0,VA,*,T,괴악스럽,*,*,*,*
괴이쩍,0,0,0,VA,*,T,괴이쩍,*,*,*,*
괴이찮,0,0,0,VA,*,T,괴이찮,*,*,*,*
괴팍스럽,0,0,0,VA,*,T,괴팍스럽,*,*,*,*
괴퍅하,0,0,0,VA,*,F,괴퍅하,*,*,*,*
굉장스럽,0,0,0,VA,*,T,굉장스럽,*,*,*,*
교사스럽,0,0,0,VA,*,T,교사스럽,*,*,*,*
교앙스럽,0,0,0,VA,*,T,교앙스럽,*,*,*,*
교태롭,0,0,0,VA,*,T,교태롭,*,*,*,*
교태스럽,0,0,0,VA,*,T,교태스럽,*,*,*,*
교활스럽,0,0,0,VA,*,T,교활스럽,*,*,*,*
구경스럽,0,0,0,VA,*,T,구경스럽,*,*,*,*
구구스럽,0,0,0,VA,*,T,구구스럽,*,*,*,*
구리,0,0,0,VA,*,F,구리,*,*,*,*
구배지,0,0,0,VA,*,F,구배지,*,*,*,*
구쁘,0,0,0,VA,*,F,구쁘,*,*,*,*
구석지,0,0,0,VA,*,F,구석지,*,*,*,*
구성없,0,0,0,VA,*,T,구성없,*,*,*,*
구성지,0,0,0,VA,*,F,구성지,*,*,*,*
구슬프,0,0,0,VA,*,F,구슬프,*,*,*,*
구접스럽,0,0,0,VA,*,T,구접스럽,*,*,*,*
구지,0,0,0,VA,*,F,구지,*,*,*,*
구질,0,0,0,VA,*,T,구질,*,*,*,*
구차스럽,0,0,0,VA,*,T,구차스럽,*,*,*,*
구차하,0,0,0,VA,*,F,구차하,*,*,*,*
구찮,0,0,0,VA,*,T,구찮,*,*,*,*
군던지럽,0,0,0,VA,*,T,군던지럽,*,*,*,*
군색스럽,0,0,0,VA,*,T,군색스럽,*,*,*,*
군시럽,0,0,0,VA,*,T,군시럽,*,*,*,*
군지럽,0,0,0,VA,*,T,군지럽,*,*,*,*
굳,0,0,0,VA,*,T,굳,*,*,*,*
굳세,0,0,0,VA,*,F,굳세,*,*,*,*
굴곡지,0,0,0,VA,*,F,굴곡지,*,*,*,*
굴뚝같,0,0,0,VA,*,T,굴뚝같,*,*,*,*
굴신스럽,0,0,0,VA,*,T,굴신스럽,*,*,*,*
굴척지,0,0,0,VA,*,F,굴척지,*,*,*,*
굵,0,0,0,VA,*,T,굵,*,*,*,*
굵다랗,0,0,0,VA,*,T,굵다랗,*,*,*,*
굵디굵,0,0,0,VA,*,T,굵디굵,*,*,*,*
굻,0,0,0,VA,*,T,굻,*,*,*,*
굼닐,0,0,0,VA,*,T,굼닐,*,*,*,*
굼뜨,0,0,0,VA,*,F,굼뜨,*,*,*,*
굽,0,0,0,VA,*,T,굽,*,*,*,*
궁굴,0,0,0,VA,*,T,궁굴,*,*,*,*
궁글,0,0,0,VA,*,T,궁글,*,*,*,*
궁금스럽,0,0,0,VA,*,T,궁금스럽,*,*,*,*
궁금쩍,0,0,0,VA,*,T,궁금쩍,*,*,*,*
궁금하,0,0,0,VA,*,F,궁금하,*,*,*,*
궁벽스럽,0,0,0,VA,*,T,궁벽스럽,*,*,*,*
궁상맞,0,0,0,VA,*,T,궁상맞,*,*,*,*
궁상스럽,0,0,0,VA,*,T,궁상스럽,*,*,*,*
궁색스럽,0,0,0,VA,*,T,궁색스럽,*,*,*,*
궁시렁거리,0,0,0,VA,*,F,궁시렁거리,*,*,*,*
궁하,0,0,0,VA,*,F,궁하,*,*,*,*
궂,0,0,0,VA,*,T,궂,*,*,*,*
궃,0,0,0,VA,*,T,궃,*,*,*,*
궤란쩍,0,0,0,VA,*,T,궤란쩍,*,*,*,*
귀골스럽,0,0,0,VA,*,T,귀골스럽,*,*,*,*
귀꿈스럽,0,0,0,VA,*,T,귀꿈스럽,*,*,*,*
귀살스럽,0,0,0,VA,*,T,귀살스럽,*,*,*,*
귀설,0,0,0,VA,*,T,귀설,*,*,*,*
귀염성스럽,0,0,0,VA,*,T,귀염성스럽,*,*,*,*
귀엽,0,0,0,VA,*,T,귀엽,*,*,*,*
귀접스럽,0,0,0,VA,*,T,귀접스럽,*,*,*,*
귀중스럽,0,0,0,VA,*,T,귀중스럽,*,*,*,*
귀찬,0,0,0,VA,*,T,귀찬,*,*,*,*
귀찮,0,0,0,VA,*,T,귀찮,*,*,*,*
귀하,0,0,0,VA,*,F,귀하,*,*,*,*
귀허,0,0,0,VA,*,F,귀허,*,*,*,*
그러,0,0,0,VA,*,F,그러,*,*,*,*
그러잖,0,0,0,VA,*,T,그러잖,*,*,*,*
그러찮,0,0,0,VA,*,T,그러찮,*,*,*,*
그러하,0,0,0,VA,*,F,그러하,*,*,*,*
그럴듯하,0,0,0,VA,*,F,그럴듯하,*,*,*,*
그럴사하,0,0,0,VA,*,F,그럴사하,*,*,*,*
그럴싸하,0,0,0,VA,*,F,그럴싸하,*,*,*,*
그럿,0,0,0,VA,*,T,그럿,*,*,*,*
그렁,0,0,0,VA,*,T,그렁,*,*,*,*
그렁하,0,0,0,VA,*,F,그렁하,*,*,*,*
그렇,0,0,0,VA,*,T,그렇,*,*,*,*
그렇잖,0,0,0,VA,*,T,그렇잖,*,*,*,*
그르,0,0,0,VA,*,F,그르,*,*,*,*
그릇되,0,0,0,VA,*,F,그릇되,*,*,*,*
그릏,0,0,0,VA,*,T,그릏,*,*,*,*
그립,0,0,0,VA,*,T,그립,*,*,*,*
그만이,0,0,0,VA,*,F,그만이,*,*,*,*
그만하,0,0,0,VA,*,F,그만하,*,*,*,*
그악스럽,0,0,0,VA,*,T,그악스럽,*,*,*,*
그으르,0,0,0,VA,*,F,그으르,*,*,*,*
그지없,0,0,0,VA,*,T,그지없,*,*,*,*
그침없,0,0,0,VA,*,T,그침없,*,*,*,*
극성맞,0,0,0,VA,*,T,극성맞,*,*,*,*
극성스럽,0,0,0,VA,*,T,극성스럽,*,*,*,*
극심스럽,0,0,0,VA,*,T,극심스럽,*,*,*,*
극악스럽,0,0,0,VA,*,T,극악스럽,*,*,*,*
근지럽,0,0,0,VA,*,T,근지럽,*,*,*,*
글,0,0,0,VA,*,T,글,*,*,*,*
글르,0,0,0,VA,*,F,글르,*,*,*,*
글박스럽,0,0,0,VA,*,T,글박스럽,*,*,*,*
금쪽같,0,0,0,VA,*,T,금쪽같,*,*,*,*
급작스럽,0,0,0,VA,*,T,급작스럽,*,*,*,*
급하,0,0,0,VA,*,F,급하,*,*,*,*
급허,0,0,0,VA,*,F,급허,*,*,*,*
기,0,0,0,VA,*,F,기,*,*,*,*
기강스럽,0,0,0,VA,*,T,기강스럽,*,*,*,*
기걸스럽,0,0,0,VA,*,T,기걸스럽,*,*,*,*
기겁스럽,0,0,0,VA,*,T,기겁스럽,*,*,*,*
기골차,0,0,0,VA,*,F,기골차,*,*,*,*
기괴스럽,0,0,0,VA,*,T,기괴스럽,*,*,*,*
기껍,0,0,0,VA,*,T,기껍,*,*,*,*
기나길,0,0,0,VA,*,T,기나길,*,*,*,*
기다랗,0,0,0,VA,*,T,기다랗,*,*,*,*
기다맣,0,0,0,VA,*,T,기다맣,*,*,*,*
기닿,0,0,0,VA,*,T,기닿,*,*,*,*
기똥차,0,0,0,VA,*,F,기똥차,*,*,*,*
기뚱거리,0,0,0,VA,*,F,기뚱거리,*,*,*,*
기럽,0,0,0,VA,*,T,기럽,*,*,*,*
기렇,0,0,0,VA,*,T,기렇,*,*,*,*
기름지,0,0,0,VA,*,F,기름지,*,*,*,*
기막히,0,0,0,VA,*,F,기막히,*,*,*,*
기맥히,0,0,0,VA,*,F,기맥히,*,*,*,*
기분좋,0,0,0,VA,*,T,기분좋,*,*,*,*
기쁘,0,0,0,VA,*,F,기쁘,*,*,*,*
기운차,0,0,0,VA,*,F,기운차,*,*,*,*
기차,0,0,0,VA,*,F,기차,*,*,*,*
기탄없,0,0,0,VA,*,T,기탄없,*,*,*,*
긴하,0,0,0,VA,*,F,긴하,*,*,*,*
길,0,0,0,VA,*,T,길,*,*,*,*
길고길,0,0,0,VA,*,T,길고길,*,*,*,*
길길다랗,0,0,0,VA,*,T,길길다랗,*,*,*,*
길다랗,0,0,0,VA,*,T,길다랗,*,*,*,*
길둥글,0,0,0,VA,*,T,길둥글,*,*,*,*
길디길,0,0,0,VA,*,T,길디길,*,*,*,*
길하,0,0,0,VA,*,F,길하,*,*,*,*
깊,0,0,0,VA,*,T,깊,*,*,*,*
깊고깊,0,0,0,VA,*,T,깊고깊,*,*,*,*
깊다랗,0,0,0,VA,*,T,깊다랗,*,*,*,*
깊디깊,0,0,0,VA,*,T,깊디깊,*,*,*,*
까다롭,0,0,0,VA,*,T,까다롭,*,*,*,*
까닭스럽,0,0,0,VA,*,T,까닭스럽,*,*,*,*
까딱없,0,0,0,VA,*,T,까딱없,*,*,*,*
까리하,0,0,0,VA,*,F,까리하,*,*,*,*
까맣,0,0,0,VA,*,T,까맣,*,*,*,*
까슬하,0,0,0,VA,*,F,까슬하,*,*,*,*
까시까시랗,0,0,0,VA,*,T,까시까시랗,*,*,*,*
까아맣,0,0,0,VA,*,T,까아맣,*,*,*,*
까지,0,0,0,VA,*,F,까지,*,*,*,*
까탈스럽,0,0,0,VA,*,T,까탈스럽,*,*,*,*
깎아지르,0,0,0,VA,*,F,깎아지르,*,*,*,*
깐지,0,0,0,VA,*,F,깐지,*,*,*,*
깐질기,0,0,0,VA,*,F,깐질기,*,*,*,*
깔깔하,0,0,0,VA,*,F,깔깔하,*,*,*,*
깔끄럽,0,0,0,VA,*,T,깔끄럽,*,*,*,*
깔끔스럽,0,0,0,VA,*,T,깔끔스럽,*,*,*,*
깜,0,0,0,VA,*,T,깜,*,*,*,*
깜쪽같,0,0,0,VA,*,T,깜쪽같,*,*,*,*
깜찍스럽,0,0,0,VA,*,T,깜찍스럽,*,*,*,*
깜찍하,0,0,0,VA,*,F,깜찍하,*,*,*,*
깡마르,0,0,0,VA,*,F,깡마르,*,*,*,*
깨끗잖,0,0,0,VA,*,T,깨끗잖,*,*,*,*
깨닫,0,0,0,VA,*,T,깨닫,*,*,*,*
꺼덕치,0,0,0,VA,*,F,꺼덕치,*,*,*,*
꺼림텁텁하,0,0,0,VA,*,F,꺼림텁텁하,*,*,*,*
꺼멓,0,0,0,VA,*,T,꺼멓,*,*,*,*
꺽세,0,0,0,VA,*,F,꺽세,*,*,*,*
껄끄럽,0,0,0,VA,*,T,껄끄럽,*,*,*,*
껄렁껄렁하,0,0,0,VA,*,F,껄렁껄렁하,*,*,*,*
껌,0,0,0,VA,*,T,껌,*,*,*,*
께름직하,0,0,0,VA,*,F,께름직하,*,*,*,*
꼬지,0,0,0,VA,*,F,꼬지,*,*,*,*
꼴같잖,0,0,0,VA,*,T,꼴같잖,*,*,*,*
꼴사납,0,0,0,VA,*,T,꼴사납,*,*,*,*
꼼꼼스럽,0,0,0,VA,*,T,꼼꼼스럽,*,*,*,*
꼼짝없,0,0,0,VA,*,T,꼼짝없,*,*,*,*
꽁하,0,0,0,VA,*,F,꽁하,*,*,*,*
꾀까다롭,0,0,0,VA,*,T,꾀까다롭,*,*,*,*
꾀까닭스럽,0,0,0,VA,*,T,꾀까닭스럽,*,*,*,*
꾀바르,0,0,0,VA,*,F,꾀바르,*,*,*,*
꾸미,0,0,0,VA,*,F,꾸미,*,*,*,*
꾸밈없,0,0,0,VA,*,T,꾸밈없,*,*,*,*
꾸지,0,0,0,VA,*,F,꾸지,*,*,*,*
꿈같,0,0,0,VA,*,T,꿈같,*,*,*,*
꿈뜨,0,0,0,VA,*,F,꿈뜨,*,*,*,*
끄덕없,0,0,0,VA,*,T,끄덕없,*,*,*,*
끄떡없,0,0,0,VA,*,T,끄떡없,*,*,*,*
끄므레하,0,0,0,VA,*,F,끄므레하,*,*,*,*
끈덕지,0,0,0,VA,*,F,끈덕지,*,*,*,*
끈질기,0,0,0,VA,*,F,끈질기,*,*,*,*
끊,0,0,0,VA,*,T,끊,*,*,*,*
끊임없,0,0,0,VA,*,T,끊임없,*,*,*,*
끌,0,0,0,VA,*,T,끌,*,*,*,*
끌질기,0,0,0,VA,*,F,끌질기,*,*,*,*
끔찍끔찍스럽,0,0,0,VA,*,T,끔찍끔찍스럽,*,*,*,*
끔찍스럽,0,0,0,VA,*,T,끔찍스럽,*,*,*,*
끝없,0,0,0,VA,*,T,끝없,*,*,*,*
낄,0,0,0,VA,*,T,낄,*,*,*,*
낄따랗,0,0,0,VA,*,T,낄따랗,*,*,*,*
나같,0,0,0,VA,*,T,나같,*,*,*,*
나긋나긋하,0,0,0,VA,*,F,나긋나긋하,*,*,*,*
나누,0,0,0,VA,*,F,나누,*,*,*,*
나들하,0,0,0,VA,*,F,나들하,*,*,*,*
나부죽하,0,0,0,VA,*,F,나부죽하,*,*,*,*
나뿌,0,0,0,VA,*,F,나뿌,*,*,*,*
나쁘,0,0,0,VA,*,F,나쁘,*,*,*,*
나섭,0,0,0,VA,*,T,나섭,*,*,*,*
나아쁘,0,0,0,VA,*,F,나아쁘,*,*,*,*
나어리,0,0,0,VA,*,F,나어리,*,*,*,*
나즈막하,0,0,0,VA,*,F,나즈막하,*,*,*,*
나태스럽,0,0,0,VA,*,T,나태스럽,*,*,*,*
난감스럽,0,0,0,VA,*,T,난감스럽,*,*,*,*
난데없,0,0,0,VA,*,T,난데없,*,*,*,*
난잡스럽,0,0,0,VA,*,T,난잡스럽,*,*,*,*
난폭스럽,0,0,0,VA,*,T,난폭스럽,*,*,*,*
난하,0,0,0,VA,*,F,난하,*,*,*,*
날래,0,0,0,VA,*,F,날래,*,*,*,*
날쌉,0,0,0,VA,*,T,날쌉,*,*,*,*
날쌔,0,0,0,VA,*,F,날쌔,*,*,*,*
날쎄,0,0,0,VA,*,F,날쎄,*,*,*,*
날카롭,0,0,0,VA,*,T,날카롭,*,*,*,*
낡,0,0,0,VA,*,T,낡,*,*,*,*
남,0,0,0,VA,*,T,남,*,*,*,*
남다르,0,0,0,VA,*,F,남다르,*,*,*,*
남모르,0,0,0,VA,*,F,남모르,*,*,*,*
남부끄럽,0,0,0,VA,*,T,남부끄럽,*,*,*,*
남부럽,0,0,0,VA,*,T,남부럽,*,*,*,*
남부럽잖,0,0,0,VA,*,T,남부럽잖,*,*,*,*
남새시럽,0,0,0,VA,*,T,남새시럽,*,*,*,*
남세스럽,0,0,0,VA,*,T,남세스럽,*,*,*,*
남짓하,0,0,0,VA,*,F,남짓하,*,*,*,*
낫,0,0,0,VA,*,T,낫,*,*,*,*
낮,0,0,0,VA,*,T,낮,*,*,*,*
낮디낮,0,0,0,VA,*,T,낮디낮,*,*,*,*
낯간지럽,0,0,0,VA,*,T,낯간지럽,*,*,*,*
낯뜨겁,0,0,0,VA,*,T,낯뜨겁,*,*,*,*
낯모르,0,0,0,VA,*,F,낯모르,*,*,*,*
낯설,0,0,0,VA,*,T,낯설,*,*,*,*
낯익,0,0,0,VA,*,T,낯익,*,*,*,*
낳,0,0,0,VA,*,T,낳,*,*,*,*
내놓,0,0,0,VA,*,T,내놓,*,*,*,*
내리덥,0,0,0,VA,*,T,내리덥,*,*,*,*
내흉스럽,0,0,0,VA,*,T,내흉스럽,*,*,*,*
냅,0,0,0,VA,*,T,냅,*,*,*,*
냉정스럽,0,0,0,VA,*,T,냉정스럽,*,*,*,*
냉하,0,0,0,VA,*,F,냉하,*,*,*,*
너그럽,0,0,0,VA,*,T,너그럽,*,*,*,*
너르,0,0,0,VA,*,F,너르,*,*,*,*
너무하,0,0,0,VA,*,F,너무하,*,*,*,*
넉살맞,0,0,0,VA,*,T,넉살맞,*,*,*,*
넉살스럽,0,0,0,VA,*,T,넉살스럽,*,*,*,*
널따랗,0,0,0,VA,*,T,널따랗,*,*,*,*
널럴하,0,0,0,VA,*,F,널럴하,*,*,*,*
넒,0,0,0,VA,*,T,넒,*,*,*,*
넓,0,0,0,VA,*,T,넓,*,*,*,*
넓고넓,0,0,0,VA,*,T,넓고넓,*,*,*,*
넓다랗,0,0,0,VA,*,T,넓다랗,*,*,*,*
넓둥글,0,0,0,VA,*,T,넓둥글,*,*,*,*
넓디넓,0,0,0,VA,*,T,넓디넓,*,*,*,*
넙적하,0,0,0,VA,*,F,넙적하,*,*,*,*
네모나,0,0,0,VA,*,F,네모나,*,*,*,*
네모낳,0,0,0,VA,*,T,네모낳,*,*,*,*
네모지,0,0,0,VA,*,F,네모지,*,*,*,*
노랗,0,0,0,VA,*,T,노랗,*,*,*,*
노르,0,0,0,VA,*,F,노르,*,*,*,*
노릇하,0,0,0,VA,*,F,노릇하,*,*,*,*
노리,0,0,0,VA,*,F,노리,*,*,*,*
노리끼하,0,0,0,VA,*,F,노리끼하,*,*,*,*
노망되,0,0,0,VA,*,F,노망되,*,*,*,*
노엽,0,0,0,VA,*,T,노엽,*,*,*,*
노오랗,0,0,0,VA,*,T,노오랗,*,*,*,*
노하,0,0,0,VA,*,F,노하,*,*,*,*
녹작지근하,0,0,0,VA,*,F,녹작지근하,*,*,*,*
놀,0,0,0,VA,*,T,놀,*,*,*,*
놀라,0,0,0,VA,*,F,놀라,*,*,*,*
놀라웁,0,0,0,VA,*,T,놀라웁,*,*,*,*
놀랍,0,0,0,VA,*,T,놀랍,*,*,*,*
놉,0,0,0,VA,*,T,놉,*,*,*,*
농하,0,0,0,VA,*,F,농하,*,*,*,*
높,0,0,0,VA,*,T,높,*,*,*,*
높고높,0,0,0,VA,*,T,높고높,*,*,*,*
높낮,0,0,0,VA,*,T,높낮,*,*,*,*
높다랗,0,0,0,VA,*,T,높다랗,*,*,*,*
높디높,0,0,0,VA,*,T,높디높,*,*,*,*
높푸르,0,0,0,VA,*,F,높푸르,*,*,*,*
놓,0,0,0,VA,*,T,놓,*,*,*,*
뇌꼴스럽,0,0,0,VA,*,T,뇌꼴스럽,*,*,*,*
누기차,0,0,0,VA,*,F,누기차,*,*,*,*
누덕누덕하,0,0,0,VA,*,F,누덕누덕하,*,*,*,*
누렇,0,0,0,VA,*,T,누렇,*,*,*,*
누르,0,0,0,VA,*,F,누르,*,*,*,*
누르디누르,0,0,0,VA,*,F,누르디누르,*,*,*,*
누릏,0,0,0,VA,*,T,누릏,*,*,*,*
누리,0,0,0,VA,*,F,누리,*,*,*,*
누리끼하,0,0,0,VA,*,F,누리끼하,*,*,*,*
누우렇,0,0,0,VA,*,T,누우렇,*,*,*,*
누지,0,0,0,VA,*,F,누지,*,*,*,*
눅,0,0,0,VA,*,T,눅,*,*,*,*
눈꼴사납,0,0,0,VA,*,T,눈꼴사납,*,*,*,*
눈꼴시,0,0,0,VA,*,F,눈꼴시,*,*,*,*
눈물겹,0,0,0,VA,*,T,눈물겹,*,*,*,*
눈부시,0,0,0,VA,*,F,눈부시,*,*,*,*
느껍,0,0,0,VA,*,T,느껍,*,*,*,*
느닷없,0,0,0,VA,*,T,느닷없,*,*,*,*
느리,0,0,0,VA,*,F,느리,*,*,*,*
느물스럽,0,0,0,VA,*,T,느물스럽,*,*,*,*
느즈막하,0,0,0,VA,*,F,느즈막하,*,*,*,*
늘,0,0,0,VA,*,T,늘,*,*,*,*
늘씬하,0,0,0,VA,*,F,늘씬하,*,*,*,*
늘큰하,0,0,0,VA,*,F,늘큰하,*,*,*,*
늙,0,0,0,VA,*,T,늙,*,*,*,*
늠름스럽,0,0,0,VA,*,T,늠름스럽,*,*,*,*
능갈맞,0,0,0,VA,*,T,능갈맞,*,*,*,*
능갈치,0,0,0,VA,*,F,능갈치,*,*,*,*
능글맞,0,0,0,VA,*,T,능글맞,*,*,*,*
능글스럽,0,0,0,VA,*,T,능글스럽,*,*,*,*
능청맞,0,0,0,VA,*,T,능청맞,*,*,*,*
능청스럽,0,0,0,VA,*,T,능청스럽,*,*,*,*
능하,0,0,0,VA,*,F,능하,*,*,*,*
늦,0,0,0,VA,*,T,늦,*,*,*,*
다급스럽,0,0,0,VA,*,T,다급스럽,*,*,*,*
다긔차,0,0,0,VA,*,F,다긔차,*,*,*,*
다기지,0,0,0,VA,*,F,다기지,*,*,*,*
다기차,0,0,0,VA,*,F,다기차,*,*,*,*
다담지,0,0,0,VA,*,F,다담지,*,*,*,*
다되,0,0,0,VA,*,F,다되,*,*,*,*
다디달,0,0,0,VA,*,T,다디달,*,*,*,*
다랍,0,0,0,VA,*,T,다랍,*,*,*,*
다르,0,0,0,VA,*,F,다르,*,*,*,*
다르잖,0,0,0,VA,*,T,다르잖,*,*,*,*
다름아니,0,0,0,VA,*,F,다름아니,*,*,*,*
다름없,0,0,0,VA,*,T,다름없,*,*,*,*
다보록하,0,0,0,VA,*,F,다보록하,*,*,*,*
다복스럽,0,0,0,VA,*,T,다복스럽,*,*,*,*
다부지,0,0,0,VA,*,F,다부지,*,*,*,*
다사롭,0,0,0,VA,*,T,다사롭,*,*,*,*
다사스럽,0,0,0,VA,*,T,다사스럽,*,*,*,*
다수굿하,0,0,0,VA,*,F,다수굿하,*,*,*,*
다숩,0,0,0,VA,*,T,다숩,*,*,*,*
다습,0,0,0,VA,*,T,다습,*,*,*,*
다시없,0,0,0,VA,*,T,다시없,*,*,*,*
다양스럽,0,0,0,VA,*,T,다양스럽,*,*,*,*
다이내믹하,0,0,0,VA,*,F,다이내믹하,*,*,*,*
다정스럽,0,0,0,VA,*,T,다정스럽,*,*,*,*
다채롭,0,0,0,VA,*,T,다채롭,*,*,*,*
다함없,0,0,0,VA,*,T,다함없,*,*,*,*
다행스럽,0,0,0,VA,*,T,다행스럽,*,*,*,*
단작스럽,0,0,0,VA,*,T,단작스럽,*,*,*,*
단조롭,0,0,0,VA,*,T,단조롭,*,*,*,*
단촐하,0,0,0,VA,*,F,단촐하,*,*,*,*
단출하,0,0,0,VA,*,F,단출하,*,*,*,*
달,0,0,0,VA,*,T,달,*,*,*,*
달갑,0,0,0,VA,*,T,달갑,*,*,*,*
달갑잖,0,0,0,VA,*,T,달갑잖,*,*,*,*
달관스럽,0,0,0,VA,*,T,달관스럽,*,*,*,*
달디달,0,0,0,VA,*,T,달디달,*,*,*,*
달르,0,0,0,VA,*,F,달르,*,*,*,*
달큰하,0,0,0,VA,*,F,달큰하,*,*,*,*
닮,0,0,0,VA,*,T,닮,*,*,*,*
닳아빠지,0,0,0,VA,*,F,닳아빠지,*,*,*,*
담차,0,0,0,VA,*,F,담차,*,*,*,*
답,0,0,0,VA,*,T,답,*,*,*,*
답답스럽,0,0,0,VA,*,T,답답스럽,*,*,*,*
당당,0,0,0,VA,*,T,당당,*,*,*,*
당차,0,0,0,VA,*,F,당차,*,*,*,*
당찮,0,0,0,VA,*,T,당찮,*,*,*,*
당치않,0,0,0,VA,*,T,당치않,*,*,*,*
당하,0,0,0,VA,*,F,당하,*,*,*,*
당혹스럽,0,0,0,VA,*,T,당혹스럽,*,*,*,*
당황스럽,0,0,0,VA,*,T,당황스럽,*,*,*,*
대간허,0,0,0,VA,*,F,대간허,*,*,*,*
대견스럽,0,0,0,VA,*,T,대견스럽,*,*,*,*
대단스럽,0,0,0,VA,*,T,대단스럽,*,*,*,*
대단찮,0,0,0,VA,*,T,대단찮,*,*,*,*
대담스럽,0,0,0,VA,*,T,대담스럽,*,*,*,*
대범스럽,0,0,0,VA,*,T,대범스럽,*,*,*,*
대수롭,0,0,0,VA,*,T,대수롭,*,*,*,*
대수롭잖,0,0,0,VA,*,T,대수롭잖,*,*,*,*
대중없,0,0,0,VA,*,T,대중없,*,*,*,*
대차,0,0,0,VA,*,F,대차,*,*,*,*
대퉁스럽,0,0,0,VA,*,T,대퉁스럽,*,*,*,*
댕그랗,0,0,0,VA,*,T,댕그랗,*,*,*,*
댕그렇,0,0,0,VA,*,T,댕그렇,*,*,*,*
더디,0,0,0,VA,*,F,더디,*,*,*,*
더럽,0,0,0,VA,*,T,더럽,*,*,*,*
더리,0,0,0,VA,*,F,더리,*,*,*,*
더리적,0,0,0,VA,*,T,더리적,*,*,*,*
더없,0,0,0,VA,*,T,더없,*,*,*,*
더웁,0,0,0,VA,*,T,더웁,*,*,*,*
더하,0,0,0,VA,*,F,더하,*,*,*,*
덕성스럽,0,0,0,VA,*,T,덕성스럽,*,*,*,*
던적스럽,0,0,0,VA,*,T,던적스럽,*,*,*,*
던지럽,0,0,0,VA,*,T,던지럽,*,*,*,*
덜되,0,0,0,VA,*,F,덜되,*,*,*,*
덜떨어지,0,0,0,VA,*,F,덜떨어지,*,*,*,*
덜큰하,0,0,0,VA,*,F,덜큰하,*,*,*,*
덜퍽지,0,0,0,VA,*,F,덜퍽지,*,*,*,*
덜하,0,0,0,VA,*,F,덜하,*,*,*,*
덥,0,0,0,VA,*,T,덥,*,*,*,*
덥디덥,0,0,0,VA,*,T,덥디덥,*,*,*,*
덧없,0,0,0,VA,*,T,덧없,*,*,*,*
덩그라하,0,0,0,VA,*,F,덩그라하,*,*,*,*
덩그랗,0,0,0,VA,*,T,덩그랗,*,*,*,*
덩그렇,0,0,0,VA,*,T,덩그렇,*,*,*,*
덩그맣,0,0,0,VA,*,T,덩그맣,*,*,*,*
덩덩그렇,0,0,0,VA,*,T,덩덩그렇,*,*,*,*
덩스럽,0,0,0,VA,*,T,덩스럽,*,*,*,*
덩이지,0,0,0,VA,*,F,덩이지,*,*,*,*
데면스럽,0,0,0,VA,*,T,데면스럽,*,*,*,*
데설궂,0,0,0,VA,*,T,데설궂,*,*,*,*
데퉁맞,0,0,0,VA,*,T,데퉁맞,*,*,*,*
데퉁스럽,0,0,0,VA,*,T,데퉁스럽,*,*,*,*
덴덕스럽,0,0,0,VA,*,T,덴덕스럽,*,*,*,*
뎅그랗,0,0,0,VA,*,T,뎅그랗,*,*,*,*
뎅그렇,0,0,0,VA,*,T,뎅그렇,*,*,*,*
도담스럽,0,0,0,VA,*,T,도담스럽,*,*,*,*
도드라지,0,0,0,VA,*,F,도드라지,*,*,*,*
도지,0,0,0,VA,*,F,도지,*,*,*,*
도탑,0,0,0,VA,*,T,도탑,*,*,*,*
독별나,0,0,0,VA,*,F,독별나,*,*,*,*
독살맞,0,0,0,VA,*,T,독살맞,*,*,*,*
독살스럽,0,0,0,VA,*,T,독살스럽,*,*,*,*
독살지,0,0,0,VA,*,F,독살지,*,*,*,*
독하,0,0,0,VA,*,F,독하,*,*,*,*
독허,0,0,0,VA,*,F,독허,*,*,*,*
돈독스럽,0,0,0,VA,*,T,돈독스럽,*,*,*,*
돈바르,0,0,0,VA,*,F,돈바르,*,*,*,*
돌변스럽,0,0,0,VA,*,T,돌변스럽,*,*,*,*
동곳하,0,0,0,VA,*,F,동곳하,*,*,*,*
동그랗,0,0,0,VA,*,T,동그랗,*,*,*,*
동그렇,0,0,0,VA,*,T,동그렇,*,*,*,*
동그맣,0,0,0,VA,*,T,동그맣,*,*,*,*
동글,0,0,0,VA,*,T,동글,*,*,*,*
동떨어지,0,0,0,VA,*,F,동떨어지,*,*,*,*
동뜨,0,0,0,VA,*,F,동뜨,*,*,*,*
되,0,0,0,VA,*,F,되,*,*,*,*
되다랗,0,0,0,VA,*,T,되다랗,*,*,*,*
되디되,0,0,0,VA,*,F,되디되,*,*,*,*
되먹,0,0,0,VA,*,T,되먹,*,*,*,*
되바라지,0,0,0,VA,*,F,되바라지,*,*,*,*
되알지,0,0,0,VA,*,F,되알지,*,*,*,*
되양스럽,0,0,0,VA,*,T,되양스럽,*,*,*,*
되잖,0,0,0,VA,*,T,되잖,*,*,*,*
되지못하,0,0,0,VA,*,F,되지못하,*,*,*,*
되통스럽,0,0,0,VA,*,T,되통스럽,*,*,*,*
될성부르,0,0,0,VA,*,F,될성부르,*,*,*,*
둏,0,0,0,VA,*,T,둏,*,*,*,*
두껍,0,0,0,VA,*,T,두껍,*,*,*,*
두껍디두껍,0,0,0,VA,*,T,두껍디두껍,*,*,*,*
두동지,0,0,0,VA,*,F,두동지,*,*,*,*
두드러지,0,0,0,VA,*,F,두드러지,*,*,*,*
두렵,0,0,0,VA,*,T,두렵,*,*,*,*
두서없,0,0,0,VA,*,T,두서없,*,*,*,*
두텁,0,0,0,VA,*,T,두텁,*,*,*,*
둔덕지,0,0,0,VA,*,F,둔덕지,*,*,*,*
둔스럽,0,0,0,VA,*,T,둔스럽,*,*,*,*
둔탁스럽,0,0,0,VA,*,T,둔탁스럽,*,*,*,*
둔하,0,0,0,VA,*,F,둔하,*,*,*,*
둥굴,0,0,0,VA,*,T,둥굴,*,*,*,*
둥그랗,0,0,0,VA,*,T,둥그랗,*,*,*,*
둥그렇,0,0,0,VA,*,T,둥그렇,*,*,*,*
둥글,0,0,0,VA,*,T,둥글,*,*,*,*
뒤늦,0,0,0,VA,*,T,뒤늦,*,*,*,*
뒤숭숭스럽,0,0,0,VA,*,T,뒤숭숭스럽,*,*,*,*
뒤어나,0,0,0,VA,*,F,뒤어나,*,*,*,*
뒤퉁스럽,0,0,0,VA,*,T,뒤퉁스럽,*,*,*,*
드넓,0,0,0,VA,*,T,드넓,*,*,*,*
드높,0,0,0,VA,*,T,드높,*,*,*,*
드럽,0,0,0,VA,*,T,드럽,*,*,*,*
드리없,0,0,0,VA,*,T,드리없,*,*,*,*
드맑,0,0,0,VA,*,T,드맑,*,*,*,*
드물,0,0,0,VA,*,T,드물,*,*,*,*
드밝,0,0,0,VA,*,T,드밝,*,*,*,*
드세,0,0,0,VA,*,F,드세,*,*,*,*
득달같,0,0,0,VA,*,T,득달같,*,*,*,*
듣,0,0,0,VA,*,T,듣,*,*,*,*
듣그럽,0,0,0,VA,*,T,듣그럽,*,*,*,*
듣드르,0,0,0,VA,*,F,듣드르,*,*,*,*
들,0,0,0,VA,*,T,들,*,*,*,*
들큰하,0,0,0,VA,*,F,들큰하,*,*,*,*
듯하,0,0,0,VA,*,F,듯하,*,*,*,*
따갑,0,0,0,VA,*,T,따갑,*,*,*,*
따르,0,0,0,VA,*,F,따르,*,*,*,*
따사롭,0,0,0,VA,*,T,따사롭,*,*,*,*
따숩,0,0,0,VA,*,T,따숩,*,*,*,*
따스,0,0,0,VA,*,F,따스,*,*,*,*
따습,0,0,0,VA,*,T,따습,*,*,*,*
따시,0,0,0,VA,*,F,따시,*,*,*,*
딱부러지,0,0,0,VA,*,F,딱부러지,*,*,*,*
딱하,0,0,0,VA,*,F,딱하,*,*,*,*
땅땅하,0,0,0,VA,*,F,땅땅하,*,*,*,*
때늦,0,0,0,VA,*,T,때늦,*,*,*,*
때맞,0,0,0,VA,*,T,때맞,*,*,*,*
땡그랗,0,0,0,VA,*,T,땡그랗,*,*,*,*
땡그렇,0,0,0,VA,*,T,땡그렇,*,*,*,*
떫,0,0,0,VA,*,T,떫,*,*,*,*
떫디떫,0,0,0,VA,*,T,떫디떫,*,*,*,*
또라지,0,0,0,VA,*,F,또라지,*,*,*,*
똑같,0,0,0,VA,*,T,똑같,*,*,*,*
똑바르,0,0,0,VA,*,F,똑바르,*,*,*,*
똑부러지,0,0,0,VA,*,F,똑부러지,*,*,*,*
똘똘하,0,0,0,VA,*,F,똘똘하,*,*,*,*
똥그랗,0,0,0,VA,*,T,똥그랗,*,*,*,*
뚜껍,0,0,0,VA,*,T,뚜껍,*,*,*,*
뚝별나,0,0,0,VA,*,F,뚝별나,*,*,*,*
뚝별스럽,0,0,0,VA,*,T,뚝별스럽,*,*,*,*
뚱그렇,0,0,0,VA,*,T,뚱그렇,*,*,*,*
뚱딴지같,0,0,0,VA,*,T,뚱딴지같,*,*,*,*
뚱하,0,0,0,VA,*,F,뚱하,*,*,*,*
뛰어나,0,0,0,VA,*,F,뛰어나,*,*,*,*
뜨,0,0,0,VA,*,F,뜨,*,*,*,*
뜨겁,0,0,0,VA,*,T,뜨겁,*,*,*,*
뜨겁디뜨겁,0,0,0,VA,*,T,뜨겁디뜨겁,*,*,*,*
뜨근하,0,0,0,VA,*,F,뜨근하,*,*,*,*
뜨습,0,0,0,VA,*,T,뜨습,*,*,*,*
뜨시,0,0,0,VA,*,F,뜨시,*,*,*,*
뜨아하,0,0,0,VA,*,F,뜨아하,*,*,*,*
뜬금없,0,0,0,VA,*,T,뜬금없,*,*,*,*
뜸하,0,0,0,VA,*,F,뜸하,*,*,*,*
뜹뜨름하,0,0,0,VA,*,F,뜹뜨름하,*,*,*,*
뜻깊,0,0,0,VA,*,T,뜻깊,*,*,*,*
뜻있,0,0,0,VA,*,T,뜻있,*,*,*,*
띵하,0,0,0,VA,*,F,띵하,*,*,*,*
로맨틱하,0,0,0,VA,*,F,로맨틱하,*,*,*,*
리드미컬하,0,0,0,VA,*,F,리드미컬하,*,*,*,*
마,0,0,0,VA,*,F,마,*,*,*,*
마디,0,0,0,VA,*,F,마디,*,*,*,*
마땅스럽,0,0,0,VA,*,T,마땅스럽,*,*,*,*
마땅찮,0,0,0,VA,*,T,마땅찮,*,*,*,*
마뜩,0,0,0,VA,*,T,마뜩,*,*,*,*
마뜩찮,0,0,0,VA,*,T,마뜩찮,*,*,*,*
마렵,0,0,0,VA,*,T,마렵,*,*,*,*
마르,0,0,0,VA,*,F,마르,*,*,*,*
마지못하,0,0,0,VA,*,F,마지못하,*,*,*,*
마침맞,0,0,0,VA,*,T,마침맞,*,*,*,*
막다르,0,0,0,VA,*,F,막다르,*,*,*,*
막돼먹,0,0,0,VA,*,T,막돼먹,*,*,*,*
막되,0,0,0,VA,*,F,막되,*,*,*,*
만,0,0,0,VA,*,T,만,*,*,*,*
만나,0,0,0,VA,*,F,만나,*,*,*,*
만만(하),0,0,0,VA,*,*,만만(하),*,*,*,*
만만찮,0,0,0,VA,*,T,만만찮,*,*,*,*
만무하,0,0,0,VA,*,F,만무하,*,*,*,*
만족스럽,0,0,0,VA,*,T,만족스럽,*,*,*,*
많,0,0,0,VA,*,T,많,*,*,*,*
많고많,0,0,0,VA,*,T,많고많,*,*,*,*
말강스럽,0,0,0,VA,*,T,말강스럽,*,*,*,*
말갛,0,0,0,VA,*,T,말갛,*,*,*,*
말쌀스럽,0,0,0,VA,*,T,말쌀스럽,*,*,*,*
말썽스럽,0,0,0,VA,*,T,말썽스럽,*,*,*,*
맑,0,0,0,VA,*,T,맑,*,*,*,*
맑디맑,0,0,0,VA,*,T,맑디맑,*,*,*,*
맛깔지,0,0,0,VA,*,F,맛깔지,*,*,*,*
맛나,0,0,0,VA,*,F,맛나,*,*,*,*
맛없,0,0,0,VA,*,T,맛없,*,*,*,*
맛있,0,0,0,VA,*,T,맛있,*,*,*,*
망연스럽,0,0,0,VA,*,T,망연스럽,*,*,*,*
망측스럽,0,0,0,VA,*,T,망측스럽,*,*,*,*
망칙스럽,0,0,0,VA,*,T,망칙스럽,*,*,*,*
망하,0,0,0,VA,*,F,망하,*,*,*,*
맞,0,0,0,VA,*,T,맞,*,*,*,*
매끄럽,0,0,0,VA,*,T,매끄럽,*,*,*,*
매마르,0,0,0,VA,*,F,매마르,*,*,*,*
매몰스럽,0,0,0,VA,*,T,매몰스럽,*,*,*,*
매몰차,0,0,0,VA,*,F,매몰차,*,*,*,*
매섭,0,0,0,VA,*,T,매섭,*,*,*,*
매스껍,0,0,0,VA,*,T,매스껍,*,*,*,*
매욱스럽,0,0,0,VA,*,T,매욱스럽,*,*,*,*
매웁,0,0,0,VA,*,T,매웁,*,*,*,*
매정스럽,0,0,0,VA,*,T,매정스럽,*,*,*,*
맥없,0,0,0,VA,*,T,맥없,*,*,*,*
맵,0,0,0,VA,*,T,맵,*,*,*,*
맵디맵,0,0,0,VA,*,T,맵디맵,*,*,*,*
맵살스럽,0,0,0,VA,*,T,맵살스럽,*,*,*,*
맵싸하,0,0,0,VA,*,F,맵싸하,*,*,*,*
맵짜,0,0,0,VA,*,F,맵짜,*,*,*,*
맵차,0,0,0,VA,*,F,맵차,*,*,*,*
맹랑스럽,0,0,0,VA,*,T,맹랑스럽,*,*,*,*
맹숭맹숭하,0,0,0,VA,*,F,맹숭맹숭하,*,*,*,*
맹하,0,0,0,VA,*,F,맹하,*,*,*,*
머,0,0,0,VA,*,F,머,*,*,*,*
머나멀,0,0,0,VA,*,T,머나멀,*,*,*,*
머르레하,0,0,0,VA,*,F,머르레하,*,*,*,*
머얼,0,0,0,VA,*,T,머얼,*,*,*,*
머얼겋,0,0,0,VA,*,T,머얼겋,*,*,*,*
머엉하,0,0,0,VA,*,F,머엉하,*,*,*,*
머지않,0,0,0,VA,*,T,머지않,*,*,*,*
먹먹하,0,0,0,VA,*,F,먹먹하,*,*,*,*
먹음직스럽,0,0,0,VA,*,T,먹음직스럽,*,*,*,*
멀,0,0,0,VA,*,T,멀,*,*,*,*
멀겋,0,0,0,VA,*,T,멀겋,*,*,*,*
멀고멀,0,0,0,VA,*,T,멀고멀,*,*,*,*
멀다랗,0,0,0,VA,*,T,멀다랗,*,*,*,*
멋들어지,0,0,0,VA,*,F,멋들어지,*,*,*,*
멋없,0,0,0,VA,*,T,멋없,*,*,*,*
멋있,0,0,0,VA,*,T,멋있,*,*,*,*
멋적,0,0,0,VA,*,T,멋적,*,*,*,*
멋지,0,0,0,VA,*,F,멋지,*,*,*,*
멋쩍,0,0,0,VA,*,T,멋쩍,*,*,*,*
멍청스럽,0,0,0,VA,*,T,멍청스럽,*,*,*,*
멍하,0,0,0,VA,*,F,멍하,*,*,*,*
메떨어지,0,0,0,VA,*,F,메떨어지,*,*,*,*
메뜨,0,0,0,VA,*,F,메뜨,*,*,*,*
메마르,0,0,0,VA,*,F,메마르,*,*,*,*
메숲지,0,0,0,VA,*,F,메숲지,*,*,*,*
메스껍,0,0,0,VA,*,T,메스껍,*,*,*,*
메지,0,0,0,VA,*,F,메지,*,*,*,*
면괴스럽,0,0,0,VA,*,T,면괴스럽,*,*,*,*
면구스럽,0,0,0,VA,*,T,면구스럽,*,*,*,*
면구쩍,0,0,0,VA,*,T,면구쩍,*,*,*,*
명랑스럽,0,0,0,VA,*,T,명랑스럽,*,*,*,*
모나,0,0,0,VA,*,F,모나,*,*,*,*
모르,0,0,0,VA,*,F,모르,*,*,*,*
모멸스럽,0,0,0,VA,*,T,모멸스럽,*,*,*,*
모자라,0,0,0,VA,*,F,모자라,*,*,*,*
모자르,0,0,0,VA,*,F,모자르,*,*,*,*
모잘르,0,0,0,VA,*,F,모잘르,*,*,*,*
모지,0,0,0,VA,*,F,모지,*,*,*,*
모지락스럽,0,0,0,VA,*,T,모지락스럽,*,*,*,*
모지락시럽,0,0,0,VA,*,T,모지락시럽,*,*,*,*
모질,0,0,0,VA,*,T,모질,*,*,*,*
모험스럽,0,0,0,VA,*,T,모험스럽,*,*,*,*
목마르,0,0,0,VA,*,F,목마르,*,*,*,*
목석같,0,0,0,VA,*,T,목석같,*,*,*,*
몬나,0,0,0,VA,*,F,몬나,*,*,*,*
몬생기,0,0,0,VA,*,F,몬생기,*,*,*,*
몰강스럽,0,0,0,VA,*,T,몰강스럽,*,*,*,*
몰골스럽,0,0,0,VA,*,T,몰골스럽,*,*,*,*
몰상스럽,0,0,0,VA,*,T,몰상스럽,*,*,*,*
몰풍경스럽,0,0,0,VA,*,T,몰풍경스럽,*,*,*,*
몰풍스럽,0,0,0,VA,*,T,몰풍스럽,*,*,*,*
못나,0,0,0,VA,*,F,못나,*,*,*,*
못되,0,0,0,VA,*,F,못되,*,*,*,*
못마땅스럽,0,0,0,VA,*,T,못마땅스럽,*,*,*,*
못미덥,0,0,0,VA,*,T,못미덥,*,*,*,*
못생기,0,0,0,VA,*,F,못생기,*,*,*,*
못잖,0,0,0,VA,*,T,못잖,*,*,*,*
못지않,0,0,0,VA,*,T,못지않,*,*,*,*
못하,0,0,0,VA,*,F,못하,*,*,*,*
몽글,0,0,0,VA,*,T,몽글,*,*,*,*
몽총하,0,0,0,VA,*,F,몽총하,*,*,*,*
묘하,0,0,0,VA,*,F,묘하,*,*,*,*
묘허,0,0,0,VA,*,F,묘허,*,*,*,*
무겁,0,0,0,VA,*,T,무겁,*,*,*,*
무겁디무겁,0,0,0,VA,*,T,무겁디무겁,*,*,*,*
무난스럽,0,0,0,VA,*,T,무난스럽,*,*,*,*
무덥,0,0,0,VA,*,T,무덥,*,*,*,*
무데,0,0,0,VA,*,F,무데,*,*,*,*
무디,0,0,0,VA,*,F,무디,*,*,*,*
무뚝하,0,0,0,VA,*,F,무뚝하,*,*,*,*
무람없,0,0,0,VA,*,T,무람없,*,*,*,*
무르,0,0,0,VA,*,F,무르,*,*,*,*
무미스럽,0,0,0,VA,*,T,무미스럽,*,*,*,*
무섭,0,0,0,VA,*,T,무섭,*,*,*,*
무시,0,0,0,VA,*,F,무시,*,*,*,*
무심스럽,0,0,0,VA,*,T,무심스럽,*,*,*,*
무십,0,0,0,VA,*,T,무십,*,*,*,*
무안스럽,0,0,0,VA,*,T,무안스럽,*,*,*,*
무안쩍,0,0,0,VA,*,T,무안쩍,*,*,*,*
무엄스럽,0,0,0,VA,*,T,무엄스럽,*,*,*,*
무엇하,0,0,0,VA,*,F,무엇하,*,*,*,*
무연스럽,0,0,0,VA,*,T,무연스럽,*,*,*,*
무작스럽,0,0,0,VA,*,T,무작스럽,*,*,*,*
무정스럽,0,0,0,VA,*,T,무정스럽,*,*,*,*
무지막스럽,0,0,0,VA,*,T,무지막스럽,*,*,*,*
무지하,0,0,0,VA,*,F,무지하,*,*,*,*
무참스럽,0,0,0,VA,*,T,무참스럽,*,*,*,*
무추룸하,0,0,0,VA,*,F,무추룸하,*,*,*,*
무하,0,0,0,VA,*,F,무하,*,*,*,*
묶,0,0,0,VA,*,T,묶,*,*,*,*
문제없,0,0,0,VA,*,T,문제없,*,*,*,*
물렁하,0,0,0,VA,*,F,물렁하,*,*,*,*
물르,0,0,0,VA,*,F,물르,*,*,*,*
물리,0,0,0,VA,*,F,물리,*,*,*,*
물매지,0,0,0,VA,*,F,물매지,*,*,*,*
물샐틈없,0,0,0,VA,*,T,물샐틈없,*,*,*,*
물설,0,0,0,VA,*,T,물설,*,*,*,*
물씬하,0,0,0,VA,*,F,물씬하,*,*,*,*
물풍스럽,0,0,0,VA,*,T,물풍스럽,*,*,*,*
묽,0,0,0,VA,*,T,묽,*,*,*,*
묽디묽,0,0,0,VA,*,T,묽디묽,*,*,*,*
뭉텅하,0,0,0,VA,*,F,뭉텅하,*,*,*,*
뭉툭뭉툭하,0,0,0,VA,*,F,뭉툭뭉툭하,*,*,*,*
뭉툭하,0,0,0,VA,*,F,뭉툭하,*,*,*,*
뭣하,0,0,0,VA,*,F,뭣하,*,*,*,*
미끄럽,0,0,0,VA,*,T,미끄럽,*,*,*,*
미덥,0,0,0,VA,*,T,미덥,*,*,*,*
미련맞,0,0,0,VA,*,T,미련맞,*,*,*,*
미쁘,0,0,0,VA,*,F,미쁘,*,*,*,*
미심스럽,0,0,0,VA,*,T,미심스럽,*,*,*,*
미심쩍,0,0,0,VA,*,T,미심쩍,*,*,*,*
미씸쩍,0,0,0,VA,*,T,미씸쩍,*,*,*,*
미안스럽,0,0,0,VA,*,T,미안스럽,*,*,*,*
미안쩍,0,0,0,VA,*,T,미안쩍,*,*,*,*
미욱스럽,0,0,0,VA,*,T,미욱스럽,*,*,*,*
미웁,0,0,0,VA,*,T,미웁,*,*,*,*
미츨하,0,0,0,VA,*,F,미츨하,*,*,*,*
미치,0,0,0,VA,*,F,미치,*,*,*,*
미혹스럽,0,0,0,VA,*,T,미혹스럽,*,*,*,*
민망스럽,0,0,0,VA,*,T,민망스럽,*,*,*,*
민하,0,0,0,VA,*,F,민하,*,*,*,*
믿,0,0,0,VA,*,T,믿,*,*,*,*
믿음성스럽,0,0,0,VA,*,T,믿음성스럽,*,*,*,*
믿음직스럽,0,0,0,VA,*,T,믿음직스럽,*,*,*,*
밉,0,0,0,VA,*,T,밉,*,*,*,*
밉광스럽,0,0,0,VA,*,T,밉광스럽,*,*,*,*
밉둥스럽,0,0,0,VA,*,T,밉둥스럽,*,*,*,*
밉디밉,0,0,0,VA,*,T,밉디밉,*,*,*,*
밉살맞,0,0,0,VA,*,T,밉살맞,*,*,*,*
밉살머리스럽,0,0,0,VA,*,T,밉살머리스럽,*,*,*,*
밉살스럽,0,0,0,VA,*,T,밉살스럽,*,*,*,*
밉상스럽,0,0,0,VA,*,T,밉상스럽,*,*,*,*
밉쌀스럽,0,0,0,VA,*,T,밉쌀스럽,*,*,*,*
바르,0,0,0,VA,*,F,바르,*,*,*,*
바뿌,0,0,0,VA,*,F,바뿌,*,*,*,*
바쁘,0,0,0,VA,*,F,바쁘,*,*,*,*
바자위,0,0,0,VA,*,F,바자위,*,*,*,*
바지런스럽,0,0,0,VA,*,T,바지런스럽,*,*,*,*
바트,0,0,0,VA,*,F,바트,*,*,*,*
박정스럽,0,0,0,VA,*,T,박정스럽,*,*,*,*
박하,0,0,0,VA,*,F,박하,*,*,*,*
반감,0,0,0,VA,*,T,반감,*,*,*,*
반갑,0,0,0,VA,*,T,반갑,*,*,*,*
반드럽,0,0,0,VA,*,T,반드럽,*,*,*,*
반지랍,0,0,0,VA,*,T,반지랍,*,*,*,*
반편스럽,0,0,0,VA,*,T,반편스럽,*,*,*,*
반하,0,0,0,VA,*,F,반하,*,*,*,*
받,0,0,0,VA,*,T,받,*,*,*,*
발갛,0,0,0,VA,*,T,발갛,*,*,*,*
발악스럽,0,0,0,VA,*,T,발악스럽,*,*,*,*
발칙스럽,0,0,0,VA,*,T,발칙스럽,*,*,*,*
밝,0,0,0,VA,*,T,밝,*,*,*,*
밤늦,0,0,0,VA,*,T,밤늦,*,*,*,*
방자스럽,0,0,0,VA,*,T,방자스럽,*,*,*,*
방정맞,0,0,0,VA,*,T,방정맞,*,*,*,*
방정스럽,0,0,0,VA,*,T,방정스럽,*,*,*,*
밭,0,0,0,VA,*,T,밭,*,*,*,*
배,0,0,0,VA,*,F,배,*,*,*,*
배고프,0,0,0,VA,*,F,배고프,*,*,*,*
배다르,0,0,0,VA,*,F,배다르,*,*,*,*
배뚤,0,0,0,VA,*,T,배뚤,*,*,*,*
배리,0,0,0,VA,*,F,배리,*,*,*,*
배부르,0,0,0,VA,*,F,배부르,*,*,*,*
배불르,0,0,0,VA,*,F,배불르,*,*,*,*
밸라,0,0,0,VA,*,F,밸라,*,*,*,*
뱅충맞,0,0,0,VA,*,T,뱅충맞,*,*,*,*
버겁,0,0,0,VA,*,T,버겁,*,*,*,*
버릇없,0,0,0,VA,*,T,버릇없,*,*,*,*
버성기,0,0,0,VA,*,F,버성기,*,*,*,*
버얼겋,0,0,0,VA,*,T,버얼겋,*,*,*,*
벅차,0,0,0,VA,*,F,벅차,*,*,*,*
번거럽,0,0,0,VA,*,T,번거럽,*,*,*,*
번거롭,0,0,0,VA,*,T,번거롭,*,*,*,*
번다스럽,0,0,0,VA,*,T,번다스럽,*,*,*,*
번드럽,0,0,0,VA,*,T,번드럽,*,*,*,*
번잡스럽,0,0,0,VA,*,T,번잡스럽,*,*,*,*
번지럽,0,0,0,VA,*,T,번지럽,*,*,*,*
번질나,0,0,0,VA,*,F,번질나,*,*,*,*
번하,0,0,0,VA,*,F,번하,*,*,*,*
번화롭,0,0,0,VA,*,T,번화롭,*,*,*,*
번화스럽,0,0,0,VA,*,T,번화스럽,*,*,*,*
벌겋,0,0,0,VA,*,T,벌겋,*,*,*,*
범상스럽,0,0,0,VA,*,T,범상스럽,*,*,*,*
범연스럽,0,0,0,VA,*,T,범연스럽,*,*,*,*
변괴스럽,0,0,0,VA,*,T,변괴스럽,*,*,*,*
변덕맞,0,0,0,VA,*,T,변덕맞,*,*,*,*
변변찮,0,0,0,VA,*,T,변변찮,*,*,*,*
변사스럽,0,0,0,VA,*,T,변사스럽,*,*,*,*
변스럽,0,0,0,VA,*,T,변스럽,*,*,*,*
변하,0,0,0,VA,*,F,변하,*,*,*,*
변함없,0,0,0,VA,*,T,변함없,*,*,*,*
별나,0,0,0,VA,*,F,별나,*,*,*,*
별다르,0,0,0,VA,*,F,별다르,*,*,*,*
별미쩍,0,0,0,VA,*,T,별미쩍,*,*,*,*
별스럽,0,0,0,VA,*,T,별스럽,*,*,*,*
별시럽,0,0,0,VA,*,T,별시럽,*,*,*,*
별쭝나,0,0,0,VA,*,F,별쭝나,*,*,*,*
별쭝맞,0,0,0,VA,*,T,별쭝맞,*,*,*,*
별쭝스럽,0,0,0,VA,*,T,별쭝스럽,*,*,*,*
별하,0,0,0,VA,*,F,별하,*,*,*,*
볕바르,0,0,0,VA,*,F,볕바르,*,*,*,*
보,0,0,0,VA,*,F,보,*,*,*,*
보기좋,0,0,0,VA,*,T,보기좋,*,*,*,*
보드랍,0,0,0,VA,*,T,보드랍,*,*,*,*
보람차,0,0,0,VA,*,F,보람차,*,*,*,*
보얗,0,0,0,VA,*,T,보얗,*,*,*,*
보오얗,0,0,0,VA,*,T,보오얗,*,*,*,*
보잘것없,0,0,0,VA,*,T,보잘것없,*,*,*,*
복되,0,0,0,VA,*,F,복되,*,*,*,*
복성스럽,0,0,0,VA,*,T,복성스럽,*,*,*,*
복잡스럽,0,0,0,VA,*,T,복잡스럽,*,*,*,*
본데없,0,0,0,VA,*,T,본데없,*,*,*,*
볼록하,0,0,0,VA,*,F,볼록하,*,*,*,*
볼메,0,0,0,VA,*,F,볼메,*,*,*,*
볼성사납,0,0,0,VA,*,T,볼성사납,*,*,*,*
볼썽사납,0,0,0,VA,*,T,볼썽사납,*,*,*,*
볼통스럽,0,0,0,VA,*,T,볼통스럽,*,*,*,*
볼품없,0,0,0,VA,*,T,볼품없,*,*,*,*
부귀스럽,0,0,0,VA,*,T,부귀스럽,*,*,*,*
부끄럼성스럽,0,0,0,VA,*,T,부끄럼성스럽,*,*,*,*
부끄럽,0,0,0,VA,*,T,부끄럽,*,*,*,*
부드럽,0,0,0,VA,*,T,부드럽,*,*,*,*
부득이하,0,0,0,VA,*,F,부득이하,*,*,*,*
부럽,0,0,0,VA,*,T,부럽,*,*,*,*
부르,0,0,0,VA,*,F,부르,*,*,*,*
부산스럽,0,0,0,VA,*,T,부산스럽,*,*,*,*
부시,0,0,0,VA,*,F,부시,*,*,*,*
부여,0,0,0,VA,*,F,부여,*,*,*,*
부옇,0,0,0,VA,*,T,부옇,*,*,*,*
부우옇,0,0,0,VA,*,T,부우옇,*,*,*,*
부자연스럽,0,0,0,VA,*,T,부자연스럽,*,*,*,*
부자유스럽,0,0,0,VA,*,T,부자유스럽,*,*,*,*
부잡스럽,0,0,0,VA,*,T,부잡스럽,*,*,*,*
부족하,0,0,0,VA,*,F,부족하,*,*,*,*
부지런스럽,0,0,0,VA,*,T,부지런스럽,*,*,*,*
부질없,0,0,0,VA,*,T,부질없,*,*,*,*
분별없,0,0,0,VA,*,T,분별없,*,*,*,*
분잡스럽,0,0,0,VA,*,T,분잡스럽,*,*,*,*
분주스럽,0,0,0,VA,*,T,분주스럽,*,*,*,*
분하,0,0,0,VA,*,F,분하,*,*,*,*
불경스럽,0,0,0,VA,*,T,불경스럽,*,*,*,*
불공스럽,0,0,0,VA,*,T,불공스럽,*,*,*,*
불그레하,0,0,0,VA,*,F,불그레하,*,*,*,*
불량스럽,0,0,0,VA,*,T,불량스럽,*,*,*,*
불만스럽,0,0,0,VA,*,T,불만스럽,*,*,*,*
불만족스럽,0,0,0,VA,*,T,불만족스럽,*,*,*,*
불명예스럽,0,0,0,VA,*,T,불명예스럽,*,*,*,*
불미스럽,0,0,0,VA,*,T,불미스럽,*,*,*,*
불민스럽,0,0,0,VA,*,T,불민스럽,*,*,*,*
불상스럽,0,0,0,VA,*,T,불상스럽,*,*,*,*
불서럽,0,0,0,VA,*,T,불서럽,*,*,*,*
불손스럽,0,0,0,VA,*,T,불손스럽,*,*,*,*
불안스럽,0,0,0,VA,*,T,불안스럽,*,*,*,*
불영예스럽,0,0,0,VA,*,T,불영예스럽,*,*,*,*
불유쾌스럽,0,0,0,VA,*,T,불유쾌스럽,*,*,*,*
불충스럽,0,0,0,VA,*,T,불충스럽,*,*,*,*
불쾌스럽,0,0,0,VA,*,T,불쾌스럽,*,*,*,*
불퉁스럽,0,0,0,VA,*,T,불퉁스럽,*,*,*,*
불티나,0,0,0,VA,*,F,불티나,*,*,*,*
불편스럽,0,0,0,VA,*,T,불편스럽,*,*,*,*
불화스럽,0,0,0,VA,*,T,불화스럽,*,*,*,*
붉,0,0,0,VA,*,T,붉,*,*,*,*
붉그스럽,0,0,0,VA,*,T,붉그스럽,*,*,*,*
붉디붉,0,0,0,VA,*,T,붉디붉,*,*,*,*
붙,0,0,0,VA,*,T,붙,*,*,*,*
비,0,0,0,VA,*,F,비,*,*,*,*
비감스럽,0,0,0,VA,*,T,비감스럽,*,*,*,*
비겁스럽,0,0,0,VA,*,T,비겁스럽,*,*,*,*
비관스럽,0,0,0,VA,*,T,비관스럽,*,*,*,*
비굴스럽,0,0,0,VA,*,T,비굴스럽,*,*,*,*
비뚜르,0,0,0,VA,*,F,비뚜르,*,*,*,*
비뚜름하,0,0,0,VA,*,F,비뚜름하,*,*,*,*
비뚤,0,0,0,VA,*,T,비뚤,*,*,*,*
비리,0,0,0,VA,*,F,비리,*,*,*,*
비분스럽,0,0,0,VA,*,T,비분스럽,*,*,*,*
비슴하,0,0,0,VA,*,F,비슴하,*,*,*,*
비싸,0,0,0,VA,*,F,비싸,*,*,*,*
비아냥스럽,0,0,0,VA,*,T,비아냥스럽,*,*,*,*
비장스럽,0,0,0,VA,*,T,비장스럽,*,*,*,*
비정스럽,0,0,0,VA,*,T,비정스럽,*,*,*,*
비좁,0,0,0,VA,*,T,비좁,*,*,*,*
비참스럽,0,0,0,VA,*,T,비참스럽,*,*,*,*
비탈지,0,0,0,VA,*,F,비탈지,*,*,*,*
비하,0,0,0,VA,*,F,비하,*,*,*,*
빈틈없,0,0,0,VA,*,T,빈틈없,*,*,*,*
빙충맞,0,0,0,VA,*,T,빙충맞,*,*,*,*
빛바래,0,0,0,VA,*,F,빛바래,*,*,*,*
빠르,0,0,0,VA,*,F,빠르,*,*,*,*
빠삭하,0,0,0,VA,*,F,빠삭하,*,*,*,*
빠안하,0,0,0,VA,*,F,빠안하,*,*,*,*
빠알갛,0,0,0,VA,*,T,빠알갛,*,*,*,*
빡빡하,0,0,0,VA,*,F,빡빡하,*,*,*,*
빡세,0,0,0,VA,*,F,빡세,*,*,*,*
빡시,0,0,0,VA,*,F,빡시,*,*,*,*
빡쎄,0,0,0,VA,*,F,빡쎄,*,*,*,*
빤드럽,0,0,0,VA,*,T,빤드럽,*,*,*,*
빤빤스럽,0,0,0,VA,*,T,빤빤스럽,*,*,*,*
빤하,0,0,0,VA,*,F,빤하,*,*,*,*
빨,0,0,0,VA,*,T,빨,*,*,*,*
빨갛,0,0,0,VA,*,T,빨갛,*,*,*,*
빨르,0,0,0,VA,*,F,빨르,*,*,*,*
빼나,0,0,0,VA,*,F,빼나,*,*,*,*
빼뚤,0,0,0,VA,*,T,빼뚤,*,*,*,*
빼어나,0,0,0,VA,*,F,빼어나,*,*,*,*
뻐들겅하,0,0,0,VA,*,F,뻐들겅하,*,*,*,*
뻐들컹하,0,0,0,VA,*,F,뻐들컹하,*,*,*,*
뻐세,0,0,0,VA,*,F,뻐세,*,*,*,*
뻑세,0,0,0,VA,*,F,뻑세,*,*,*,*
뻑적지근하,0,0,0,VA,*,F,뻑적지근하,*,*,*,*
뻔드럽,0,0,0,VA,*,T,뻔드럽,*,*,*,*
뻔뻔스럽,0,0,0,VA,*,T,뻔뻔스럽,*,*,*,*
뻔질나,0,0,0,VA,*,F,뻔질나,*,*,*,*
뻔찔나,0,0,0,VA,*,F,뻔찔나,*,*,*,*
뻔하,0,0,0,VA,*,F,뻔하,*,*,*,*
뻔허,0,0,0,VA,*,F,뻔허,*,*,*,*
뻔히,0,0,0,VA,*,F,뻔히,*,*,*,*
뻗세,0,0,0,VA,*,F,뻗세,*,*,*,*
뻘겋,0,0,0,VA,*,T,뻘겋,*,*,*,*
뻣세,0,0,0,VA,*,F,뻣세,*,*,*,*
뻥하,0,0,0,VA,*,F,뻥하,*,*,*,*
뼈아프,0,0,0,VA,*,F,뼈아프,*,*,*,*
뼈저리,0,0,0,VA,*,F,뼈저리,*,*,*,*
뼈져리,0,0,0,VA,*,F,뼈져리,*,*,*,*
뼈지,0,0,0,VA,*,F,뼈지,*,*,*,*
뽀독하,0,0,0,VA,*,F,뽀독하,*,*,*,*
뽀얗,0,0,0,VA,*,T,뽀얗,*,*,*,*
뽀오얗,0,0,0,VA,*,T,뽀오얗,*,*,*,*
뽈갛,0,0,0,VA,*,T,뽈갛,*,*,*,*
뿌리깊,0,0,0,VA,*,T,뿌리깊,*,*,*,*
뿌옇,0,0,0,VA,*,T,뿌옇,*,*,*,*
뿌우옇,0,0,0,VA,*,T,뿌우옇,*,*,*,*
뿌하,0,0,0,VA,*,F,뿌하,*,*,*,*
삐뚜름하,0,0,0,VA,*,F,삐뚜름하,*,*,*,*
삐뚤,0,0,0,VA,*,T,삐뚤,*,*,*,*
삐뚫,0,0,0,VA,*,T,삐뚫,*,*,*,*
사각지,0,0,0,VA,*,F,사각지,*,*,*,*
사근사근하,0,0,0,VA,*,F,사근사근하,*,*,*,*
사납,0,0,0,VA,*,T,사납,*,*,*,*
사사롭,0,0,0,VA,*,T,사사롭,*,*,*,*
사사하,0,0,0,VA,*,F,사사하,*,*,*,*
사위스럽,0,0,0,VA,*,T,사위스럽,*,*,*,*
사이좋,0,0,0,VA,*,T,사이좋,*,*,*,*
사작바르,0,0,0,VA,*,F,사작바르,*,*,*,*
사정없,0,0,0,VA,*,T,사정없,*,*,*,*
산하,0,0,0,VA,*,F,산하,*,*,*,*
살,0,0,0,VA,*,T,살,*,*,*,*
살갑,0,0,0,VA,*,T,살갑,*,*,*,*
살똥맞,0,0,0,VA,*,T,살똥맞,*,*,*,*
살똥스럽,0,0,0,VA,*,T,살똥스럽,*,*,*,*
살몃하,0,0,0,VA,*,F,살몃하,*,*,*,*
살스럽,0,0,0,VA,*,T,살스럽,*,*,*,*
살지,0,0,0,VA,*,F,살지,*,*,*,*
살차,0,0,0,VA,*,F,살차,*,*,*,*
살천스럽,0,0,0,VA,*,T,살천스럽,*,*,*,*
살팍지,0,0,0,VA,*,F,살팍지,*,*,*,*
살풍경스럽,0,0,0,VA,*,T,살풍경스럽,*,*,*,*
살피,0,0,0,VA,*,F,살피,*,*,*,*
삿되,0,0,0,VA,*,F,삿되,*,*,*,*
상관없,0,0,0,VA,*,T,상관없,*,*,*,*
상냥스럽,0,0,0,VA,*,T,상냥스럽,*,*,*,*
상되,0,0,0,VA,*,F,상되,*,*,*,*
상서롭,0,0,0,VA,*,T,상서롭,*,*,*,*
상서스럽,0,0,0,VA,*,T,상서스럽,*,*,*,*
상스럽,0,0,0,VA,*,T,상스럽,*,*,*,*
상없,0,0,0,VA,*,T,상없,*,*,*,*
상하,0,0,0,VA,*,F,상하,*,*,*,*
상허,0,0,0,VA,*,F,상허,*,*,*,*
새,0,0,0,VA,*,F,새,*,*,*,*
새까맣,0,0,0,VA,*,T,새까맣,*,*,*,*
새노랗,0,0,0,VA,*,T,새노랗,*,*,*,*
새되,0,0,0,VA,*,F,새되,*,*,*,*
새똥빠지,0,0,0,VA,*,F,새똥빠지,*,*,*,*
새롭,0,0,0,VA,*,T,새롭,*,*,*,*
새말갛,0,0,0,VA,*,T,새말갛,*,*,*,*
새맑,0,0,0,VA,*,T,새맑,*,*,*,*
새빨갛,0,0,0,VA,*,T,새빨갛,*,*,*,*
새뽀얗,0,0,0,VA,*,T,새뽀얗,*,*,*,*
새살궂,0,0,0,VA,*,T,새살궂,*,*,*,*
새살맞,0,0,0,VA,*,T,새살맞,*,*,*,*
새살스럽,0,0,0,VA,*,T,새살스럽,*,*,*,*
새삼스럽,0,0,0,VA,*,T,새삼스럽,*,*,*,*
새차,0,0,0,VA,*,F,새차,*,*,*,*
새초롬하,0,0,0,VA,*,F,새초롬하,*,*,*,*
새촘하,0,0,0,VA,*,F,새촘하,*,*,*,*
새침스럽,0,0,0,VA,*,T,새침스럽,*,*,*,*
새카맣,0,0,0,VA,*,T,새카맣,*,*,*,*
새캄하,0,0,0,VA,*,F,새캄하,*,*,*,*
새퉁스럽,0,0,0,VA,*,T,새퉁스럽,*,*,*,*
새파랗,0,0,0,VA,*,T,새파랗,*,*,*,*
새하얗,0,0,0,VA,*,T,새하얗,*,*,*,*
색다르,0,0,0,VA,*,F,색다르,*,*,*,*
색스럽,0,0,0,VA,*,T,색스럽,*,*,*,*
샛까맣,0,0,0,VA,*,T,샛까맣,*,*,*,*
샛노랗,0,0,0,VA,*,T,샛노랗,*,*,*,*
샛되,0,0,0,VA,*,F,샛되,*,*,*,*
샛말갛,0,0,0,VA,*,T,샛말갛,*,*,*,*
샛맑,0,0,0,VA,*,T,샛맑,*,*,*,*
샛빨갛,0,0,0,VA,*,T,샛빨갛,*,*,*,*
샛파랗,0,0,0,VA,*,T,샛파랗,*,*,*,*
샛푸르,0,0,0,VA,*,F,샛푸르,*,*,*,*
생경스럽,0,0,0,VA,*,T,생경스럽,*,*,*,*
생급스럽,0,0,0,VA,*,T,생급스럽,*,*,*,*
생기,0,0,0,VA,*,F,생기,*,*,*,*
생때같,0,0,0,VA,*,T,생때같,*,*,*,*
생뚱맞,0,0,0,VA,*,T,생뚱맞,*,*,*,*
생뚱스럽,0,0,0,VA,*,T,생뚱스럽,*,*,*,*
서거프,0,0,0,VA,*,F,서거프,*,*,*,*
서글프,0,0,0,VA,*,F,서글프,*,*,*,*
서글프디서글프,0,0,0,VA,*,F,서글프디서글프,*,*,*,*
서느렇,0,0,0,VA,*,T,서느렇,*,*,*,*
서두르,0,0,0,VA,*,F,서두르,*,*,*,*
서럽,0,0,0,VA,*,T,서럽,*,*,*,*
서럽디서럽,0,0,0,VA,*,T,서럽디서럽,*,*,*,*
서스럼없,0,0,0,VA,*,T,서스럼없,*,*,*,*
서슴없,0,0,0,VA,*,T,서슴없,*,*,*,*
서투르,0,0,0,VA,*,F,서투르,*,*,*,*
서툴,0,0,0,VA,*,T,서툴,*,*,*,*
석연찮,0,0,0,VA,*,T,석연찮,*,*,*,*
선하,0,0,0,VA,*,F,선하,*,*,*,*
섣부르,0,0,0,VA,*,F,섣부르,*,*,*,*
설,0,0,0,VA,*,T,설,*,*,*,*
설웁,0,0,0,VA,*,T,설웁,*,*,*,*
섧,0,0,0,VA,*,T,섧,*,*,*,*
섬닷하,0,0,0,VA,*,F,섬닷하,*,*,*,*
섬뜩하,0,0,0,VA,*,F,섬뜩하,*,*,*,*
섬뜻하,0,0,0,VA,*,F,섬뜻하,*,*,*,*
섭하,0,0,0,VA,*,F,섭하,*,*,*,*
성가시,0,0,0,VA,*,F,성가시,*,*,*,*
성글,0,0,0,VA,*,T,성글,*,*,*,*
성기,0,0,0,VA,*,F,성기,*,*,*,*
성깔지,0,0,0,VA,*,F,성깔지,*,*,*,*
성마르,0,0,0,VA,*,F,성마르,*,*,*,*
성명없,0,0,0,VA,*,T,성명없,*,*,*,*
성부르,0,0,0,VA,*,F,성부르,*,*,*,*
성스럽,0,0,0,VA,*,T,성스럽,*,*,*,*
성싶,0,0,0,VA,*,T,성싶,*,*,*,*
성큼하,0,0,0,VA,*,F,성큼하,*,*,*,*
성하,0,0,0,VA,*,F,성하,*,*,*,*
성화같,0,0,0,VA,*,T,성화같,*,*,*,*
성화스럽,0,0,0,VA,*,T,성화스럽,*,*,*,*
세,0,0,0,VA,*,F,세,*,*,*,*
세모나,0,0,0,VA,*,F,세모나,*,*,*,*
세모지,0,0,0,VA,*,F,세모지,*,*,*,*
세상없,0,0,0,VA,*,T,세상없,*,*,*,*
세차,0,0,0,VA,*,F,세차,*,*,*,*
섹시하,0,0,0,VA,*,F,섹시하,*,*,*,*
션찮,0,0,0,VA,*,T,션찮,*,*,*,*
소담스럽,0,0,0,VA,*,T,소담스럽,*,*,*,*
소심스럽,0,0,0,VA,*,T,소심스럽,*,*,*,*
소용없,0,0,0,VA,*,T,소용없,*,*,*,*
소원스럽,0,0,0,VA,*,T,소원스럽,*,*,*,*
소중스럽,0,0,0,VA,*,T,소중스럽,*,*,*,*
소홀하,0,0,0,VA,*,F,소홀하,*,*,*,*
속되,0,0,0,VA,*,F,속되,*,*,*,*
속상하,0,0,0,VA,*,F,속상하,*,*,*,*
속상허,0,0,0,VA,*,F,속상허,*,*,*,*
속없,0,0,0,VA,*,T,속없,*,*,*,*
속절없,0,0,0,VA,*,T,속절없,*,*,*,*
속좁,0,0,0,VA,*,T,속좁,*,*,*,*
손색없,0,0,0,VA,*,T,손색없,*,*,*,*
손쉽,0,0,0,VA,*,T,손쉽,*,*,*,*
솔찬허,0,0,0,VA,*,F,솔찬허,*,*,*,*
솔찮,0,0,0,VA,*,T,솔찮,*,*,*,*
송구스럽,0,0,0,VA,*,T,송구스럽,*,*,*,*
쇳되,0,0,0,VA,*,F,쇳되,*,*,*,*
쇼킹하,0,0,0,VA,*,F,쇼킹하,*,*,*,*
수굿하,0,0,0,VA,*,F,수굿하,*,*,*,*
수긋하,0,0,0,VA,*,F,수긋하,*,*,*,*
수많,0,0,0,VA,*,T,수많,*,*,*,*
수말스럽,0,0,0,VA,*,T,수말스럽,*,*,*,*
수미일관되,0,0,0,VA,*,F,수미일관되,*,*,*,*
수상스럽,0,0,0,VA,*,T,수상스럽,*,*,*,*
수상쩍,0,0,0,VA,*,T,수상쩍,*,*,*,*
수선스럽,0,0,0,VA,*,T,수선스럽,*,*,*,*
수없,0,0,0,VA,*,T,수없,*,*,*,*
수월스럽,0,0,0,VA,*,T,수월스럽,*,*,*,*
수월찮,0,0,0,VA,*,T,수월찮,*,*,*,*
수줍,0,0,0,VA,*,T,수줍,*,*,*,*
수집,0,0,0,VA,*,T,수집,*,*,*,*
수통스럽,0,0,0,VA,*,T,수통스럽,*,*,*,*
순박스럽,0,0,0,VA,*,T,순박스럽,*,*,*,*
순직스럽,0,0,0,VA,*,T,순직스럽,*,*,*,*
순진스럽,0,0,0,VA,*,T,순진스럽,*,*,*,*
순하,0,0,0,VA,*,F,순하,*,*,*,*
숨가쁘,0,0,0,VA,*,F,숨가쁘,*,*,*,*
숨김없,0,0,0,VA,*,T,숨김없,*,*,*,*
숨차,0,0,0,VA,*,F,숨차,*,*,*,*
숫되,0,0,0,VA,*,F,숫되,*,*,*,*
숫접,0,0,0,VA,*,T,숫접,*,*,*,*
숫지,0,0,0,VA,*,F,숫지,*,*,*,*
숫하,0,0,0,VA,*,F,숫하,*,*,*,*
숭물스럽,0,0,0,VA,*,T,숭물스럽,*,*,*,*
숭하,0,0,0,VA,*,F,숭하,*,*,*,*
숭허,0,0,0,VA,*,F,숭허,*,*,*,*
숱하,0,0,0,VA,*,F,숱하,*,*,*,*
쉽,0,0,0,VA,*,T,쉽,*,*,*,*
스럽,0,0,0,VA,*,T,스럽,*,*,*,*
스산스럽,0,0,0,VA,*,T,스산스럽,*,*,*,*
스스럼없,0,0,0,VA,*,T,스스럼없,*,*,*,*
스스럽,0,0,0,VA,*,T,스스럽,*,*,*,*
슬겁,0,0,0,VA,*,T,슬겁,*,*,*,*
슬푸,0,0,0,VA,*,F,슬푸,*,*,*,*
슬프,0,0,0,VA,*,F,슬프,*,*,*,*
슬프디슬프,0,0,0,VA,*,F,슬프디슬프,*,*,*,*
슴슴하,0,0,0,VA,*,F,슴슴하,*,*,*,*
습지,0,0,0,VA,*,F,습지,*,*,*,*
습하,0,0,0,VA,*,F,습하,*,*,*,*
승하,0,0,0,VA,*,F,승하,*,*,*,*
시,0,0,0,VA,*,F,시,*,*,*,*
시건드러지,0,0,0,VA,*,F,시건드러지,*,*,*,*
시건방지,0,0,0,VA,*,F,시건방지,*,*,*,*
시그럽,0,0,0,VA,*,T,시그럽,*,*,*,*
시꺼멓,0,0,0,VA,*,T,시꺼멓,*,*,*,*
시꺼믛,0,0,0,VA,*,T,시꺼믛,*,*,*,*
시끄럽,0,0,0,VA,*,T,시끄럽,*,*,*,*
시끌맞,0,0,0,VA,*,T,시끌맞,*,*,*,*
시누렇,0,0,0,VA,*,T,시누렇,*,*,*,*
시답,0,0,0,VA,*,T,시답,*,*,*,*
시답잖,0,0,0,VA,*,T,시답잖,*,*,*,*
시덥,0,0,0,VA,*,T,시덥,*,*,*,*
시덥잖,0,0,0,VA,*,T,시덥잖,*,*,*,*
시들스럽,0,0,0,VA,*,T,시들스럽,*,*,*,*
시디시,0,0,0,VA,*,F,시디시,*,*,*,*
시뜻하,0,0,0,VA,*,F,시뜻하,*,*,*,*
시렵,0,0,0,VA,*,T,시렵,*,*,*,*
시름겹,0,0,0,VA,*,T,시름겹,*,*,*,*
시리,0,0,0,VA,*,F,시리,*,*,*,*
시망스럽,0,0,0,VA,*,T,시망스럽,*,*,*,*
시뻐겋,0,0,0,VA,*,T,시뻐겋,*,*,*,*
시뻘겋,0,0,0,VA,*,T,시뻘겋,*,*,*,*
시뿌옇,0,0,0,VA,*,T,시뿌옇,*,*,*,*
시쁘,0,0,0,VA,*,F,시쁘,*,*,*,*
시쁜하,0,0,0,VA,*,F,시쁜하,*,*,*,*
시시껄렁하,0,0,0,VA,*,F,시시껄렁하,*,*,*,*
시원스럽,0,0,0,VA,*,T,시원스럽,*,*,*,*
시원찮,0,0,0,VA,*,T,시원찮,*,*,*,*
시장스럽,0,0,0,VA,*,T,시장스럽,*,*,*,*
시커멓,0,0,0,VA,*,T,시커멓,*,*,*,*
시컴하,0,0,0,VA,*,F,시컴하,*,*,*,*
시퉁머리스럽,0,0,0,VA,*,T,시퉁머리스럽,*,*,*,*
시퉁스럽,0,0,0,VA,*,T,시퉁스럽,*,*,*,*
시퍼렇,0,0,0,VA,*,T,시퍼렇,*,*,*,*
시푸르,0,0,0,VA,*,F,시푸르,*,*,*,*
시허옇,0,0,0,VA,*,T,시허옇,*,*,*,*
식,0,0,0,VA,*,T,식,*,*,*,*
신기스럽,0,0,0,VA,*,T,신기스럽,*,*,*,*
신명스럽,0,0,0,VA,*,T,신명스럽,*,*,*,*
신명지,0,0,0,VA,*,F,신명지,*,*,*,*
신비스럽,0,0,0,VA,*,T,신비스럽,*,*,*,*
신성스럽,0,0,0,VA,*,T,신성스럽,*,*,*,*
신통스럽,0,0,0,VA,*,T,신통스럽,*,*,*,*
신통찮,0,0,0,VA,*,T,신통찮,*,*,*,*
신풍스럽,0,0,0,VA,*,T,신풍스럽,*,*,*,*
실답,0,0,0,VA,*,T,실답,*,*,*,*
실없,0,0,0,VA,*,T,실없,*,*,*,*
실팍지,0,0,0,VA,*,F,실팍지,*,*,*,*
실하,0,0,0,VA,*,F,실하,*,*,*,*
실허,0,0,0,VA,*,F,실허,*,*,*,*
싫,0,0,0,VA,*,T,싫,*,*,*,*
심들,0,0,0,VA,*,T,심들,*,*,*,*
심란스럽,0,0,0,VA,*,T,심란스럽,*,*,*,*
심상스럽,0,0,0,VA,*,T,심상스럽,*,*,*,*
심상찮,0,0,0,VA,*,T,심상찮,*,*,*,*
심술궂,0,0,0,VA,*,T,심술궂,*,*,*,*
심심찮,0,0,0,VA,*,T,심심찮,*,*,*,*
심악스럽,0,0,0,VA,*,T,심악스럽,*,*,*,*
심하,0,0,0,VA,*,F,심하,*,*,*,*
싯누렇,0,0,0,VA,*,T,싯누렇,*,*,*,*
싯멀겋,0,0,0,VA,*,T,싯멀겋,*,*,*,*
싯벌겋,0,0,0,VA,*,T,싯벌겋,*,*,*,*
싯푸르,0,0,0,VA,*,F,싯푸르,*,*,*,*
싱검하,0,0,0,VA,*,F,싱검하,*,*,*,*
싱겁,0,0,0,VA,*,T,싱겁,*,*,*,*
싱그럽,0,0,0,VA,*,T,싱그럽,*,*,*,*
싱숭하,0,0,0,VA,*,F,싱숭하,*,*,*,*
싶,0,0,0,VA,*,T,싶,*,*,*,*
싸,0,0,0,VA,*,F,싸,*,*,*,*
싸납,0,0,0,VA,*,T,싸납,*,*,*,*
싸느랗,0,0,0,VA,*,T,싸느랗,*,*,*,*
싸아하,0,0,0,VA,*,F,싸아하,*,*,*,*
싸하,0,0,0,VA,*,F,싸하,*,*,*,*
싹수없,0,0,0,VA,*,T,싹수없,*,*,*,*
쌀쌀맞,0,0,0,VA,*,T,쌀쌀맞,*,*,*,*
쌀쌀스럽,0,0,0,VA,*,T,쌀쌀스럽,*,*,*,*
쌍꺼풀지,0,0,0,VA,*,F,쌍꺼풀지,*,*,*,*
쌍스럽,0,0,0,VA,*,T,쌍스럽,*,*,*,*
쌔,0,0,0,VA,*,F,쌔,*,*,*,*
쌔까맣,0,0,0,VA,*,T,쌔까맣,*,*,*,*
써느렇,0,0,0,VA,*,T,써느렇,*,*,*,*
쎄,0,0,0,VA,*,F,쎄,*,*,*,*
쎼,0,0,0,VA,*,F,쎼,*,*,*,*
쏜살같,0,0,0,VA,*,T,쏜살같,*,*,*,*
쑥스럽,0,0,0,VA,*,T,쑥스럽,*,*,*,*
쑥쓰럽,0,0,0,VA,*,T,쑥쓰럽,*,*,*,*
쑥씨렵,0,0,0,VA,*,T,쑥씨렵,*,*,*,*
쓰,0,0,0,VA,*,F,쓰,*,*,*,*
쓰고프,0,0,0,VA,*,F,쓰고프,*,*,*,*
쓰디쓰,0,0,0,VA,*,F,쓰디쓰,*,*,*,*
쓰라리,0,0,0,VA,*,F,쓰라리,*,*,*,*
쓰리,0,0,0,VA,*,F,쓰리,*,*,*,*
쓸데없,0,0,0,VA,*,T,쓸데없,*,*,*,*
쓸데웂,0,0,0,VA,*,T,쓸데웂,*,*,*,*
쓸모없,0,0,0,VA,*,T,쓸모없,*,*,*,*
쓸모있,0,0,0,VA,*,T,쓸모있,*,*,*,*
씨,0,0,0,VA,*,F,씨,*,*,*,*
씨꺼멓,0,0,0,VA,*,T,씨꺼멓,*,*,*,*
씨식잖,0,0,0,VA,*,T,씨식잖,*,*,*,*
씨커멓,0,0,0,VA,*,T,씨커멓,*,*,*,*
씰데없,0,0,0,VA,*,T,씰데없,*,*,*,*
아귀차,0,0,0,VA,*,F,아귀차,*,*,*,*
아금박스럽,0,0,0,VA,*,T,아금박스럽,*,*,*,*
아금받,0,0,0,VA,*,T,아금받,*,*,*,*
아기꼽살스럽,0,0,0,VA,*,T,아기꼽살스럽,*,*,*,*
아깝,0,0,0,VA,*,T,아깝,*,*,*,*
아깝잖,0,0,0,VA,*,T,아깝잖,*,*,*,*
아낌없,0,0,0,VA,*,T,아낌없,*,*,*,*
아니,0,0,0,VA,*,F,아니,*,*,*,*
아니꼽,0,0,0,VA,*,T,아니꼽,*,*,*,*
아니꼽살스럽,0,0,0,VA,*,T,아니꼽살스럽,*,*,*,*
아담스럽,0,0,0,VA,*,T,아담스럽,*,*,*,*
아랑곳없,0,0,0,VA,*,T,아랑곳없,*,*,*,*
아롱지,0,0,0,VA,*,F,아롱지,*,*,*,*
아름답,0,0,0,VA,*,T,아름답,*,*,*,*
아름차,0,0,0,VA,*,F,아름차,*,*,*,*
아리,0,0,0,VA,*,F,아리,*,*,*,*
아리까리하,0,0,0,VA,*,F,아리까리하,*,*,*,*
아리땁,0,0,0,VA,*,T,아리땁,*,*,*,*
아무러하,0,0,0,VA,*,F,아무러하,*,*,*,*
아무렇,0,0,0,VA,*,T,아무렇,*,*,*,*
아무렇지않,0,0,0,VA,*,T,아무렇지않,*,*,*,*
아쉽,0,0,0,VA,*,T,아쉽,*,*,*,*
아쉽잖,0,0,0,VA,*,T,아쉽잖,*,*,*,*
아스랗,0,0,0,VA,*,T,아스랗,*,*,*,*
아슬하,0,0,0,VA,*,F,아슬하,*,*,*,*
아쌀하,0,0,0,VA,*,F,아쌀하,*,*,*,*
아양스럽,0,0,0,VA,*,T,아양스럽,*,*,*,*
아파,0,0,0,VA,*,F,아파,*,*,*,*
아푸,0,0,0,VA,*,F,아푸,*,*,*,*
아프,0,0,0,VA,*,F,아프,*,*,*,*
악독스럽,0,0,0,VA,*,T,악독스럽,*,*,*,*
악세,0,0,0,VA,*,F,악세,*,*,*,*
악지스럽,0,0,0,VA,*,T,악지스럽,*,*,*,*
악착같,0,0,0,VA,*,T,악착같,*,*,*,*
악착스럽,0,0,0,VA,*,T,악착스럽,*,*,*,*
악하,0,0,0,VA,*,F,악하,*,*,*,*
안녕하,0,0,0,VA,*,F,안녕하,*,*,*,*
안달스럽,0,0,0,VA,*,T,안달스럽,*,*,*,*
안되,0,0,0,VA,*,F,안되,*,*,*,*
안스럽,0,0,0,VA,*,T,안스럽,*,*,*,*
안쓰럽,0,0,0,VA,*,T,안쓰럽,*,*,*,*
안씨럽,0,0,0,VA,*,T,안씨럽,*,*,*,*
안타깝,0,0,0,VA,*,T,안타깝,*,*,*,*
않,0,0,0,VA,*,T,않,*,*,*,*
알맞,0,0,0,VA,*,T,알맞,*,*,*,*
알차,0,0,0,VA,*,F,알차,*,*,*,*
암상궂,0,0,0,VA,*,T,암상궂,*,*,*,*
암상스럽,0,0,0,VA,*,T,암상스럽,*,*,*,*
암울스럽,0,0,0,VA,*,T,암울스럽,*,*,*,*
암팡스럽,0,0,0,VA,*,T,암팡스럽,*,*,*,*
암팡지,0,0,0,VA,*,F,암팡지,*,*,*,*
앗싸리하,0,0,0,VA,*,F,앗싸리하,*,*,*,*
앙살궂,0,0,0,VA,*,T,앙살궂,*,*,*,*
앙살스럽,0,0,0,VA,*,T,앙살스럽,*,*,*,*
앙상궂,0,0,0,VA,*,T,앙상궂,*,*,*,*
앙상스럽,0,0,0,VA,*,T,앙상스럽,*,*,*,*
앙증맞,0,0,0,VA,*,T,앙증맞,*,*,*,*
앙증스럽,0,0,0,VA,*,T,앙증스럽,*,*,*,*
앙징맞,0,0,0,VA,*,T,앙징맞,*,*,*,*
앙징스럽,0,0,0,VA,*,T,앙징스럽,*,*,*,*
앙칼스럽,0,0,0,VA,*,T,앙칼스럽,*,*,*,*
앙칼지,0,0,0,VA,*,F,앙칼지,*,*,*,*
앙큼스럽,0,0,0,VA,*,T,앙큼스럽,*,*,*,*
앙하,0,0,0,VA,*,F,앙하,*,*,*,*
애긋,0,0,0,VA,*,T,애긋,*,*,*,*
애꿎,0,0,0,VA,*,T,애꿎,*,*,*,*
애꿏,0,0,0,VA,*,T,애꿏,*,*,*,*
애달프,0,0,0,VA,*,F,애달프,*,*,*,*
애닯,0,0,0,VA,*,T,애닯,*,*,*,*
애띠,0,0,0,VA,*,F,애띠,*,*,*,*
애바르,0,0,0,VA,*,F,애바르,*,*,*,*
애살스럽,0,0,0,VA,*,T,애살스럽,*,*,*,*
애상스럽,0,0,0,VA,*,T,애상스럽,*,*,*,*
애잔스럽,0,0,0,VA,*,T,애잔스럽,*,*,*,*
애잖,0,0,0,VA,*,T,애잖,*,*,*,*
애젊,0,0,0,VA,*,T,애젊,*,*,*,*
애처럽,0,0,0,VA,*,T,애처럽,*,*,*,*
애처롭,0,0,0,VA,*,T,애처롭,*,*,*,*
앰하,0,0,0,VA,*,F,앰하,*,*,*,*
앳되,0,0,0,VA,*,F,앳되,*,*,*,*
야릇스럽,0,0,0,VA,*,T,야릇스럽,*,*,*,*
야멸스럽,0,0,0,VA,*,T,야멸스럽,*,*,*,*
야멸차,0,0,0,VA,*,F,야멸차,*,*,*,*
야멸치,0,0,0,VA,*,F,야멸치,*,*,*,*
야무지,0,0,0,VA,*,F,야무지,*,*,*,*
야물,0,0,0,VA,*,T,야물,*,*,*,*
야물딱지,0,0,0,VA,*,F,야물딱지,*,*,*,*
야박스럽,0,0,0,VA,*,T,야박스럽,*,*,*,*
야비스럽,0,0,0,VA,*,T,야비스럽,*,*,*,*
야살스럽,0,0,0,VA,*,T,야살스럽,*,*,*,*
야속스럽,0,0,0,VA,*,T,야속스럽,*,*,*,*
야하,0,0,0,VA,*,F,야하,*,*,*,*
약,0,0,0,VA,*,T,약,*,*,*,*
약빠르,0,0,0,VA,*,F,약빠르,*,*,*,*
약삭빠르,0,0,0,VA,*,F,약삭빠르,*,*,*,*
약삭스럽,0,0,0,VA,*,T,약삭스럽,*,*,*,*
약싹빠르,0,0,0,VA,*,F,약싹빠르,*,*,*,*
약아빠지,0,0,0,VA,*,F,약아빠지,*,*,*,*
약하,0,0,0,VA,*,F,약하,*,*,*,*
약허,0,0,0,VA,*,F,약허,*,*,*,*
얄궂,0,0,0,VA,*,T,얄궂,*,*,*,*
얄따랗,0,0,0,VA,*,T,얄따랗,*,*,*,*
얄망스럽,0,0,0,VA,*,T,얄망스럽,*,*,*,*
얄밉,0,0,0,VA,*,T,얄밉,*,*,*,*
얄밉상스럽,0,0,0,VA,*,T,얄밉상스럽,*,*,*,*
얄짤없,0,0,0,VA,*,T,얄짤없,*,*,*,*
얄팍스럽,0,0,0,VA,*,T,얄팍스럽,*,*,*,*
얇,0,0,0,VA,*,T,얇,*,*,*,*
얇다랗,0,0,0,VA,*,T,얇다랗,*,*,*,*
얇디얇,0,0,0,VA,*,T,얇디얇,*,*,*,*
얌전스럽,0,0,0,VA,*,T,얌전스럽,*,*,*,*
얌전하,0,0,0,VA,*,F,얌전하,*,*,*,*
얍삽하,0,0,0,VA,*,F,얍삽하,*,*,*,*
양지바르,0,0,0,VA,*,F,양지바르,*,*,*,*
얕,0,0,0,VA,*,T,얕,*,*,*,*
얕다랗,0,0,0,VA,*,T,얕다랗,*,*,*,*
얕디얕,0,0,0,VA,*,T,얕디얕,*,*,*,*
얕으막하,0,0,0,VA,*,F,얕으막하,*,*,*,*
어긋맞,0,0,0,VA,*,T,어긋맞,*,*,*,*
어기차,0,0,0,VA,*,F,어기차,*,*,*,*
어김없,0,0,0,VA,*,T,어김없,*,*,*,*
어뀫,0,0,0,VA,*,T,어뀫,*,*,*,*
어더렇,0,0,0,VA,*,T,어더렇,*,*,*,*
어둑스레하,0,0,0,VA,*,F,어둑스레하,*,*,*,*
어둑시근하,0,0,0,VA,*,F,어둑시근하,*,*,*,*
어둑어둑하,0,0,0,VA,*,F,어둑어둑하,*,*,*,*
어둡,0,0,0,VA,*,T,어둡,*,*,*,*
어드렇,0,0,0,VA,*,T,어드렇,*,*,*,*
어딨,0,0,0,VA,*,T,어딨,*,*,*,*
어떠,0,0,0,VA,*,F,어떠,*,*,*,*
어떠어떻,0,0,0,VA,*,T,어떠어떻,*,*,*,*
어떠하,0,0,0,VA,*,F,어떠하,*,*,*,*
어떻,0,0,0,VA,*,T,어떻,*,*,*,*
어떻하,0,0,0,VA,*,F,어떻하,*,*,*,*
어띃,0,0,0,VA,*,T,어띃,*,*,*,*
어럽,0,0,0,VA,*,T,어럽,*,*,*,*
어렵,0,0,0,VA,*,T,어렵,*,*,*,*
어룽지,0,0,0,VA,*,F,어룽지,*,*,*,*
어리,0,0,0,VA,*,F,어리,*,*,*,*
어리벙벙하,0,0,0,VA,*,F,어리벙벙하,*,*,*,*
어리석,0,0,0,VA,*,T,어리석,*,*,*,*
어리셕,0,0,0,VA,*,T,어리셕,*,*,*,*
어리숙하,0,0,0,VA,*,F,어리숙하,*,*,*,*
어림없,0,0,0,VA,*,T,어림없,*,*,*,*
어마,0,0,0,VA,*,F,어마,*,*,*,*
어설프,0,0,0,VA,*,F,어설프,*,*,*,*
어스름하,0,0,0,VA,*,F,어스름하,*,*,*,*
어슬프,0,0,0,VA,*,F,어슬프,*,*,*,*
어여쁘,0,0,0,VA,*,F,어여쁘,*,*,*,*
어울리,0,0,0,VA,*,F,어울리,*,*,*,*
어이없,0,0,0,VA,*,T,어이없,*,*,*,*
어정뜨,0,0,0,VA,*,F,어정뜨,*,*,*,*
어줍,0,0,0,VA,*,T,어줍,*,*,*,*
어줍잖,0,0,0,VA,*,T,어줍잖,*,*,*,*
어중되,0,0,0,VA,*,F,어중되,*,*,*,*
어중띠,0,0,0,VA,*,F,어중띠,*,*,*,*
어지럽,0,0,0,VA,*,T,어지럽,*,*,*,*
어질,0,0,0,VA,*,T,어질,*,*,*,*
어쩧,0,0,0,VA,*,T,어쩧,*,*,*,*
어쭙,0,0,0,VA,*,T,어쭙,*,*,*,*
어쭙잖,0,0,0,VA,*,T,어쭙잖,*,*,*,*
어쭙지않,0,0,0,VA,*,T,어쭙지않,*,*,*,*
어처구니없,0,0,0,VA,*,T,어처구니없,*,*,*,*
어푸수수하,0,0,0,VA,*,F,어푸수수하,*,*,*,*
억세,0,0,0,VA,*,F,억세,*,*,*,*
억수같,0,0,0,VA,*,T,억수같,*,*,*,*
억척같,0,0,0,VA,*,T,억척같,*,*,*,*
억척스럽,0,0,0,VA,*,T,억척스럽,*,*,*,*
언덕지,0,0,0,VA,*,F,언덕지,*,*,*,*
언짢,0,0,0,VA,*,T,언짢,*,*,*,*
언찮,0,0,0,VA,*,T,언찮,*,*,*,*
얻,0,0,0,VA,*,T,얻,*,*,*,*
얼들,0,0,0,VA,*,T,얼들,*,*,*,*
얼뜨,0,0,0,VA,*,F,얼뜨,*,*,*,*
얼큰하,0,0,0,VA,*,F,얼큰하,*,*,*,*
얼토당토안하,0,0,0,VA,*,F,얼토당토안하,*,*,*,*
얼토당토않,0,0,0,VA,*,T,얼토당토않,*,*,*,*
엄전스럽,0,0,0,VA,*,T,엄전스럽,*,*,*,*
엄청나,0,0,0,VA,*,F,엄청나,*,*,*,*
엄청스럽,0,0,0,VA,*,T,엄청스럽,*,*,*,*
엄하,0,0,0,VA,*,F,엄하,*,*,*,*
없,0,0,0,VA,*,T,없,*,*,*,*
없다,0,0,0,VA,*,F,없다,*,*,*,*
없잖,0,0,0,VA,*,T,없잖,*,*,*,*
엇지,0,0,0,VA,*,F,엇지,*,*,*,*
엉거주춤하,0,0,0,VA,*,F,엉거주춤하,*,*,*,*
엉뚱스럽,0,0,0,VA,*,T,엉뚱스럽,*,*,*,*
엉성궂,0,0,0,VA,*,T,엉성궂,*,*,*,*
엉성스럽,0,0,0,VA,*,T,엉성스럽,*,*,*,*
엉큼스럽,0,0,0,VA,*,T,엉큼스럽,*,*,*,*
엉터리없,0,0,0,VA,*,T,엉터리없,*,*,*,*
에굽,0,0,0,VA,*,T,에굽,*,*,*,*
에리,0,0,0,VA,*,F,에리,*,*,*,*
엔간하,0,0,0,VA,*,F,엔간하,*,*,*,*
엥간하,0,0,0,VA,*,F,엥간하,*,*,*,*
여깄,0,0,0,VA,*,T,여깄,*,*,*,*
여리,0,0,0,VA,*,F,여리,*,*,*,*
여리디여리,0,0,0,VA,*,F,여리디여리,*,*,*,*
여무지,0,0,0,VA,*,F,여무지,*,*,*,*
여물,0,0,0,VA,*,T,여물,*,*,*,*
여물딱지,0,0,0,VA,*,F,여물딱지,*,*,*,*
여북하,0,0,0,VA,*,F,여북하,*,*,*,*
여뿌,0,0,0,VA,*,F,여뿌,*,*,*,*
여상스럽,0,0,0,VA,*,T,여상스럽,*,*,*,*
여여하,0,0,0,VA,*,F,여여하,*,*,*,*
여유롭,0,0,0,VA,*,T,여유롭,*,*,*,*
여유있,0,0,0,VA,*,T,여유있,*,*,*,*
여의ㅎ,0,0,0,VA,*,F,여의ㅎ,*,*,*,*
여의찮,0,0,0,VA,*,T,여의찮,*,*,*,*
여지없,0,0,0,VA,*,T,여지없,*,*,*,*
여차직하,0,0,0,VA,*,F,여차직하,*,*,*,*
역겨웁,0,0,0,VA,*,T,역겨웁,*,*,*,*
역겹,0,0,0,VA,*,T,역겹,*,*,*,*
역스럽,0,0,0,VA,*,T,역스럽,*,*,*,*
역정스럽,0,0,0,VA,*,T,역정스럽,*,*,*,*
역하,0,0,0,VA,*,F,역하,*,*,*,*
연노랗,0,0,0,VA,*,T,연노랗,*,*,*,*
연붉,0,0,0,VA,*,T,연붉,*,*,*,*
연푸르,0,0,0,VA,*,F,연푸르,*,*,*,*
연하,0,0,0,VA,*,F,연하,*,*,*,*
열광스럽,0,0,0,VA,*,T,열광스럽,*,*,*,*
열따랗,0,0,0,VA,*,T,열따랗,*,*,*,*
열띠,0,0,0,VA,*,F,열띠,*,*,*,*
열없,0,0,0,VA,*,T,열없,*,*,*,*
열적,0,0,0,VA,*,T,열적,*,*,*,*
열쩍,0,0,0,VA,*,T,열쩍,*,*,*,*
열퉁적,0,0,0,VA,*,T,열퉁적,*,*,*,*
열퉁쩍,0,0,0,VA,*,T,열퉁쩍,*,*,*,*
열하,0,0,0,VA,*,F,열하,*,*,*,*
엷,0,0,0,VA,*,T,엷,*,*,*,*
엷붉,0,0,0,VA,*,T,엷붉,*,*,*,*
염치없,0,0,0,VA,*,T,염치없,*,*,*,*
염하,0,0,0,VA,*,F,염하,*,*,*,*
엿같,0,0,0,VA,*,T,엿같,*,*,*,*
영걸스럽,0,0,0,VA,*,T,영걸스럽,*,*,*,*
영검스럽,0,0,0,VA,*,T,영검스럽,*,*,*,*
영락없,0,0,0,VA,*,T,영락없,*,*,*,*
영맹스럽,0,0,0,VA,*,T,영맹스럽,*,*,*,*
영민스럽,0,0,0,VA,*,T,영민스럽,*,*,*,*
영성스럽,0,0,0,VA,*,T,영성스럽,*,*,*,*
영악스럽,0,0,0,VA,*,T,영악스럽,*,*,*,*
영예스럽,0,0,0,VA,*,T,영예스럽,*,*,*,*
영특스럽,0,0,0,VA,*,T,영특스럽,*,*,*,*
영하,0,0,0,VA,*,F,영하,*,*,*,*
영험스럽,0,0,0,VA,*,T,영험스럽,*,*,*,*
옅,0,0,0,VA,*,T,옅,*,*,*,*
옅디옅,0,0,0,VA,*,T,옅디옅,*,*,*,*
예뿌,0,0,0,VA,*,F,예뿌,*,*,*,*
예쁘,0,0,0,VA,*,F,예쁘,*,*,*,*
예쁘장스럽,0,0,0,VA,*,T,예쁘장스럽,*,*,*,*
예쁘장하,0,0,0,VA,*,F,예쁘장하,*,*,*,*
예사스럽,0,0,0,VA,*,T,예사스럽,*,*,*,*
예스럽,0,0,0,VA,*,T,예스럽,*,*,*,*
옛스럽,0,0,0,VA,*,T,옛스럽,*,*,*,*
오달지,0,0,0,VA,*,F,오달지,*,*,*,*
오래,0,0,0,VA,*,F,오래,*,*,*,*
오래되,0,0,0,VA,*,F,오래되,*,*,*,*
오망스럽,0,0,0,VA,*,T,오망스럽,*,*,*,*
오목하,0,0,0,VA,*,F,오목하,*,*,*,*
오방지,0,0,0,VA,*,F,오방지,*,*,*,*
오죽잖,0,0,0,VA,*,T,오죽잖,*,*,*,*
오죽하,0,0,0,VA,*,F,오죽하,*,*,*,*
오지,0,0,0,VA,*,F,오지,*,*,*,*
옥,0,0,0,VA,*,T,옥,*,*,*,*
온데간데없,0,0,0,VA,*,T,온데간데없,*,*,*,*
온유스럽,0,0,0,VA,*,T,온유스럽,*,*,*,*
온화롭,0,0,0,VA,*,T,온화롭,*,*,*,*
온화스럽,0,0,0,VA,*,T,온화스럽,*,*,*,*
온후스럽,0,0,0,VA,*,T,온후스럽,*,*,*,*
올곧,0,0,0,VA,*,T,올곧,*,*,*,*
올곧잖,0,0,0,VA,*,T,올곧잖,*,*,*,*
올바르,0,0,0,VA,*,F,올바르,*,*,*,*
올차,0,0,0,VA,*,F,올차,*,*,*,*
옳,0,0,0,VA,*,T,옳,*,*,*,*
옳바르,0,0,0,VA,*,F,옳바르,*,*,*,*
옴팡지,0,0,0,VA,*,F,옴팡지,*,*,*,*
옹골지,0,0,0,VA,*,F,옹골지,*,*,*,*
옹골차,0,0,0,VA,*,F,옹골차,*,*,*,*
옹글,0,0,0,VA,*,T,옹글,*,*,*,*
옹색스럽,0,0,0,VA,*,T,옹색스럽,*,*,*,*
옹졸스럽,0,0,0,VA,*,T,옹졸스럽,*,*,*,*
옹차,0,0,0,VA,*,F,옹차,*,*,*,*
왁살스럽,0,0,0,VA,*,T,왁살스럽,*,*,*,*
완고스럽,0,0,0,VA,*,T,완고스럽,*,*,*,*
완만스럽,0,0,0,VA,*,T,완만스럽,*,*,*,*
완벽스럽,0,0,0,VA,*,T,완벽스럽,*,*,*,*
왜퉁스럽,0,0,0,VA,*,T,왜퉁스럽,*,*,*,*
외,0,0,0,VA,*,F,외,*,*,*,*
외경스럽,0,0,0,VA,*,T,외경스럽,*,*,*,*
외따롭,0,0,0,VA,*,T,외따롭,*,*,*,*
외람되,0,0,0,VA,*,F,외람되,*,*,*,*
외람스럽,0,0,0,VA,*,T,외람스럽,*,*,*,*
외롭,0,0,0,VA,*,T,외롭,*,*,*,*
외지,0,0,0,VA,*,F,외지,*,*,*,*
요기스럽,0,0,0,VA,*,T,요기스럽,*,*,*,*
요란스럽,0,0,0,VA,*,T,요란스럽,*,*,*,*
요렇,0,0,0,VA,*,T,요렇,*,*,*,*
요망스럽,0,0,0,VA,*,T,요망스럽,*,*,*,*
요사스럽,0,0,0,VA,*,T,요사스럽,*,*,*,*
요상스럽,0,0,0,VA,*,T,요상스럽,*,*,*,*
요상하,0,0,0,VA,*,F,요상하,*,*,*,*
요상허,0,0,0,VA,*,F,요상허,*,*,*,*
요행스럽,0,0,0,VA,*,T,요행스럽,*,*,*,*
용감스럽,0,0,0,VA,*,T,용감스럽,*,*,*,*
용렬스럽,0,0,0,VA,*,T,용렬스럽,*,*,*,*
용천맞,0,0,0,VA,*,T,용천맞,*,*,*,*
용천스럽,0,0,0,VA,*,T,용천스럽,*,*,*,*
용하,0,0,0,VA,*,F,용하,*,*,*,*
용허,0,0,0,VA,*,F,용허,*,*,*,*
우둔스럽,0,0,0,VA,*,T,우둔스럽,*,*,*,*
우람스럽,0,0,0,VA,*,T,우람스럽,*,*,*,*
우람지,0,0,0,VA,*,F,우람지,*,*,*,*
우람차,0,0,0,VA,*,F,우람차,*,*,*,*
우렁차,0,0,0,VA,*,F,우렁차,*,*,*,*
우리하,0,0,0,VA,*,F,우리하,*,*,*,*
우섭,0,0,0,VA,*,T,우섭,*,*,*,*
우세스럽,0,0,0,VA,*,T,우세스럽,*,*,*,*
우수꽝스럽,0,0,0,VA,*,T,우수꽝스럽,*,*,*,*
우숩,0,0,0,VA,*,T,우숩,*,*,*,*
우스꽝스럽,0,0,0,VA,*,T,우스꽝스럽,*,*,*,*
우습,0,0,0,VA,*,T,우습,*,*,*,*
우습광스럽,0,0,0,VA,*,T,우습광스럽,*,*,*,*
우습꽝스럽,0,0,0,VA,*,T,우습꽝스럽,*,*,*,*
우아스럽,0,0,0,VA,*,T,우아스럽,*,*,*,*
우악스럽,0,0,0,VA,*,T,우악스럽,*,*,*,*
우연찮,0,0,0,VA,*,T,우연찮,*,*,*,*
우중충하,0,0,0,VA,*,F,우중충하,*,*,*,*
우직스럽,0,0,0,VA,*,T,우직스럽,*,*,*,*
우쭈렁하,0,0,0,VA,*,F,우쭈렁하,*,*,*,*
우하,0,0,0,VA,*,F,우하,*,*,*,*
욱,0,0,0,VA,*,T,욱,*,*,*,*
움푹지,0,0,0,VA,*,F,움푹지,*,*,*,*
웁,0,0,0,VA,*,T,웁,*,*,*,*
웂,0,0,0,VA,*,T,웂,*,*,*,*
웃,0,0,0,VA,*,T,웃,*,*,*,*
웅숭깊,0,0,0,VA,*,T,웅숭깊,*,*,*,*
워떻,0,0,0,VA,*,T,워떻,*,*,*,*
워뗳,0,0,0,VA,*,T,워뗳,*,*,*,*
웬간하,0,0,0,VA,*,F,웬간하,*,*,*,*
위두하,0,0,0,VA,*,F,위두하,*,*,*,*
위풍스럽,0,0,0,VA,*,T,위풍스럽,*,*,*,*
유난스럽,0,0,0,VA,*,T,유난스럽,*,*,*,*
유다르,0,0,0,VA,*,F,유다르,*,*,*,*
유례없,0,0,0,VA,*,T,유례없,*,*,*,*
유머러스하,0,0,0,VA,*,F,유머러스하,*,*,*,*
유별나,0,0,0,VA,*,F,유별나,*,*,*,*
유별스럽,0,0,0,VA,*,T,유별스럽,*,*,*,*
유하,0,0,0,VA,*,F,유하,*,*,*,*
육중스럽,0,0,0,VA,*,T,육중스럽,*,*,*,*
으딨,0,0,0,VA,*,T,으딨,*,*,*,*
으떻,0,0,0,VA,*,T,으떻,*,*,*,*
으뜨,0,0,0,VA,*,F,으뜨,*,*,*,*
으스름하,0,0,0,VA,*,F,으스름하,*,*,*,*
은근스럽,0,0,0,VA,*,T,은근스럽,*,*,*,*
은밀스럽,0,0,0,VA,*,T,은밀스럽,*,*,*,*
을씨년스럽,0,0,0,VA,*,T,을씨년스럽,*,*,*,*
을씨년하,0,0,0,VA,*,F,을씨년하,*,*,*,*
음산스럽,0,0,0,VA,*,T,음산스럽,*,*,*,*
음충맞,0,0,0,VA,*,T,음충맞,*,*,*,*
음침스럽,0,0,0,VA,*,T,음침스럽,*,*,*,*
음하,0,0,0,VA,*,F,음하,*,*,*,*
음흉스럽,0,0,0,VA,*,T,음흉스럽,*,*,*,*
읎,0,0,0,VA,*,T,읎,*,*,*,*
응달지,0,0,0,VA,*,F,응달지,*,*,*,*
의롭,0,0,0,VA,*,T,의롭,*,*,*,*
의뭉스럽,0,0,0,VA,*,T,의뭉스럽,*,*,*,*
의심쩍,0,0,0,VA,*,T,의심쩍,*,*,*,*
의아롭,0,0,0,VA,*,T,의아롭,*,*,*,*
의아스럽,0,0,0,VA,*,T,의아스럽,*,*,*,*
의젓잖,0,0,0,VA,*,T,의젓잖,*,*,*,*
의좋,0,0,0,VA,*,T,의좋,*,*,*,*
이,0,0,0,VA,*,F,이,*,*,*,*
이러,0,0,0,VA,*,F,이러,*,*,*,*
이러이러하,0,0,0,VA,*,F,이러이러하,*,*,*,*
이러저러하,0,0,0,VA,*,F,이러저러하,*,*,*,*
이러저렇,0,0,0,VA,*,T,이러저렇,*,*,*,*
이러하,0,0,0,VA,*,F,이러하,*,*,*,*
이렇,0,0,0,VA,*,T,이렇,*,*,*,*
이롭,0,0,0,VA,*,T,이롭,*,*,*,*
이르,0,0,0,VA,*,F,이르,*,*,*,*
이르렇,0,0,0,VA,*,T,이르렇,*,*,*,*
이릏,0,0,0,VA,*,T,이릏,*,*,*,*
이물스럽,0,0,0,VA,*,T,이물스럽,*,*,*,*
이쁘,0,0,0,VA,*,F,이쁘,*,*,*,*
이쁘장스럽,0,0,0,VA,*,T,이쁘장스럽,*,*,*,*
이상스럽,0,0,0,VA,*,T,이상스럽,*,*,*,*
이악스럽,0,0,0,VA,*,T,이악스럽,*,*,*,*
이옇,0,0,0,VA,*,T,이옇,*,*,*,*
이윽하,0,0,0,VA,*,F,이윽하,*,*,*,*
이지랑스럽,0,0,0,VA,*,T,이지랑스럽,*,*,*,*
이지러,0,0,0,VA,*,F,이지러,*,*,*,*
이채롭,0,0,0,VA,*,T,이채롭,*,*,*,*
익,0,0,0,VA,*,T,익,*,*,*,*
익살맞,0,0,0,VA,*,T,익살맞,*,*,*,*
인상깊,0,0,0,VA,*,T,인상깊,*,*,*,*
인자스럽,0,0,0,VA,*,T,인자스럽,*,*,*,*
인정사정없,0,0,0,VA,*,T,인정사정없,*,*,*,*
일매지,0,0,0,VA,*,F,일매지,*,*,*,*
일없,0,0,0,VA,*,T,일없,*,*,*,*
읽,0,0,0,VA,*,T,읽,*,*,*,*
입,0,0,0,VA,*,T,입,*,*,*,*
입바르,0,0,0,VA,*,F,입바르,*,*,*,*
입빠르,0,0,0,VA,*,F,입빠르,*,*,*,*
잇,0,0,0,VA,*,T,잇,*,*,*,*
있,0,0,0,VA,*,T,있,*,*,*,*
자,0,0,0,VA,*,F,자,*,*,*,*
자그럽,0,0,0,VA,*,T,자그럽,*,*,*,*
자그맣,0,0,0,VA,*,T,자그맣,*,*,*,*
자깝스럽,0,0,0,VA,*,T,자깝스럽,*,*,*,*
자다랗,0,0,0,VA,*,T,자다랗,*,*,*,*
자디잘,0,0,0,VA,*,T,자디잘,*,*,*,*
자리,0,0,0,VA,*,F,자리,*,*,*,*
자발스럽,0,0,0,VA,*,T,자발스럽,*,*,*,*
자발없,0,0,0,VA,*,T,자발없,*,*,*,*
자별나,0,0,0,VA,*,F,자별나,*,*,*,*
자상스럽,0,0,0,VA,*,T,자상스럽,*,*,*,*
자알나,0,0,0,VA,*,F,자알나,*,*,*,*
자애롭,0,0,0,VA,*,T,자애롭,*,*,*,*
자유롭,0,0,0,VA,*,T,자유롭,*,*,*,*
자자분하,0,0,0,VA,*,F,자자분하,*,*,*,*
자잔하,0,0,0,VA,*,F,자잔하,*,*,*,*
자혜롭,0,0,0,VA,*,T,자혜롭,*,*,*,*
작,0,0,0,VA,*,T,작,*,*,*,*
작다랗,0,0,0,VA,*,T,작다랗,*,*,*,*
작디작,0,0,0,VA,*,T,작디작,*,*,*,*
잔망스럽,0,0,0,VA,*,T,잔망스럽,*,*,*,*
잔밉,0,0,0,VA,*,T,잔밉,*,*,*,*
잔인스럽,0,0,0,VA,*,T,잔인스럽,*,*,*,*
잔조름하,0,0,0,VA,*,F,잔조름하,*,*,*,*
잗다랗,0,0,0,VA,*,T,잗다랗,*,*,*,*
잗닿,0,0,0,VA,*,T,잗닿,*,*,*,*
잘,0,0,0,VA,*,T,잘,*,*,*,*
잘나,0,0,0,VA,*,F,잘나,*,*,*,*
잘다랗,0,0,0,VA,*,T,잘다랗,*,*,*,*
잘디잘,0,0,0,VA,*,T,잘디잘,*,*,*,*
잘룩하,0,0,0,VA,*,F,잘룩하,*,*,*,*
잘빠지,0,0,0,VA,*,F,잘빠지,*,*,*,*
잘생기,0,0,0,VA,*,F,잘생기,*,*,*,*
잡되,0,0,0,VA,*,F,잡되,*,*,*,*
잡상스럽,0,0,0,VA,*,T,잡상스럽,*,*,*,*
잡스럽,0,0,0,VA,*,T,잡스럽,*,*,*,*
장하,0,0,0,VA,*,F,장하,*,*,*,*
장허,0,0,0,VA,*,F,장허,*,*,*,*
장황스럽,0,0,0,VA,*,T,장황스럽,*,*,*,*
잦,0,0,0,VA,*,T,잦,*,*,*,*
재,0,0,0,VA,*,F,재,*,*,*,*
재그럽,0,0,0,VA,*,T,재그럽,*,*,*,*
재미나,0,0,0,VA,*,F,재미나,*,*,*,*
재미없,0,0,0,VA,*,T,재미없,*,*,*,*
재미있,0,0,0,VA,*,T,재미있,*,*,*,*
재밌,0,0,0,VA,*,T,재밌,*,*,*,*
재바르,0,0,0,VA,*,F,재바르,*,*,*,*
재빠르,0,0,0,VA,*,F,재빠르,*,*,*,*
재사스럽,0,0,0,VA,*,T,재사스럽,*,*,*,*
재수없,0,0,0,VA,*,T,재수없,*,*,*,*
재싸,0,0,0,VA,*,F,재싸,*,*,*,*
잽싸,0,0,0,VA,*,F,잽싸,*,*,*,*
쟁그랍,0,0,0,VA,*,T,쟁그랍,*,*,*,*
쟁그럽,0,0,0,VA,*,T,쟁그럽,*,*,*,*
저깄,0,0,0,VA,*,T,저깄,*,*,*,*
저떻,0,0,0,VA,*,T,저떻,*,*,*,*
저러,0,0,0,VA,*,F,저러,*,*,*,*
저러하,0,0,0,VA,*,F,저러하,*,*,*,*
저렇,0,0,0,VA,*,T,저렇,*,*,*,*
저리,0,0,0,VA,*,F,저리,*,*,*,*
저질스럽,0,0,0,VA,*,T,저질스럽,*,*,*,*
적,0,0,0,VA,*,T,적,*,*,*,*
적막스럽,0,0,0,VA,*,T,적막스럽,*,*,*,*
적요롭,0,0,0,VA,*,T,적요롭,*,*,*,*
적잖,0,0,0,VA,*,T,적잖,*,*,*,*
젊,0,0,0,VA,*,T,젊,*,*,*,*
젊디젊,0,0,0,VA,*,T,젊디젊,*,*,*,*
젊잖,0,0,0,VA,*,T,젊잖,*,*,*,*
점잖,0,0,0,VA,*,T,점잖,*,*,*,*
정갈스럽,0,0,0,VA,*,T,정갈스럽,*,*,*,*
정겨웁,0,0,0,VA,*,T,정겨웁,*,*,*,*
정겹,0,0,0,VA,*,T,정겹,*,*,*,*
정교롭,0,0,0,VA,*,T,정교롭,*,*,*,*
정답,0,0,0,VA,*,T,정답,*,*,*,*
정신없,0,0,0,VA,*,T,정신없,*,*,*,*
정예롭,0,0,0,VA,*,T,정예롭,*,*,*,*
정하,0,0,0,VA,*,F,정하,*,*,*,*
젖,0,0,0,VA,*,T,젖,*,*,*,*
조,0,0,0,VA,*,F,조,*,*,*,*
조고맣,0,0,0,VA,*,T,조고맣,*,*,*,*
조그만씩하,0,0,0,VA,*,F,조그만씩하,*,*,*,*
조그만하,0,0,0,VA,*,F,조그만하,*,*,*,*
조그많,0,0,0,VA,*,T,조그많,*,*,*,*
조그맣,0,0,0,VA,*,T,조그맣,*,*,*,*
조렇,0,0,0,VA,*,T,조렇,*,*,*,*
조마조마하,0,0,0,VA,*,F,조마조마하,*,*,*,*
조붓하,0,0,0,VA,*,F,조붓하,*,*,*,*
조신스럽,0,0,0,VA,*,T,조신스럽,*,*,*,*
조악스럽,0,0,0,VA,*,T,조악스럽,*,*,*,*
조야스럽,0,0,0,VA,*,T,조야스럽,*,*,*,*
조옷,0,0,0,VA,*,T,조옷,*,*,*,*
조옿,0,0,0,VA,*,T,조옿,*,*,*,*
조잡스럽,0,0,0,VA,*,T,조잡스럽,*,*,*,*
족,0,0,0,VA,*,T,족,*,*,*,*
족하,0,0,0,VA,*,F,족하,*,*,*,*
존,0,0,0,VA,*,T,존,*,*,*,*
졸리,0,0,0,VA,*,F,졸리,*,*,*,*
졸립,0,0,0,VA,*,T,졸립,*,*,*,*
좀되,0,0,0,VA,*,F,좀되,*,*,*,*
좀상스럽,0,0,0,VA,*,T,좀상스럽,*,*,*,*
좀스럽,0,0,0,VA,*,T,좀스럽,*,*,*,*
좁,0,0,0,VA,*,T,좁,*,*,*,*
좁다랗,0,0,0,VA,*,T,좁다랗,*,*,*,*
좁디좁,0,0,0,VA,*,T,좁디좁,*,*,*,*
좁아터지,0,0,0,VA,*,F,좁아터지,*,*,*,*
종요롭,0,0,0,VA,*,T,종요롭,*,*,*,*
좆같,0,0,0,VA,*,T,좆같,*,*,*,*
좆나,0,0,0,VA,*,F,좆나,*,*,*,*
좋,0,0,0,VA,*,T,좋,*,*,*,*
좋아하,0,0,0,VA,*,F,좋아하,*,*,*,*
좋찮,0,0,0,VA,*,T,좋찮,*,*,*,*
죄꼬맣,0,0,0,VA,*,T,죄꼬맣,*,*,*,*
죄송스럽,0,0,0,VA,*,T,죄송스럽,*,*,*,*
죠,0,0,0,VA,*,F,죠,*,*,*,*
주되,0,0,0,VA,*,F,주되,*,*,*,*
주옥같,0,0,0,VA,*,T,주옥같,*,*,*,*
주의깊,0,0,0,VA,*,T,주의깊,*,*,*,*
주제넘,0,0,0,VA,*,T,주제넘,*,*,*,*
주착없,0,0,0,VA,*,T,주착없,*,*,*,*
주책없,0,0,0,VA,*,T,주책없,*,*,*,*
주체스럽,0,0,0,VA,*,T,주체스럽,*,*,*,*
줄,0,0,0,VA,*,T,줄,*,*,*,*
줄기차,0,0,0,VA,*,F,줄기차,*,*,*,*
중뿔나,0,0,0,VA,*,F,중뿔나,*,*,*,*
중하,0,0,0,VA,*,F,중하,*,*,*,*
중허,0,0,0,VA,*,F,중허,*,*,*,*
즉,0,0,0,VA,*,T,즉,*,*,*,*
즐거웁,0,0,0,VA,*,T,즐거웁,*,*,*,*
즐겁,0,0,0,VA,*,T,즐겁,*,*,*,*
즐기차,0,0,0,VA,*,F,즐기차,*,*,*,*
즘잖,0,0,0,VA,*,T,즘잖,*,*,*,*
증하,0,0,0,VA,*,F,증하,*,*,*,*
지,0,0,0,VA,*,F,지,*,*,*,*
지각없,0,0,0,VA,*,T,지각없,*,*,*,*
지겹,0,0,0,VA,*,T,지겹,*,*,*,*
지극스럽,0,0,0,VA,*,T,지극스럽,*,*,*,*
지긋지긋하,0,0,0,VA,*,F,지긋지긋하,*,*,*,*
지나치,0,0,0,VA,*,F,지나치,*,*,*,*
지대,0,0,0,VA,*,F,지대,*,*,*,*
지더리적,0,0,0,VA,*,T,지더리적,*,*,*,*
지독스럽,0,0,0,VA,*,T,지독스럽,*,*,*,*
지랄같,0,0,0,VA,*,T,지랄같,*,*,*,*
지리,0,0,0,VA,*,F,지리,*,*,*,*
지리하,0,0,0,VA,*,F,지리하,*,*,*,*
지성스럽,0,0,0,VA,*,T,지성스럽,*,*,*,*
지악스럽,0,0,0,VA,*,T,지악스럽,*,*,*,*
지저분스럽,0,0,0,VA,*,T,지저분스럽,*,*,*,*
진배없,0,0,0,VA,*,T,진배없,*,*,*,*
진실되,0,0,0,VA,*,F,진실되,*,*,*,*
진정하,0,0,0,VA,*,F,진정하,*,*,*,*
진푸르,0,0,0,VA,*,F,진푸르,*,*,*,*
진하,0,0,0,VA,*,F,진하,*,*,*,*
질,0,0,0,VA,*,T,질,*,*,*,*
질기,0,0,0,VA,*,F,질기,*,*,*,*
질탕스럽,0,0,0,VA,*,T,질탕스럽,*,*,*,*
질퍽지,0,0,0,VA,*,F,질퍽지,*,*,*,*
집,0,0,0,VA,*,T,집,*,*,*,*
집지,0,0,0,VA,*,F,집지,*,*,*,*
짓궂,0,0,0,VA,*,T,짓궂,*,*,*,*
짓꿎,0,0,0,VA,*,T,짓꿎,*,*,*,*
징그랍,0,0,0,VA,*,T,징그랍,*,*,*,*
징그랗,0,0,0,VA,*,T,징그랗,*,*,*,*
징그럽,0,0,0,VA,*,T,징그럽,*,*,*,*
징글맞,0,0,0,VA,*,T,징글맞,*,*,*,*
징글스럽,0,0,0,VA,*,T,징글스럽,*,*,*,*
징하,0,0,0,VA,*,F,징하,*,*,*,*
징허,0,0,0,VA,*,F,징허,*,*,*,*
짖궂,0,0,0,VA,*,T,짖궂,*,*,*,*
짙,0,0,0,VA,*,T,짙,*,*,*,*
짙노랗,0,0,0,VA,*,T,짙노랗,*,*,*,*
짙디짙,0,0,0,VA,*,T,짙디짙,*,*,*,*
짙붉,0,0,0,VA,*,T,짙붉,*,*,*,*
짙푸르,0,0,0,VA,*,F,짙푸르,*,*,*,*
짙푸르르,0,0,0,VA,*,F,짙푸르르,*,*,*,*
짚,0,0,0,VA,*,T,짚,*,*,*,*
짜,0,0,0,VA,*,F,짜,*,*,*,*
짜디짜,0,0,0,VA,*,F,짜디짜,*,*,*,*
짜르,0,0,0,VA,*,F,짜르,*,*,*,*
짜잔하,0,0,0,VA,*,F,짜잔하,*,*,*,*
짜하,0,0,0,VA,*,F,짜하,*,*,*,*
짝,0,0,0,VA,*,T,짝,*,*,*,*
짠하,0,0,0,VA,*,F,짠하,*,*,*,*
짤따랗,0,0,0,VA,*,T,짤따랗,*,*,*,*
짤루,0,0,0,VA,*,F,짤루,*,*,*,*
짧,0,0,0,VA,*,T,짧,*,*,*,*
짧디짧,0,0,0,VA,*,T,짧디짧,*,*,*,*
짬짬하,0,0,0,VA,*,F,짬짬하,*,*,*,*
째그맣,0,0,0,VA,*,T,째그맣,*,*,*,*
째지,0,0,0,VA,*,F,째지,*,*,*,*
째째하,0,0,0,VA,*,F,째째하,*,*,*,*
쨍하,0,0,0,VA,*,F,쨍하,*,*,*,*
쩔,0,0,0,VA,*,T,쩔,*,*,*,*
쪼그맣,0,0,0,VA,*,T,쪼그맣,*,*,*,*
쪼꼬마,0,0,0,VA,*,F,쪼꼬마,*,*,*,*
쪼끄맣,0,0,0,VA,*,T,쪼끄맣,*,*,*,*
쪼잖하,0,0,0,VA,*,F,쪼잖하,*,*,*,*
쫀쫀하,0,0,0,VA,*,F,쫀쫀하,*,*,*,*
쬐그맣,0,0,0,VA,*,T,쬐그맣,*,*,*,*
쬐끄만하,0,0,0,VA,*,F,쬐끄만하,*,*,*,*
쬐끄맣,0,0,0,VA,*,T,쬐끄맣,*,*,*,*
찌릇하,0,0,0,VA,*,F,찌릇하,*,*,*,*
찌릿하,0,0,0,VA,*,F,찌릿하,*,*,*,*
찌뿌두둥하,0,0,0,VA,*,F,찌뿌두둥하,*,*,*,*
찌뿌둥하,0,0,0,VA,*,F,찌뿌둥하,*,*,*,*
찐하,0,0,0,VA,*,F,찐하,*,*,*,*
찡하,0,0,0,VA,*,F,찡하,*,*,*,*
차,0,0,0,VA,*,F,차,*,*,*,*
차갑,0,0,0,VA,*,T,차갑,*,*,*,*
차겁,0,0,0,VA,*,T,차겁,*,*,*,*
차디차,0,0,0,VA,*,F,차디차,*,*,*,*
차지,0,0,0,VA,*,F,차지,*,*,*,*
차질,0,0,0,VA,*,T,차질,*,*,*,*
착하,0,0,0,VA,*,F,착하,*,*,*,*
착허,0,0,0,VA,*,F,착허,*,*,*,*
찬연스럽,0,0,0,VA,*,T,찬연스럽,*,*,*,*
찰지,0,0,0,VA,*,F,찰지,*,*,*,*
참담스럽,0,0,0,VA,*,T,참담스럽,*,*,*,*
참답,0,0,0,VA,*,T,참답,*,*,*,*
참되,0,0,0,VA,*,F,참되,*,*,*,*
참람스럽,0,0,0,VA,*,T,참람스럽,*,*,*,*
참하,0,0,0,VA,*,F,참하,*,*,*,*
찹,0,0,0,VA,*,T,찹,*,*,*,*
찹찹하,0,0,0,VA,*,F,찹찹하,*,*,*,*
창의롭,0,0,0,VA,*,T,창의롭,*,*,*,*
찾,0,0,0,VA,*,T,찾,*,*,*,*
채신머리없,0,0,0,VA,*,T,채신머리없,*,*,*,*
채신사납,0,0,0,VA,*,T,채신사납,*,*,*,*
처량스럽,0,0,0,VA,*,T,처량스럽,*,*,*,*
처신사납,0,0,0,VA,*,T,처신사납,*,*,*,*
처연스럽,0,0,0,VA,*,T,처연스럽,*,*,*,*
척하,0,0,0,VA,*,F,척하,*,*,*,*
천덕스럽,0,0,0,VA,*,T,천덕스럽,*,*,*,*
천박스럽,0,0,0,VA,*,T,천박스럽,*,*,*,*
천연덕스럽,0,0,0,VA,*,T,천연덕스럽,*,*,*,*
천연스럽,0,0,0,VA,*,T,천연스럽,*,*,*,*
천진스럽,0,0,0,VA,*,T,천진스럽,*,*,*,*
천하,0,0,0,VA,*,F,천하,*,*,*,*
천허,0,0,0,VA,*,F,천허,*,*,*,*
철겹,0,0,0,VA,*,T,철겹,*,*,*,*
철벽같,0,0,0,VA,*,T,철벽같,*,*,*,*
철석같,0,0,0,VA,*,T,철석같,*,*,*,*
철없,0,0,0,VA,*,T,철없,*,*,*,*
철통같,0,0,0,VA,*,T,철통같,*,*,*,*
청승맞,0,0,0,VA,*,T,청승맞,*,*,*,*
청승스럽,0,0,0,VA,*,T,청승스럽,*,*,*,*
초라스럽,0,0,0,VA,*,T,초라스럽,*,*,*,*
초롱초롱하,0,0,0,VA,*,F,초롱초롱하,*,*,*,*
초조롭,0,0,0,VA,*,T,초조롭,*,*,*,*
초조스럽,0,0,0,VA,*,T,초조스럽,*,*,*,*
촌스럽,0,0,0,VA,*,T,촌스럽,*,*,*,*
촌시럽,0,0,0,VA,*,T,촌시럽,*,*,*,*
추물스럽,0,0,0,VA,*,T,추물스럽,*,*,*,*
추악스럽,0,0,0,VA,*,T,추악스럽,*,*,*,*
추잡스럽,0,0,0,VA,*,T,추잡스럽,*,*,*,*
추접스럽,0,0,0,VA,*,T,추접스럽,*,*,*,*
추지,0,0,0,VA,*,F,추지,*,*,*,*
추하,0,0,0,VA,*,F,추하,*,*,*,*
출중나,0,0,0,VA,*,F,출중나,*,*,*,*
춥,0,0,0,VA,*,T,춥,*,*,*,*
충직스럽,0,0,0,VA,*,T,충직스럽,*,*,*,*
측은스럽,0,0,0,VA,*,T,측은스럽,*,*,*,*
치사스럽,0,0,0,VA,*,T,치사스럽,*,*,*,*
치신사납,0,0,0,VA,*,T,치신사납,*,*,*,*
치우,0,0,0,VA,*,F,치우,*,*,*,*
치째지,0,0,0,VA,*,F,치째지,*,*,*,*
친하,0,0,0,VA,*,F,친하,*,*,*,*
칠칠맞,0,0,0,VA,*,T,칠칠맞,*,*,*,*
칠칠찮,0,0,0,VA,*,T,칠칠찮,*,*,*,*
침통스럽,0,0,0,VA,*,T,침통스럽,*,*,*,*
칩,0,0,0,VA,*,T,칩,*,*,*,*
캄캄하,0,0,0,VA,*,F,캄캄하,*,*,*,*
커다랗,0,0,0,VA,*,T,커다랗,*,*,*,*
커닿,0,0,0,VA,*,T,커닿,*,*,*,*
케케묵,0,0,0,VA,*,T,케케묵,*,*,*,*
켸켸묵,0,0,0,VA,*,T,켸켸묵,*,*,*,*
쾌쾌하,0,0,0,VA,*,F,쾌쾌하,*,*,*,*
쾌하,0,0,0,VA,*,F,쾌하,*,*,*,*
쾡하,0,0,0,VA,*,F,쾡하,*,*,*,*
쿠리,0,0,0,VA,*,F,쿠리,*,*,*,*
쿨하,0,0,0,VA,*,F,쿨하,*,*,*,*
쿰쿰하,0,0,0,VA,*,F,쿰쿰하,*,*,*,*
퀭하,0,0,0,VA,*,F,퀭하,*,*,*,*
크,0,0,0,VA,*,F,크,*,*,*,*
크나크,0,0,0,VA,*,F,크나크,*,*,*,*
크다랗,0,0,0,VA,*,T,크다랗,*,*,*,*
크단하,0,0,0,VA,*,F,크단하,*,*,*,*
크디크,0,0,0,VA,*,F,크디크,*,*,*,*
큰일나,0,0,0,VA,*,F,큰일나,*,*,*,*
타이트하,0,0,0,VA,*,F,타이트하,*,*,*,*
탁하,0,0,0,VA,*,F,탁하,*,*,*,*
탐스럽,0,0,0,VA,*,T,탐스럽,*,*,*,*
탐탁스럽,0,0,0,VA,*,T,탐탁스럽,*,*,*,*
태연스럽,0,0,0,VA,*,T,태연스럽,*,*,*,*
태평스럽,0,0,0,VA,*,T,태평스럽,*,*,*,*
터무니없,0,0,0,VA,*,T,터무니없,*,*,*,*
턱없,0,0,0,VA,*,T,턱없,*,*,*,*
텀턱시럽,0,0,0,VA,*,T,텀턱시럽,*,*,*,*
통쾌스럽,0,0,0,VA,*,T,통쾌스럽,*,*,*,*
통탄스럽,0,0,0,VA,*,T,통탄스럽,*,*,*,*
투명스럽,0,0,0,VA,*,T,투명스럽,*,*,*,*
투박스럽,0,0,0,VA,*,T,투박스럽,*,*,*,*
투텁,0,0,0,VA,*,T,투텁,*,*,*,*
툭박지,0,0,0,VA,*,F,툭박지,*,*,*,*
퉁글,0,0,0,VA,*,T,퉁글,*,*,*,*
퉁망스럽,0,0,0,VA,*,T,퉁망스럽,*,*,*,*
퉁명스럽,0,0,0,VA,*,T,퉁명스럽,*,*,*,*
특별나,0,0,0,VA,*,F,특별나,*,*,*,*
특출나,0,0,0,VA,*,F,특출나,*,*,*,*
틀리,0,0,0,VA,*,F,틀리,*,*,*,*
틀림없,0,0,0,VA,*,T,틀림없,*,*,*,*
틀지,0,0,0,VA,*,F,틀지,*,*,*,*
틉틉허,0,0,0,VA,*,F,틉틉허,*,*,*,*
티껍,0,0,0,VA,*,T,티껍,*,*,*,*
파랗,0,0,0,VA,*,T,파랗,*,*,*,*
파렴치스럽,0,0,0,VA,*,T,파렴치스럽,*,*,*,*
파아랗,0,0,0,VA,*,T,파아랗,*,*,*,*
판설,0,0,0,VA,*,T,판설,*,*,*,*
패,0,0,0,VA,*,F,패,*,*,*,*
패악스럽,0,0,0,VA,*,T,패악스럽,*,*,*,*
퍼렇,0,0,0,VA,*,T,퍼렇,*,*,*,*
퍼르스름하,0,0,0,VA,*,F,퍼르스름하,*,*,*,*
퍼어렇,0,0,0,VA,*,T,퍼어렇,*,*,*,*
펀펀하,0,0,0,VA,*,F,펀펀하,*,*,*,*
펑퍼지,0,0,0,VA,*,F,펑퍼지,*,*,*,*
펜허,0,0,0,VA,*,F,펜허,*,*,*,*
편ㅎ,0,0,0,VA,*,F,편ㅎ,*,*,*,*
편벽되,0,0,0,VA,*,F,편벽되,*,*,*,*
편찮,0,0,0,VA,*,T,편찮,*,*,*,*
편하,0,0,0,VA,*,F,편하,*,*,*,*
편허,0,0,0,VA,*,F,편허,*,*,*,*
편협되,0,0,0,VA,*,F,편협되,*,*,*,*
편히,0,0,0,VA,*,F,편히,*,*,*,*
폐스럽,0,0,0,VA,*,T,폐스럽,*,*,*,*
포악스럽,0,0,0,VA,*,T,포악스럽,*,*,*,*
폭넓,0,0,0,VA,*,T,폭넓,*,*,*,*
표독스럽,0,0,0,VA,*,T,표독스럽,*,*,*,*
푸닥지,0,0,0,VA,*,F,푸닥지,*,*,*,*
푸더분하,0,0,0,VA,*,F,푸더분하,*,*,*,*
푸르,0,0,0,VA,*,F,푸르,*,*,*,*
푸르디푸르,0,0,0,VA,*,F,푸르디푸르,*,*,*,*
푸르르,0,0,0,VA,*,F,푸르르,*,*,*,*
푸지,0,0,0,VA,*,F,푸지,*,*,*,*
푸하,0,0,0,VA,*,F,푸하,*,*,*,*
푼푼하,0,0,0,VA,*,F,푼푼하,*,*,*,*
품위있,0,0,0,VA,*,T,품위있,*,*,*,*
풋되,0,0,0,VA,*,F,풋되,*,*,*,*
풍만스럽,0,0,0,VA,*,T,풍만스럽,*,*,*,*
풍미롭,0,0,0,VA,*,T,풍미롭,*,*,*,*
풍성스럽,0,0,0,VA,*,T,풍성스럽,*,*,*,*
피어리,0,0,0,VA,*,F,피어리,*,*,*,*
필요없,0,0,0,VA,*,T,필요없,*,*,*,*
하,0,0,0,VA,*,F,하,*,*,*,*
하고많,0,0,0,VA,*,T,하고많,*,*,*,*
하고프,0,0,0,VA,*,F,하고프,*,*,*,*
하고하,0,0,0,VA,*,F,하고하,*,*,*,*
하나같,0,0,0,VA,*,T,하나같,*,*,*,*
하릴없,0,0,0,VA,*,T,하릴없,*,*,*,*
하많,0,0,0,VA,*,T,하많,*,*,*,*
하야말갛,0,0,0,VA,*,T,하야말갛,*,*,*,*
하얗,0,0,0,VA,*,T,하얗,*,*,*,*
하염없,0,0,0,VA,*,T,하염없,*,*,*,*
하이얗,0,0,0,VA,*,T,하이얗,*,*,*,*
하이하,0,0,0,VA,*,F,하이하,*,*,*,*
하잘것없,0,0,0,VA,*,T,하잘것없,*,*,*,*
하찮,0,0,0,VA,*,T,하찮,*,*,*,*
하치않,0,0,0,VA,*,T,하치않,*,*,*,*
한가롭,0,0,0,VA,*,T,한가롭,*,*,*,*
한가스럽,0,0,0,VA,*,T,한가스럽,*,*,*,*
한갓되,0,0,0,VA,*,F,한갓되,*,*,*,*
한갓지,0,0,0,VA,*,F,한갓지,*,*,*,*
한결같,0,0,0,VA,*,T,한결같,*,*,*,*
한량없,0,0,0,VA,*,T,한량없,*,*,*,*
한스럽,0,0,0,VA,*,T,한스럽,*,*,*,*
한심스럽,0,0,0,VA,*,T,한심스럽,*,*,*,*
한없,0,0,0,VA,*,T,한없,*,*,*,*
한탄스럽,0,0,0,VA,*,T,한탄스럽,*,*,*,*
한하,0,0,0,VA,*,F,한하,*,*,*,*
할갑,0,0,0,VA,*,T,할갑,*,*,*,*
할랑하,0,0,0,VA,*,F,할랑하,*,*,*,*
해롭,0,0,0,VA,*,T,해롭,*,*,*,*
해말갛,0,0,0,VA,*,T,해말갛,*,*,*,*
해맑,0,0,0,VA,*,T,해맑,*,*,*,*
해묵,0,0,0,VA,*,T,해묵,*,*,*,*
해밝,0,0,0,VA,*,T,해밝,*,*,*,*
해사스럽,0,0,0,VA,*,T,해사스럽,*,*,*,*
해이하,0,0,0,VA,*,F,해이하,*,*,*,*
햇갈리,0,0,0,VA,*,F,햇갈리,*,*,*,*
햐얗,0,0,0,VA,*,T,햐얗,*,*,*,*
향그럽,0,0,0,VA,*,T,향그럽,*,*,*,*
허구많,0,0,0,VA,*,T,허구많,*,*,*,*
허구허,0,0,0,VA,*,F,허구허,*,*,*,*
허랑방탕스럽,0,0,0,VA,*,T,허랑방탕스럽,*,*,*,*
허망되,0,0,0,VA,*,F,허망되,*,*,*,*
허망스럽,0,0,0,VA,*,T,허망스럽,*,*,*,*
허물없,0,0,0,VA,*,T,허물없,*,*,*,*
허벌나,0,0,0,VA,*,F,허벌나,*,*,*,*
허수룩하,0,0,0,VA,*,F,허수룩하,*,*,*,*
허여멀겋,0,0,0,VA,*,T,허여멀겋,*,*,*,*
허옇,0,0,0,VA,*,T,허옇,*,*,*,*
허울좋,0,0,0,VA,*,T,허울좋,*,*,*,*
허이옇,0,0,0,VA,*,T,허이옇,*,*,*,*
허잘것없,0,0,0,VA,*,T,허잘것없,*,*,*,*
허접스럽,0,0,0,VA,*,T,허접스럽,*,*,*,*
허탈스럽,0,0,0,VA,*,T,허탈스럽,*,*,*,*
허하,0,0,0,VA,*,F,허하,*,*,*,*
허허롭,0,0,0,VA,*,T,허허롭,*,*,*,*
허황되,0,0,0,VA,*,F,허황되,*,*,*,*
허황스럽,0,0,0,VA,*,T,허황스럽,*,*,*,*
헌걸차,0,0,0,VA,*,F,헌걸차,*,*,*,*
헐겁,0,0,0,VA,*,T,헐겁,*,*,*,*
헐벗,0,0,0,VA,*,T,헐벗,*,*,*,*
헐수할수없,0,0,0,VA,*,T,헐수할수없,*,*,*,*
헐하,0,0,0,VA,*,F,헐하,*,*,*,*
헐허,0,0,0,VA,*,F,헐허,*,*,*,*
험상궂,0,0,0,VA,*,T,험상궂,*,*,*,*
험상궃,0,0,0,VA,*,T,험상궃,*,*,*,*
험상스럽,0,0,0,VA,*,T,험상스럽,*,*,*,*
험악스럽,0,0,0,VA,*,T,험악스럽,*,*,*,*
험하,0,0,0,VA,*,F,험하,*,*,*,*
험허,0,0,0,VA,*,F,험허,*,*,*,*
헛되,0,0,0,VA,*,F,헛되,*,*,*,*
헤벌어지,0,0,0,VA,*,F,헤벌어지,*,*,*,*
헤식,0,0,0,VA,*,T,헤식,*,*,*,*
헤프,0,0,0,VA,*,F,헤프,*,*,*,*
혁혁하,0,0,0,VA,*,F,혁혁하,*,*,*,*
현란스럽,0,0,0,VA,*,T,현란스럽,*,*,*,*
혐오스럽,0,0,0,VA,*,T,혐오스럽,*,*,*,*
혐의스럽,0,0,0,VA,*,T,혐의스럽,*,*,*,*
형편없,0,0,0,VA,*,T,형편없,*,*,*,*
호동그랗,0,0,0,VA,*,T,호동그랗,*,*,*,*
호되,0,0,0,VA,*,F,호되,*,*,*,*
호리호리하,0,0,0,VA,*,F,호리호리하,*,*,*,*
호화롭,0,0,0,VA,*,T,호화롭,*,*,*,*
호화스럽,0,0,0,VA,*,T,호화스럽,*,*,*,*
혹하,0,0,0,VA,*,F,혹하,*,*,*,*
혼곤하,0,0,0,VA,*,F,혼곤하,*,*,*,*
혼미롭,0,0,0,VA,*,T,혼미롭,*,*,*,*
홀하,0,0,0,VA,*,F,홀하,*,*,*,*
화기롭,0,0,0,VA,*,T,화기롭,*,*,*,*
화끈하,0,0,0,VA,*,F,화끈하,*,*,*,*
화안하,0,0,0,VA,*,F,화안하,*,*,*,*
환하,0,0,0,VA,*,F,환하,*,*,*,*
활기차,0,0,0,VA,*,F,활기차,*,*,*,*
활발스럽,0,0,0,VA,*,T,활발스럽,*,*,*,*
황공스럽,0,0,0,VA,*,T,황공스럽,*,*,*,*
황당스럽,0,0,0,VA,*,T,황당스럽,*,*,*,*
황량스럽,0,0,0,VA,*,T,황량스럽,*,*,*,*
황막스럽,0,0,0,VA,*,T,황막스럽,*,*,*,*
황송스럽,0,0,0,VA,*,T,황송스럽,*,*,*,*
황홀스럽,0,0,0,VA,*,T,황홀스럽,*,*,*,*
횅하,0,0,0,VA,*,F,횅하,*,*,*,*
회붐하,0,0,0,VA,*,F,회붐하,*,*,*,*
횡하,0,0,0,VA,*,F,횡하,*,*,*,*
후덕스럽,0,0,0,VA,*,T,후덕스럽,*,*,*,*
후덥,0,0,0,VA,*,T,후덥,*,*,*,*
후미지,0,0,0,VA,*,F,후미지,*,*,*,*
후지,0,0,0,VA,*,F,후지,*,*,*,*
후하,0,0,0,VA,*,F,후하,*,*,*,*
후허,0,0,0,VA,*,F,후허,*,*,*,*
훤하,0,0,0,VA,*,F,훤하,*,*,*,*
훤허,0,0,0,VA,*,F,훤허,*,*,*,*
휑하,0,0,0,VA,*,F,휑하,*,*,*,*
휘둥그렇,0,0,0,VA,*,T,휘둥그렇,*,*,*,*
휘둥그리,0,0,0,VA,*,F,휘둥그리,*,*,*,*
휘번하,0,0,0,VA,*,F,휘번하,*,*,*,*
휘엿하,0,0,0,VA,*,F,휘엿하,*,*,*,*
휘황스럽,0,0,0,VA,*,T,휘황스럽,*,*,*,*
흉망스럽,0,0,0,VA,*,T,흉망스럽,*,*,*,*
흉맹스럽,0,0,0,VA,*,T,흉맹스럽,*,*,*,*
흉물스럽,0,0,0,VA,*,T,흉물스럽,*,*,*,*
흉악망측스럽,0,0,0,VA,*,T,흉악망측스럽,*,*,*,*
흉악스럽,0,0,0,VA,*,T,흉악스럽,*,*,*,*
흉측스럽,0,0,0,VA,*,T,흉측스럽,*,*,*,*
흉칙스럽,0,0,0,VA,*,T,흉칙스럽,*,*,*,*
흉포스럽,0,0,0,VA,*,T,흉포스럽,*,*,*,*
흉하,0,0,0,VA,*,F,흉하,*,*,*,*
흐드러지,0,0,0,VA,*,F,흐드러지,*,*,*,*
흐리,0,0,0,VA,*,F,흐리,*,*,*,*
흐리디흐리,0,0,0,VA,*,F,흐리디흐리,*,*,*,*
흐무러지,0,0,0,VA,*,F,흐무러지,*,*,*,*
흐벅지,0,0,0,VA,*,F,흐벅지,*,*,*,*
흔ㅎ,0,0,0,VA,*,F,흔ㅎ,*,*,*,*
흔들리우,0,0,0,VA,*,F,흔들리우,*,*,*,*
흔연스럽,0,0,0,VA,*,T,흔연스럽,*,*,*,*
흔쾌스럽,0,0,0,VA,*,T,흔쾌스럽,*,*,*,*
흔하,0,0,0,VA,*,F,흔하,*,*,*,*
흖,0,0,0,VA,*,T,흖,*,*,*,*
흠칠하,0,0,0,VA,*,F,흠칠하,*,*,*,*
흠허,0,0,0,VA,*,F,흠허,*,*,*,*
흡족스럽,0,0,0,VA,*,T,흡족스럽,*,*,*,*
흥겹,0,0,0,VA,*,T,흥겹,*,*,*,*
흥미롭,0,0,0,VA,*,T,흥미롭,*,*,*,*
희,0,0,0,VA,*,F,희,*,*,*,*
희디희,0,0,0,VA,*,F,희디희,*,*,*,*
희떱,0,0,0,VA,*,T,희떱,*,*,*,*
희맑,0,0,0,VA,*,T,희맑,*,*,*,*
희망차,0,0,0,VA,*,F,희망차,*,*,*,*
희멀겋,0,0,0,VA,*,T,희멀겋,*,*,*,*
희묽,0,0,0,VA,*,T,희묽,*,*,*,*
희부옇,0,0,0,VA,*,T,희부옇,*,*,*,*
희뿌옇,0,0,0,VA,*,T,희뿌옇,*,*,*,*
희푸르,0,0,0,VA,*,F,희푸르,*,*,*,*
희한스럽,0,0,0,VA,*,T,희한스럽,*,*,*,*
힁하,0,0,0,VA,*,F,힁하,*,*,*,*
힘겹,0,0,0,VA,*,T,힘겹,*,*,*,*
힘들,0,0,0,VA,*,T,힘들,*,*,*,*
힘세,0,0,0,VA,*,F,힘세,*,*,*,*
힘쎄,0,0,0,VA,*,F,힘쎄,*,*,*,*
힘없,0,0,0,VA,*,T,힘없,*,*,*,*
힘있,0,0,0,VA,*,T,힘있,*,*,*,*
힘지,0,0,0,VA,*,F,힘지,*,*,*,*
힘차,0,0,0,VA,*,F,힘차,*,*,*,*
