가,0,0,0,XR,*,F,가,*,*,*,*
가강,0,0,0,XR,*,T,가강,*,*,*,*
가공,0,0,0,XR,*,T,가공,*,*,*,*
가급,0,0,0,XR,*,T,가급,*,*,*,*
가긍,0,0,0,XR,*,T,가긍,*,*,*,*
가년,0,0,0,XR,*,T,가년,*,*,*,*
가느스름,0,0,0,XR,*,T,가느스름,*,*,*,*
가능,0,0,0,XR,*,T,가능,*,*,*,*
가닐,0,0,0,XR,*,T,가닐,*,*,*,*
가당,0,0,0,XR,*,T,가당,*,*,*,*
가독,0,0,0,XR,*,T,가독,*,*,*,*
가동,0,0,0,XR,*,T,가동,*,*,*,*
가둥,0,0,0,XR,*,T,가둥,*,*,*,*
가드락,0,0,0,XR,*,T,가드락,*,*,*,*
가들,0,0,0,XR,*,T,가들,*,*,*,*
가들막,0,0,0,XR,*,T,가들막,*,*,*,*
가뜬,0,0,0,XR,*,T,가뜬,*,*,*,*
가련,0,0,0,XR,*,T,가련,*,*,*,*
가마득,0,0,0,XR,*,T,가마득,*,*,*,*
가무스름,0,0,0,XR,*,T,가무스름,*,*,*,*
가무잡잡,0,0,0,XR,*,T,가무잡잡,*,*,*,*
가물,0,0,0,XR,*,T,가물,*,*,*,*
가뭇,0,0,0,XR,*,T,가뭇,*,*,*,*
가분,0,0,0,XR,*,T,가분,*,*,*,*
가불,0,0,0,XR,*,T,가불,*,*,*,*
가뿐,0,0,0,XR,*,T,가뿐,*,*,*,*
가쁜,0,0,0,XR,*,T,가쁜,*,*,*,*
가상,0,0,0,XR,*,T,가상,*,*,*,*
가소,0,0,0,XR,*,F,가소,*,*,*,*
가스랑,0,0,0,XR,*,T,가스랑,*,*,*,*
가역,0,0,0,XR,*,T,가역,*,*,*,*
가연,0,0,0,XR,*,T,가연,*,*,*,*
가열,0,0,0,XR,*,T,가열,*,*,*,*
가전,0,0,0,XR,*,T,가전,*,*,*,*
가증,0,0,0,XR,*,T,가증,*,*,*,*
가지런,0,0,0,XR,*,T,가지런,*,*,*,*
가직,0,0,0,XR,*,T,가직,*,*,*,*
가치작,0,0,0,XR,*,T,가치작,*,*,*,*
가칫,0,0,0,XR,*,T,가칫,*,*,*,*
가탄,0,0,0,XR,*,T,가탄,*,*,*,*
가탈,0,0,0,XR,*,T,가탈,*,*,*,*
가혹,0,0,0,XR,*,T,가혹,*,*,*,*
각,0,0,0,XR,*,T,각,*,*,*,*
각다분,0,0,0,XR,*,T,각다분,*,*,*,*
각박,0,0,0,XR,*,T,각박,*,*,*,*
각별,0,0,0,XR,*,T,각별,*,*,*,*
각삭,0,0,0,XR,*,T,각삭,*,*,*,*
간,0,0,0,XR,*,T,간,*,*,*,*
간간,0,0,0,XR,*,T,간간,*,*,*,*
간결,0,0,0,XR,*,T,간결,*,*,*,*
간곡,0,0,0,XR,*,T,간곡,*,*,*,*
간구,0,0,0,XR,*,F,간구,*,*,*,*
간닥,0,0,0,XR,*,T,간닥,*,*,*,*
간단,0,0,0,XR,*,T,간단,*,*,*,*
간단간단,0,0,0,XR,*,T,간단간단,*,*,*,*
간단명료,0,0,0,XR,*,F,간단명료,*,*,*,*
간당,0,0,0,XR,*,T,간당,*,*,*,*
간댕,0,0,0,XR,*,T,간댕,*,*,*,*
간드랑,0,0,0,XR,*,T,간드랑,*,*,*,*
간드작,0,0,0,XR,*,T,간드작,*,*,*,*
간들,0,0,0,XR,*,T,간들,*,*,*,*
간략,0,0,0,XR,*,T,간략,*,*,*,*
간명,0,0,0,XR,*,T,간명,*,*,*,*
간사,0,0,0,XR,*,F,간사,*,*,*,*
간소,0,0,0,XR,*,F,간소,*,*,*,*
간악,0,0,0,XR,*,T,간악,*,*,*,*
간요,0,0,0,XR,*,F,간요,*,*,*,*
간이,0,0,0,XR,*,F,간이,*,*,*,*
간절,0,0,0,XR,*,T,간절,*,*,*,*
간질,0,0,0,XR,*,T,간질,*,*,*,*
간특,0,0,0,XR,*,T,간특,*,*,*,*
간편,0,0,0,XR,*,T,간편,*,*,*,*
간헐,0,0,0,XR,*,T,간헐,*,*,*,*
간활,0,0,0,XR,*,T,간활,*,*,*,*
갈,0,0,0,XR,*,T,갈,*,*,*,*
갈강,0,0,0,XR,*,T,갈강,*,*,*,*
갈그랑,0,0,0,XR,*,T,갈그랑,*,*,*,*
갈신,0,0,0,XR,*,T,갈신,*,*,*,*
갈씬,0,0,0,XR,*,T,갈씬,*,*,*,*
갈팡,0,0,0,XR,*,T,갈팡,*,*,*,*
갉작,0,0,0,XR,*,T,갉작,*,*,*,*
갉죽,0,0,0,XR,*,T,갉죽,*,*,*,*
감,0,0,0,XR,*,T,감,*,*,*,*
감미,0,0,0,XR,*,F,감미,*,*,*,*
감숭,0,0,0,XR,*,T,감숭,*,*,*,*
감실,0,0,0,XR,*,T,감실,*,*,*,*
갑갑,0,0,0,XR,*,T,갑갑,*,*,*,*
갑작,0,0,0,XR,*,T,갑작,*,*,*,*
강,0,0,0,XR,*,T,강,*,*,*,*
강건,0,0,0,XR,*,T,강건,*,*,*,*
강격,0,0,0,XR,*,T,강격,*,*,*,*
강경,0,0,0,XR,*,T,강경,*,*,*,*
강고,0,0,0,XR,*,F,강고,*,*,*,*
강대,0,0,0,XR,*,F,강대,*,*,*,*
강력,0,0,0,XR,*,T,강력,*,*,*,*
강렬,0,0,0,XR,*,T,강렬,*,*,*,*
강박,0,0,0,XR,*,T,강박,*,*,*,*
강성,0,0,0,XR,*,T,강성,*,*,*,*
강열,0,0,0,XR,*,T,강열,*,*,*,*
강인,0,0,0,XR,*,T,강인,*,*,*,*
강직,0,0,0,XR,*,T,강직,*,*,*,*
강퍅,0,0,0,XR,*,T,강퍅,*,*,*,*
강포,0,0,0,XR,*,F,강포,*,*,*,*
개감,0,0,0,XR,*,T,개감,*,*,*,*
개결,0,0,0,XR,*,T,개결,*,*,*,*
개별,0,0,0,XR,*,T,개별,*,*,*,*
개신,0,0,0,XR,*,T,개신,*,*,*,*
개연,0,0,0,XR,*,T,개연,*,*,*,*
개운,0,0,0,XR,*,T,개운,*,*,*,*
개활,0,0,0,XR,*,T,개활,*,*,*,*
객관,0,0,0,XR,*,T,객관,*,*,*,*
갸륵,0,0,0,XR,*,T,갸륵,*,*,*,*
갸름,0,0,0,XR,*,T,갸름,*,*,*,*
거,0,0,0,XR,*,F,거,*,*,*,*
거국,0,0,0,XR,*,T,거국,*,*,*,*
거나,0,0,0,XR,*,F,거나,*,*,*,*
거대,0,0,0,XR,*,F,거대,*,*,*,*
거드럭,0,0,0,XR,*,T,거드럭,*,*,*,*
거들,0,0,0,XR,*,T,거들,*,*,*,*
거들먹,0,0,0,XR,*,T,거들먹,*,*,*,*
거듬,0,0,0,XR,*,T,거듬,*,*,*,*
거뜬,0,0,0,XR,*,T,거뜬,*,*,*,*
거룩,0,0,0,XR,*,T,거룩,*,*,*,*
거만,0,0,0,XR,*,T,거만,*,*,*,*
거무레,0,0,0,XR,*,F,거무레,*,*,*,*
거무스레,0,0,0,XR,*,F,거무스레,*,*,*,*
거무스름,0,0,0,XR,*,T,거무스름,*,*,*,*
거무죽죽,0,0,0,XR,*,T,거무죽죽,*,*,*,*
거무칙칙,0,0,0,XR,*,T,거무칙칙,*,*,*,*
거무튀튀,0,0,0,XR,*,F,거무튀튀,*,*,*,*
거무티티,0,0,0,XR,*,F,거무티티,*,*,*,*
거무틱틱,0,0,0,XR,*,T,거무틱틱,*,*,*,*
거물,0,0,0,XR,*,T,거물,*,*,*,*
거뭇,0,0,0,XR,*,T,거뭇,*,*,*,*
거뭇거뭇,0,0,0,XR,*,T,거뭇거뭇,*,*,*,*
거므수레,0,0,0,XR,*,F,거므수레,*,*,*,*
거북,0,0,0,XR,*,T,거북,*,*,*,*
거북살,0,0,0,XR,*,T,거북살,*,*,*,*
거불,0,0,0,XR,*,T,거불,*,*,*,*
거뿐,0,0,0,XR,*,T,거뿐,*,*,*,*
거뿟,0,0,0,XR,*,T,거뿟,*,*,*,*
거시,0,0,0,XR,*,F,거시,*,*,*,*
거창,0,0,0,XR,*,T,거창,*,*,*,*
거추장,0,0,0,XR,*,T,거추장,*,*,*,*
거치적,0,0,0,XR,*,T,거치적,*,*,*,*
거칠,0,0,0,XR,*,T,거칠,*,*,*,*
거칫,0,0,0,XR,*,T,거칫,*,*,*,*
거푼,0,0,0,XR,*,T,거푼,*,*,*,*
거풀,0,0,0,XR,*,T,거풀,*,*,*,*
거풋,0,0,0,XR,*,T,거풋,*,*,*,*
걱실,0,0,0,XR,*,T,걱실,*,*,*,*
건,0,0,0,XR,*,T,건,*,*,*,*
건강,0,0,0,XR,*,T,건강,*,*,*,*
건건,0,0,0,XR,*,T,건건,*,*,*,*
건건껍질,0,0,0,XR,*,T,건건껍질,*,*,*,*
건덩,0,0,0,XR,*,T,건덩,*,*,*,*
건들,0,0,0,XR,*,T,건들,*,*,*,*
건실,0,0,0,XR,*,T,건실,*,*,*,*
건장,0,0,0,XR,*,T,건장,*,*,*,*
건전,0,0,0,XR,*,T,건전,*,*,*,*
걸걸,0,0,0,XR,*,T,걸걸,*,*,*,*
걸씬,0,0,0,XR,*,T,걸씬,*,*,*,*
걸죽,0,0,0,XR,*,T,걸죽,*,*,*,*
걸직,0,0,0,XR,*,T,걸직,*,*,*,*
걸쩍,0,0,0,XR,*,T,걸쩍,*,*,*,*
걸쭉,0,0,0,XR,*,T,걸쭉,*,*,*,*
걸찍,0,0,0,XR,*,T,걸찍,*,*,*,*
검박,0,0,0,XR,*,T,검박,*,*,*,*
검실,0,0,0,XR,*,T,검실,*,*,*,*
겁나,0,0,0,XR,*,F,겁나,*,*,*,*
겅성드뭇,0,0,0,XR,*,T,겅성드뭇,*,*,*,*
게걸,0,0,0,XR,*,T,게걸,*,*,*,*
게두덜,0,0,0,XR,*,T,게두덜,*,*,*,*
격,0,0,0,XR,*,T,격,*,*,*,*
격렬,0,0,0,XR,*,T,격렬,*,*,*,*
격심,0,0,0,XR,*,T,격심,*,*,*,*
견결,0,0,0,XR,*,T,견결,*,*,*,*
견고,0,0,0,XR,*,F,견고,*,*,*,*
견실,0,0,0,XR,*,T,견실,*,*,*,*
결곡,0,0,0,XR,*,T,결곡,*,*,*,*
결벽,0,0,0,XR,*,T,결벽,*,*,*,*
결사,0,0,0,XR,*,F,결사,*,*,*,*
결연,0,0,0,XR,*,T,결연,*,*,*,*
겸연,0,0,0,XR,*,T,겸연,*,*,*,*
경,0,0,0,XR,*,T,경,*,*,*,*
경건,0,0,0,XR,*,T,경건,*,*,*,*
경망,0,0,0,XR,*,T,경망,*,*,*,*
경미,0,0,0,XR,*,F,경미,*,*,*,*
경박,0,0,0,XR,*,T,경박,*,*,*,*
경상,0,0,0,XR,*,T,경상,*,*,*,*
경직,0,0,0,XR,*,T,경직,*,*,*,*
경쾌,0,0,0,XR,*,F,경쾌,*,*,*,*
경함,0,0,0,XR,*,T,경함,*,*,*,*
경홀,0,0,0,XR,*,T,경홀,*,*,*,*
계,0,0,0,XR,*,F,계,*,*,*,*
계면,0,0,0,XR,*,T,계면,*,*,*,*
고,0,0,0,XR,*,F,고,*,*,*,*
고결,0,0,0,XR,*,T,고결,*,*,*,*
고고,0,0,0,XR,*,F,고고,*,*,*,*
고귀,0,0,0,XR,*,F,고귀,*,*,*,*
고기작,0,0,0,XR,*,T,고기작,*,*,*,*
고깃,0,0,0,XR,*,T,고깃,*,*,*,*
고단,0,0,0,XR,*,T,고단,*,*,*,*
고담,0,0,0,XR,*,T,고담,*,*,*,*
고답,0,0,0,XR,*,T,고답,*,*,*,*
고등,0,0,0,XR,*,T,고등,*,*,*,*
고러,0,0,0,XR,*,F,고러,*,*,*,*
고로롱,0,0,0,XR,*,T,고로롱,*,*,*,*
고롱,0,0,0,XR,*,T,고롱,*,*,*,*
고루,0,0,0,XR,*,F,고루,*,*,*,*
고리타분,0,0,0,XR,*,T,고리타분,*,*,*,*
고만,0,0,0,XR,*,T,고만,*,*,*,*
고만고만,0,0,0,XR,*,T,고만고만,*,*,*,*
고매,0,0,0,XR,*,F,고매,*,*,*,*
고명,0,0,0,XR,*,T,고명,*,*,*,*
고무락,0,0,0,XR,*,T,고무락,*,*,*,*
고물,0,0,0,XR,*,T,고물,*,*,*,*
고부랑,0,0,0,XR,*,T,고부랑,*,*,*,*
고불,0,0,0,XR,*,T,고불,*,*,*,*
고상,0,0,0,XR,*,T,고상,*,*,*,*
고소,0,0,0,XR,*,F,고소,*,*,*,*
고시랑,0,0,0,XR,*,T,고시랑,*,*,*,*
고식,0,0,0,XR,*,T,고식,*,*,*,*
고아,0,0,0,XR,*,F,고아,*,*,*,*
고약,0,0,0,XR,*,T,고약,*,*,*,*
고요,0,0,0,XR,*,F,고요,*,*,*,*
고원,0,0,0,XR,*,T,고원,*,*,*,*
고유,0,0,0,XR,*,F,고유,*,*,*,*
고자누룩,0,0,0,XR,*,T,고자누룩,*,*,*,*
고정,0,0,0,XR,*,T,고정,*,*,*,*
고졸,0,0,0,XR,*,T,고졸,*,*,*,*
고즈넉,0,0,0,XR,*,T,고즈넉,*,*,*,*
고지식,0,0,0,XR,*,T,고지식,*,*,*,*
고차,0,0,0,XR,*,F,고차,*,*,*,*
곡진,0,0,0,XR,*,T,곡진,*,*,*,*
곤,0,0,0,XR,*,T,곤,*,*,*,*
곤고,0,0,0,XR,*,F,곤고,*,*,*,*
곤비,0,0,0,XR,*,F,곤비,*,*,*,*
곤핍,0,0,0,XR,*,T,곤핍,*,*,*,*
곤혹,0,0,0,XR,*,T,곤혹,*,*,*,*
골골,0,0,0,XR,*,T,골골,*,*,*,*
골돌,0,0,0,XR,*,T,골돌,*,*,*,*
골똘,0,0,0,XR,*,T,골똘,*,*,*,*
곰상,0,0,0,XR,*,T,곰상,*,*,*,*
곰실,0,0,0,XR,*,T,곰실,*,*,*,*
곱살,0,0,0,XR,*,T,곱살,*,*,*,*
곱상,0,0,0,XR,*,T,곱상,*,*,*,*
공,0,0,0,XR,*,T,공,*,*,*,*
공고,0,0,0,XR,*,F,공고,*,*,*,*
공공연,0,0,0,XR,*,T,공공연,*,*,*,*
공교,0,0,0,XR,*,F,공교,*,*,*,*
공명,0,0,0,XR,*,T,공명,*,*,*,*
공명정대,0,0,0,XR,*,F,공명정대,*,*,*,*
공변,0,0,0,XR,*,T,공변,*,*,*,*
공산,0,0,0,XR,*,T,공산,*,*,*,*
공소,0,0,0,XR,*,F,공소,*,*,*,*
공손,0,0,0,XR,*,T,공손,*,*,*,*
공순,0,0,0,XR,*,T,공순,*,*,*,*
공연,0,0,0,XR,*,T,공연,*,*,*,*
공허,0,0,0,XR,*,F,공허,*,*,*,*
공화,0,0,0,XR,*,F,공화,*,*,*,*
공활,0,0,0,XR,*,T,공활,*,*,*,*
과,0,0,0,XR,*,F,과,*,*,*,*
과감,0,0,0,XR,*,T,과감,*,*,*,*
과격,0,0,0,XR,*,T,과격,*,*,*,*
과대,0,0,0,XR,*,F,과대,*,*,*,*
과도,0,0,0,XR,*,F,과도,*,*,*,*
과분,0,0,0,XR,*,T,과분,*,*,*,*
과소,0,0,0,XR,*,F,과소,*,*,*,*
과중,0,0,0,XR,*,T,과중,*,*,*,*
관,0,0,0,XR,*,T,관,*,*,*,*
관대,0,0,0,XR,*,F,관대,*,*,*,*
관할,0,0,0,XR,*,T,관할,*,*,*,*
관활,0,0,0,XR,*,T,관활,*,*,*,*
관후,0,0,0,XR,*,F,관후,*,*,*,*
괄괄,0,0,0,XR,*,T,괄괄,*,*,*,*
괄목,0,0,0,XR,*,T,괄목,*,*,*,*
광,0,0,0,XR,*,T,광,*,*,*,*
광달,0,0,0,XR,*,T,광달,*,*,*,*
광대,0,0,0,XR,*,F,광대,*,*,*,*
광막,0,0,0,XR,*,T,광막,*,*,*,*
광범,0,0,0,XR,*,T,광범,*,*,*,*
광장,0,0,0,XR,*,T,광장,*,*,*,*
광할,0,0,0,XR,*,T,광할,*,*,*,*
광활,0,0,0,XR,*,T,광활,*,*,*,*
괘심,0,0,0,XR,*,T,괘심,*,*,*,*
괘씸,0,0,0,XR,*,T,괘씸,*,*,*,*
괴,0,0,0,XR,*,F,괴,*,*,*,*
괴괴,0,0,0,XR,*,F,괴괴,*,*,*,*
괴상,0,0,0,XR,*,T,괴상,*,*,*,*
괴상망측,0,0,0,XR,*,T,괴상망측,*,*,*,*
괴상망칙,0,0,0,XR,*,T,괴상망칙,*,*,*,*
괴상야릇,0,0,0,XR,*,T,괴상야릇,*,*,*,*
괴이,0,0,0,XR,*,F,괴이,*,*,*,*
괴팍,0,0,0,XR,*,T,괴팍,*,*,*,*
괴퍅,0,0,0,XR,*,T,괴퍅,*,*,*,*
굉걸,0,0,0,XR,*,T,굉걸,*,*,*,*
굉대,0,0,0,XR,*,F,굉대,*,*,*,*
굉장,0,0,0,XR,*,T,굉장,*,*,*,*
교결,0,0,0,XR,*,T,교결,*,*,*,*
교교,0,0,0,XR,*,F,교교,*,*,*,*
교묘,0,0,0,XR,*,F,교묘,*,*,*,*
교사,0,0,0,XR,*,F,교사,*,*,*,*
교활,0,0,0,XR,*,T,교활,*,*,*,*
구,0,0,0,XR,*,F,구,*,*,*,*
구가,0,0,0,XR,*,F,구가,*,*,*,*
구구,0,0,0,XR,*,F,구구,*,*,*,*
구급,0,0,0,XR,*,T,구급,*,*,*,*
구기적,0,0,0,XR,*,T,구기적,*,*,*,*
구깃,0,0,0,XR,*,T,구깃,*,*,*,*
구두덜,0,0,0,XR,*,T,구두덜,*,*,*,*
구리칙칙,0,0,0,XR,*,T,구리칙칙,*,*,*,*
구무럭,0,0,0,XR,*,T,구무럭,*,*,*,*
구물,0,0,0,XR,*,T,구물,*,*,*,*
구부렁,0,0,0,XR,*,T,구부렁,*,*,*,*
구부정,0,0,0,XR,*,T,구부정,*,*,*,*
구불,0,0,0,XR,*,T,구불,*,*,*,*
구불텅,0,0,0,XR,*,T,구불텅,*,*,*,*
구붓,0,0,0,XR,*,T,구붓,*,*,*,*
구성,0,0,0,XR,*,T,구성,*,*,*,*
구수,0,0,0,XR,*,F,구수,*,*,*,*
구순,0,0,0,XR,*,T,구순,*,*,*,*
구시렁,0,0,0,XR,*,T,구시렁,*,*,*,*
구애,0,0,0,XR,*,F,구애,*,*,*,*
구저분,0,0,0,XR,*,T,구저분,*,*,*,*
구족,0,0,0,XR,*,T,구족,*,*,*,*
구주레,0,0,0,XR,*,F,구주레,*,*,*,*
구중중,0,0,0,XR,*,T,구중중,*,*,*,*
구지레,0,0,0,XR,*,F,구지레,*,*,*,*
구질구질,0,0,0,XR,*,T,구질구질,*,*,*,*
구차,0,0,0,XR,*,F,구차,*,*,*,*
구체,0,0,0,XR,*,F,구체,*,*,*,*
구태의연,0,0,0,XR,*,T,구태의연,*,*,*,*
국,0,0,0,XR,*,T,국,*,*,*,*
국정,0,0,0,XR,*,T,국정,*,*,*,*
국제,0,0,0,XR,*,F,국제,*,*,*,*
국한,0,0,0,XR,*,T,국한,*,*,*,*
군,0,0,0,XR,*,T,군,*,*,*,*
군색,0,0,0,XR,*,T,군색,*,*,*,*
군소,0,0,0,XR,*,F,군소,*,*,*,*
군수,0,0,0,XR,*,F,군수,*,*,*,*
군실,0,0,0,XR,*,T,군실,*,*,*,*
군잡,0,0,0,XR,*,T,군잡,*,*,*,*
굳건,0,0,0,XR,*,T,굳건,*,*,*,*
굴,0,0,0,XR,*,T,굴,*,*,*,*
굴직,0,0,0,XR,*,T,굴직,*,*,*,*
굵직,0,0,0,XR,*,T,굵직,*,*,*,*
굵직굵직,0,0,0,XR,*,T,굵직굵직,*,*,*,*
굼닐,0,0,0,XR,*,T,굼닐,*,*,*,*
굼실,0,0,0,XR,*,T,굼실,*,*,*,*
궁굼,0,0,0,XR,*,T,궁굼,*,*,*,*
궁극,0,0,0,XR,*,T,궁극,*,*,*,*
궁금,0,0,0,XR,*,T,궁금,*,*,*,*
궁박,0,0,0,XR,*,T,궁박,*,*,*,*
궁벽,0,0,0,XR,*,T,궁벽,*,*,*,*
궁시렁,0,0,0,XR,*,T,궁시렁,*,*,*,*
궁싯,0,0,0,XR,*,T,궁싯,*,*,*,*
권,0,0,0,XR,*,T,권,*,*,*,*
귀,0,0,0,XR,*,F,귀,*,*,*,*
귀살,0,0,0,XR,*,T,귀살,*,*,*,*
귀성,0,0,0,XR,*,T,귀성,*,*,*,*
귀소,0,0,0,XR,*,F,귀소,*,*,*,*
귀중,0,0,0,XR,*,T,귀중,*,*,*,*
균일,0,0,0,XR,*,T,균일,*,*,*,*
그닐,0,0,0,XR,*,T,그닐,*,*,*,*
그득,0,0,0,XR,*,T,그득,*,*,*,*
그들먹,0,0,0,XR,*,T,그들먹,*,*,*,*
그러,0,0,0,XR,*,F,그러,*,*,*,*
그러그러,0,0,0,XR,*,F,그러그러,*,*,*,*
그러저러,0,0,0,XR,*,F,그러저러,*,*,*,*
그럭,0,0,0,XR,*,T,그럭,*,*,*,*
그럴싸,0,0,0,XR,*,F,그럴싸,*,*,*,*
그럼직,0,0,0,XR,*,T,그럼직,*,*,*,*
그렁,0,0,0,XR,*,T,그렁,*,*,*,*
그만,0,0,0,XR,*,T,그만,*,*,*,*
그만그만,0,0,0,XR,*,T,그만그만,*,*,*,*
그물,0,0,0,XR,*,T,그물,*,*,*,*
그악,0,0,0,XR,*,T,그악,*,*,*,*
그윽,0,0,0,XR,*,T,그윽,*,*,*,*
극,0,0,0,XR,*,T,극,*,*,*,*
극가,0,0,0,XR,*,F,극가,*,*,*,*
극난,0,0,0,XR,*,T,극난,*,*,*,*
극대,0,0,0,XR,*,F,극대,*,*,*,*
극명,0,0,0,XR,*,T,극명,*,*,*,*
극미,0,0,0,XR,*,F,극미,*,*,*,*
극밀,0,0,0,XR,*,T,극밀,*,*,*,*
극세,0,0,0,XR,*,F,극세,*,*,*,*
극심,0,0,0,XR,*,T,극심,*,*,*,*
극진,0,0,0,XR,*,T,극진,*,*,*,*
근근,0,0,0,XR,*,T,근근,*,*,*,*
근덕,0,0,0,XR,*,T,근덕,*,*,*,*
근뎅,0,0,0,XR,*,T,근뎅,*,*,*,*
근드렁,0,0,0,XR,*,T,근드렁,*,*,*,*
근드적,0,0,0,XR,*,T,근드적,*,*,*,*
근들,0,0,0,XR,*,T,근들,*,*,*,*
근밀,0,0,0,XR,*,T,근밀,*,*,*,*
근사,0,0,0,XR,*,F,근사,*,*,*,*
근소,0,0,0,XR,*,F,근소,*,*,*,*
근실,0,0,0,XR,*,T,근실,*,*,*,*
근엄,0,0,0,XR,*,T,근엄,*,*,*,*
근질,0,0,0,XR,*,T,근질,*,*,*,*
글겅,0,0,0,XR,*,T,글겅,*,*,*,*
글그렁,0,0,0,XR,*,T,글그렁,*,*,*,*
글썽,0,0,0,XR,*,T,글썽,*,*,*,*
글컹,0,0,0,XR,*,T,글컹,*,*,*,*
긁적,0,0,0,XR,*,T,긁적,*,*,*,*
금,0,0,0,XR,*,T,금,*,*,*,*
금실,0,0,0,XR,*,T,금실,*,*,*,*
급,0,0,0,XR,*,T,급,*,*,*,*
급격,0,0,0,XR,*,T,급격,*,*,*,*
급급,0,0,0,XR,*,T,급급,*,*,*,*
급박,0,0,0,XR,*,T,급박,*,*,*,*
급속,0,0,0,XR,*,T,급속,*,*,*,*
급작,0,0,0,XR,*,T,급작,*,*,*,*
긍긍,0,0,0,XR,*,T,긍긍,*,*,*,*
기,0,0,0,XR,*,F,기,*,*,*,*
기괴,0,0,0,XR,*,F,기괴,*,*,*,*
기구,0,0,0,XR,*,F,기구,*,*,*,*
기기묘묘,0,0,0,XR,*,F,기기묘묘,*,*,*,*
기름,0,0,0,XR,*,T,기름,*,*,*,*
기묘,0,0,0,XR,*,F,기묘,*,*,*,*
기민,0,0,0,XR,*,T,기민,*,*,*,*
기박,0,0,0,XR,*,T,기박,*,*,*,*
기발,0,0,0,XR,*,T,기발,*,*,*,*
기세등등,0,0,0,XR,*,T,기세등등,*,*,*,*
기신,0,0,0,XR,*,T,기신,*,*,*,*
기억,0,0,0,XR,*,T,기억,*,*,*,*
기우듬,0,0,0,XR,*,T,기우듬,*,*,*,*
기이,0,0,0,XR,*,F,기이,*,*,*,*
기인,0,0,0,XR,*,T,기인,*,*,*,*
기진맥진,0,0,0,XR,*,T,기진맥진,*,*,*,*
기특,0,0,0,XR,*,T,기특,*,*,*,*
긴가민가,0,0,0,XR,*,F,긴가민가,*,*,*,*
긴밀,0,0,0,XR,*,T,긴밀,*,*,*,*
긴박,0,0,0,XR,*,T,긴박,*,*,*,*
긴요,0,0,0,XR,*,F,긴요,*,*,*,*
긴절,0,0,0,XR,*,T,긴절,*,*,*,*
긴축,0,0,0,XR,*,T,긴축,*,*,*,*
길,0,0,0,XR,*,T,길,*,*,*,*
길쭉,0,0,0,XR,*,T,길쭉,*,*,*,*
길쯤,0,0,0,XR,*,T,길쯤,*,*,*,*
깊숙,0,0,0,XR,*,T,깊숙,*,*,*,*
까끌,0,0,0,XR,*,T,까끌,*,*,*,*
까드락,0,0,0,XR,*,T,까드락,*,*,*,*
까들,0,0,0,XR,*,T,까들,*,*,*,*
까들막,0,0,0,XR,*,T,까들막,*,*,*,*
까딱,0,0,0,XR,*,T,까딱,*,*,*,*
까뜨락,0,0,0,XR,*,T,까뜨락,*,*,*,*
까랑까랑,0,0,0,XR,*,T,까랑까랑,*,*,*,*
까리,0,0,0,XR,*,F,까리,*,*,*,*
까마득,0,0,0,XR,*,T,까마득,*,*,*,*
까마아득,0,0,0,XR,*,T,까마아득,*,*,*,*
까막,0,0,0,XR,*,T,까막,*,*,*,*
까무잡잡,0,0,0,XR,*,T,까무잡잡,*,*,*,*
까물,0,0,0,XR,*,T,까물,*,*,*,*
까뭇,0,0,0,XR,*,T,까뭇,*,*,*,*
까불,0,0,0,XR,*,T,까불,*,*,*,*
까슬까슬,0,0,0,XR,*,T,까슬까슬,*,*,*,*
까치작,0,0,0,XR,*,T,까치작,*,*,*,*
까칠,0,0,0,XR,*,T,까칠,*,*,*,*
까칫,0,0,0,XR,*,T,까칫,*,*,*,*
깍듯,0,0,0,XR,*,T,깍듯,*,*,*,*
깍뚝,0,0,0,XR,*,T,깍뚝,*,*,*,*
깐깐,0,0,0,XR,*,T,깐깐,*,*,*,*
깐닥,0,0,0,XR,*,T,깐닥,*,*,*,*
깐딱,0,0,0,XR,*,T,깐딱,*,*,*,*
깐작,0,0,0,XR,*,T,깐작,*,*,*,*
깐족,0,0,0,XR,*,T,깐족,*,*,*,*
깐죽,0,0,0,XR,*,T,깐죽,*,*,*,*
깔깔,0,0,0,XR,*,T,깔깔,*,*,*,*
깔끔,0,0,0,XR,*,T,깔끔,*,*,*,*
깔쌈,0,0,0,XR,*,T,깔쌈,*,*,*,*
깔쭉,0,0,0,XR,*,T,깔쭉,*,*,*,*
깜깜,0,0,0,XR,*,T,깜깜,*,*,*,*
깜직,0,0,0,XR,*,T,깜직,*,*,*,*
깜찍,0,0,0,XR,*,T,깜찍,*,*,*,*
깜캄,0,0,0,XR,*,T,깜캄,*,*,*,*
깝깝,0,0,0,XR,*,T,깝깝,*,*,*,*
깝신,0,0,0,XR,*,T,깝신,*,*,*,*
깝죽,0,0,0,XR,*,T,깝죽,*,*,*,*
깡똥,0,0,0,XR,*,T,깡똥,*,*,*,*
깨끔,0,0,0,XR,*,T,깨끔,*,*,*,*
깨끗,0,0,0,XR,*,T,깨끗,*,*,*,*
깨름,0,0,0,XR,*,T,깨름,*,*,*,*
깨작,0,0,0,XR,*,T,깨작,*,*,*,*
깨죽,0,0,0,XR,*,T,깨죽,*,*,*,*
깨지락,0,0,0,XR,*,T,깨지락,*,*,*,*
깨질,0,0,0,XR,*,T,깨질,*,*,*,*
깰깩,0,0,0,XR,*,T,깰깩,*,*,*,*
꺼드럭,0,0,0,XR,*,T,꺼드럭,*,*,*,*
꺼들,0,0,0,XR,*,T,꺼들,*,*,*,*
꺼들먹,0,0,0,XR,*,T,꺼들먹,*,*,*,*
꺼뜨럭,0,0,0,XR,*,T,꺼뜨럭,*,*,*,*
꺼림,0,0,0,XR,*,T,꺼림,*,*,*,*
꺼림직,0,0,0,XR,*,T,꺼림직,*,*,*,*
꺼림칙,0,0,0,XR,*,T,꺼림칙,*,*,*,*
꺼먹,0,0,0,XR,*,T,꺼먹,*,*,*,*
꺼무스레,0,0,0,XR,*,F,꺼무스레,*,*,*,*
꺼무스름,0,0,0,XR,*,T,꺼무스름,*,*,*,*
꺼무죽죽,0,0,0,XR,*,T,꺼무죽죽,*,*,*,*
꺼물,0,0,0,XR,*,T,꺼물,*,*,*,*
꺼벙,0,0,0,XR,*,T,꺼벙,*,*,*,*
꺼분,0,0,0,XR,*,T,꺼분,*,*,*,*
꺼불,0,0,0,XR,*,T,꺼불,*,*,*,*
꺼치적,0,0,0,XR,*,T,꺼치적,*,*,*,*
꺼칠,0,0,0,XR,*,T,꺼칠,*,*,*,*
꺼칫,0,0,0,XR,*,T,꺼칫,*,*,*,*
꺽꺽,0,0,0,XR,*,T,꺽꺽,*,*,*,*
꺽둑,0,0,0,XR,*,T,꺽둑,*,*,*,*
꺽죽,0,0,0,XR,*,T,꺽죽,*,*,*,*
껄껄,0,0,0,XR,*,T,껄껄,*,*,*,*
껄끔,0,0,0,XR,*,T,껄끔,*,*,*,*
껄적,0,0,0,XR,*,T,껄적,*,*,*,*
껄쩍지근,0,0,0,XR,*,T,껄쩍지근,*,*,*,*
껄쭉,0,0,0,XR,*,T,껄쭉,*,*,*,*
껌껌,0,0,0,XR,*,T,껌껌,*,*,*,*
껍신,0,0,0,XR,*,T,껍신,*,*,*,*
껍죽,0,0,0,XR,*,T,껍죽,*,*,*,*
껑충,0,0,0,XR,*,T,껑충,*,*,*,*
께끄름,0,0,0,XR,*,T,께끄름,*,*,*,*
께름,0,0,0,XR,*,T,께름,*,*,*,*
께름칙,0,0,0,XR,*,T,께름칙,*,*,*,*
께적,0,0,0,XR,*,T,께적,*,*,*,*
께죽,0,0,0,XR,*,T,께죽,*,*,*,*
께지럭,0,0,0,XR,*,T,께지럭,*,*,*,*
께질,0,0,0,XR,*,T,께질,*,*,*,*
꼬기작,0,0,0,XR,*,T,꼬기작,*,*,*,*
꼬깃,0,0,0,XR,*,T,꼬깃,*,*,*,*
꼬로스럼,0,0,0,XR,*,T,꼬로스럼,*,*,*,*
꼬무락,0,0,0,XR,*,T,꼬무락,*,*,*,*
꼬물,0,0,0,XR,*,T,꼬물,*,*,*,*
꼬부랑,0,0,0,XR,*,T,꼬부랑,*,*,*,*
꼬부장,0,0,0,XR,*,T,꼬부장,*,*,*,*
꼬불,0,0,0,XR,*,T,꼬불,*,*,*,*
꼬불탕,0,0,0,XR,*,T,꼬불탕,*,*,*,*
꼬약,0,0,0,XR,*,T,꼬약,*,*,*,*
꼼꼼,0,0,0,XR,*,T,꼼꼼,*,*,*,*
꼼실,0,0,0,XR,*,T,꼼실,*,*,*,*
꼼트락,0,0,0,XR,*,T,꼼트락,*,*,*,*
꼿꼿,0,0,0,XR,*,T,꼿꼿,*,*,*,*
꽁,0,0,0,XR,*,T,꽁,*,*,*,*
꽁알,0,0,0,XR,*,T,꽁알,*,*,*,*
꾀,0,0,0,XR,*,F,꾀,*,*,*,*
꾀죄죄,0,0,0,XR,*,F,꾀죄죄,*,*,*,*
꾸기적,0,0,0,XR,*,T,꾸기적,*,*,*,*
꾸깃,0,0,0,XR,*,T,꾸깃,*,*,*,*
꾸무럭,0,0,0,XR,*,T,꾸무럭,*,*,*,*
꾸물,0,0,0,XR,*,T,꾸물,*,*,*,*
꾸부렁,0,0,0,XR,*,T,꾸부렁,*,*,*,*
꾸부정,0,0,0,XR,*,T,꾸부정,*,*,*,*
꾸불,0,0,0,XR,*,T,꾸불,*,*,*,*
꾸불텅,0,0,0,XR,*,T,꾸불텅,*,*,*,*
꾸역,0,0,0,XR,*,T,꾸역,*,*,*,*
꾸적,0,0,0,XR,*,T,꾸적,*,*,*,*
꾸준,0,0,0,XR,*,T,꾸준,*,*,*,*
꿀꿀,0,0,0,XR,*,T,꿀꿀,*,*,*,*
꿈실,0,0,0,XR,*,T,꿈실,*,*,*,*
꿈트럭,0,0,0,XR,*,T,꿈트럭,*,*,*,*
꿉꿉,0,0,0,XR,*,T,꿉꿉,*,*,*,*
꿋꿋,0,0,0,XR,*,T,꿋꿋,*,*,*,*
꿍,0,0,0,XR,*,T,꿍,*,*,*,*
꿍얼,0,0,0,XR,*,T,꿍얼,*,*,*,*
끄느름,0,0,0,XR,*,T,끄느름,*,*,*,*
끄덕,0,0,0,XR,*,T,끄덕,*,*,*,*
끄드럭,0,0,0,XR,*,T,끄드럭,*,*,*,*
끄먹,0,0,0,XR,*,T,끄먹,*,*,*,*
끄무레,0,0,0,XR,*,F,끄무레,*,*,*,*
끄물,0,0,0,XR,*,T,끄물,*,*,*,*
끄적,0,0,0,XR,*,T,끄적,*,*,*,*
끈끈,0,0,0,XR,*,T,끈끈,*,*,*,*
끈덕,0,0,0,XR,*,T,끈덕,*,*,*,*
끈떡,0,0,0,XR,*,T,끈떡,*,*,*,*
끈적,0,0,0,XR,*,T,끈적,*,*,*,*
끈적끈적,0,0,0,XR,*,T,끈적끈적,*,*,*,*
끌밋,0,0,0,XR,*,T,끌밋,*,*,*,*
끌쩍,0,0,0,XR,*,T,끌쩍,*,*,*,*
끔직,0,0,0,XR,*,T,끔직,*,*,*,*
끔찍,0,0,0,XR,*,T,끔찍,*,*,*,*
끔찍끔찍,0,0,0,XR,*,T,끔찍끔찍,*,*,*,*
끼적,0,0,0,XR,*,T,끼적,*,*,*,*
끽긴,0,0,0,XR,*,T,끽긴,*,*,*,*
낄끽,0,0,0,XR,*,T,낄끽,*,*,*,*
나근,0,0,0,XR,*,T,나근,*,*,*,*
나긋,0,0,0,XR,*,T,나긋,*,*,*,*
나달,0,0,0,XR,*,T,나달,*,*,*,*
나란,0,0,0,XR,*,T,나란,*,*,*,*
나른,0,0,0,XR,*,T,나른,*,*,*,*
나른나른,0,0,0,XR,*,T,나른나른,*,*,*,*
나릿,0,0,0,XR,*,T,나릿,*,*,*,*
나박,0,0,0,XR,*,T,나박,*,*,*,*
나불,0,0,0,XR,*,T,나불,*,*,*,*
나붓,0,0,0,XR,*,T,나붓,*,*,*,*
나약,0,0,0,XR,*,T,나약,*,*,*,*
나울,0,0,0,XR,*,T,나울,*,*,*,*
나즈막,0,0,0,XR,*,T,나즈막,*,*,*,*
나지막,0,0,0,XR,*,T,나지막,*,*,*,*
나직,0,0,0,XR,*,T,나직,*,*,*,*
나탈,0,0,0,XR,*,T,나탈,*,*,*,*
나풀,0,0,0,XR,*,T,나풀,*,*,*,*
낙낙,0,0,0,XR,*,T,낙낙,*,*,*,*
낙천,0,0,0,XR,*,T,낙천,*,*,*,*
난,0,0,0,XR,*,T,난,*,*,*,*
난감,0,0,0,XR,*,T,난감,*,*,*,*
난분분,0,0,0,XR,*,T,난분분,*,*,*,*
난삽,0,0,0,XR,*,T,난삽,*,*,*,*
난연,0,0,0,XR,*,T,난연,*,*,*,*
난작,0,0,0,XR,*,T,난작,*,*,*,*
난잡,0,0,0,XR,*,T,난잡,*,*,*,*
난지락,0,0,0,XR,*,T,난지락,*,*,*,*
난질,0,0,0,XR,*,T,난질,*,*,*,*
난처,0,0,0,XR,*,F,난처,*,*,*,*
난폭,0,0,0,XR,*,T,난폭,*,*,*,*
난해,0,0,0,XR,*,F,난해,*,*,*,*
날렵,0,0,0,XR,*,T,날렵,*,*,*,*
날씨,0,0,0,XR,*,F,날씨,*,*,*,*
날씬,0,0,0,XR,*,T,날씬,*,*,*,*
날짝지근,0,0,0,XR,*,T,날짝지근,*,*,*,*
날짱,0,0,0,XR,*,T,날짱,*,*,*,*
날캉,0,0,0,XR,*,T,날캉,*,*,*,*
날큰,0,0,0,XR,*,T,날큰,*,*,*,*
남,0,0,0,XR,*,T,남,*,*,*,*
남사,0,0,0,XR,*,F,남사,*,*,*,*
남상,0,0,0,XR,*,T,남상,*,*,*,*
남세,0,0,0,XR,*,F,남세,*,*,*,*
남실,0,0,0,XR,*,T,남실,*,*,*,*
남우세,0,0,0,XR,*,F,남우세,*,*,*,*
남직,0,0,0,XR,*,T,남직,*,*,*,*
납대대,0,0,0,XR,*,F,납대대,*,*,*,*
납딱,0,0,0,XR,*,T,납딱,*,*,*,*
납량,0,0,0,XR,*,T,납량,*,*,*,*
납작,0,0,0,XR,*,T,납작,*,*,*,*
낭랑,0,0,0,XR,*,T,낭랑,*,*,*,*
낭자,0,0,0,XR,*,F,낭자,*,*,*,*
낭창,0,0,0,XR,*,T,낭창,*,*,*,*
내노라,0,0,0,XR,*,F,내노라,*,*,*,*
내로라,0,0,0,XR,*,F,내로라,*,*,*,*
내만,0,0,0,XR,*,T,내만,*,*,*,*
내밀,0,0,0,XR,*,T,내밀,*,*,*,*
내습,0,0,0,XR,*,T,내습,*,*,*,*
내재,0,0,0,XR,*,F,내재,*,*,*,*
냉,0,0,0,XR,*,T,냉,*,*,*,*
냉냉,0,0,0,XR,*,T,냉냉,*,*,*,*
냉담,0,0,0,XR,*,T,냉담,*,*,*,*
냉랭,0,0,0,XR,*,T,냉랭,*,*,*,*
냉습,0,0,0,XR,*,T,냉습,*,*,*,*
냉엄,0,0,0,XR,*,T,냉엄,*,*,*,*
냉연,0,0,0,XR,*,T,냉연,*,*,*,*
냉정,0,0,0,XR,*,T,냉정,*,*,*,*
냉철,0,0,0,XR,*,T,냉철,*,*,*,*
냉혹,0,0,0,XR,*,T,냉혹,*,*,*,*
너끈,0,0,0,XR,*,T,너끈,*,*,*,*
너더분,0,0,0,XR,*,T,너더분,*,*,*,*
너덜,0,0,0,XR,*,T,너덜,*,*,*,*
너무,0,0,0,XR,*,F,너무,*,*,*,*
너볏,0,0,0,XR,*,T,너볏,*,*,*,*
너불,0,0,0,XR,*,T,너불,*,*,*,*
너붓,0,0,0,XR,*,T,너붓,*,*,*,*
너울,0,0,0,XR,*,T,너울,*,*,*,*
너저분,0,0,0,XR,*,T,너저분,*,*,*,*
너절,0,0,0,XR,*,T,너절,*,*,*,*
너털,0,0,0,XR,*,T,너털,*,*,*,*
너펄,0,0,0,XR,*,T,너펄,*,*,*,*
너풀,0,0,0,XR,*,T,너풀,*,*,*,*
넉넉,0,0,0,XR,*,T,넉넉,*,*,*,*
넌덜,0,0,0,XR,*,T,넌덜,*,*,*,*
널널,0,0,0,XR,*,T,널널,*,*,*,*
널죽,0,0,0,XR,*,T,널죽,*,*,*,*
널직,0,0,0,XR,*,T,널직,*,*,*,*
널찍,0,0,0,XR,*,T,널찍,*,*,*,*
넓데데,0,0,0,XR,*,F,넓데데,*,*,*,*
넓적,0,0,0,XR,*,T,넓적,*,*,*,*
넓적스름,0,0,0,XR,*,T,넓적스름,*,*,*,*
넓죽,0,0,0,XR,*,T,넓죽,*,*,*,*
넓직,0,0,0,XR,*,T,넓직,*,*,*,*
넘늘,0,0,0,XR,*,T,넘늘,*,*,*,*
넘성,0,0,0,XR,*,T,넘성,*,*,*,*
넘실,0,0,0,XR,*,T,넘실,*,*,*,*
넙데데,0,0,0,XR,*,F,넙데데,*,*,*,*
넙적,0,0,0,XR,*,T,넙적,*,*,*,*
네모반듯,0,0,0,XR,*,T,네모반듯,*,*,*,*
년,0,0,0,XR,*,T,년,*,*,*,*
노,0,0,0,XR,*,F,노,*,*,*,*
노곤,0,0,0,XR,*,T,노곤,*,*,*,*
노골,0,0,0,XR,*,T,노골,*,*,*,*
노긋,0,0,0,XR,*,T,노긋,*,*,*,*
노닥,0,0,0,XR,*,T,노닥,*,*,*,*
노련,0,0,0,XR,*,T,노련,*,*,*,*
노르께,0,0,0,XR,*,F,노르께,*,*,*,*
노르끄레,0,0,0,XR,*,F,노르끄레,*,*,*,*
노르끼리,0,0,0,XR,*,F,노르끼리,*,*,*,*
노르무레,0,0,0,XR,*,F,노르무레,*,*,*,*
노르스레,0,0,0,XR,*,F,노르스레,*,*,*,*
노르스름,0,0,0,XR,*,T,노르스름,*,*,*,*
노릇,0,0,0,XR,*,T,노릇,*,*,*,*
노리께,0,0,0,XR,*,F,노리께,*,*,*,*
노리끼,0,0,0,XR,*,F,노리끼,*,*,*,*
노리끼리,0,0,0,XR,*,F,노리끼리,*,*,*,*
노릿,0,0,0,XR,*,T,노릿,*,*,*,*
노릿노릿,0,0,0,XR,*,T,노릿노릿,*,*,*,*
노성,0,0,0,XR,*,T,노성,*,*,*,*
노숙,0,0,0,XR,*,T,노숙,*,*,*,*
노작지근,0,0,0,XR,*,T,노작지근,*,*,*,*
노회,0,0,0,XR,*,F,노회,*,*,*,*
노후,0,0,0,XR,*,F,노후,*,*,*,*
녹녹,0,0,0,XR,*,T,녹녹,*,*,*,*
녹록,0,0,0,XR,*,T,녹록,*,*,*,*
녹신,0,0,0,XR,*,T,녹신,*,*,*,*
녹작지근,0,0,0,XR,*,T,녹작지근,*,*,*,*
녹지근,0,0,0,XR,*,T,녹지근,*,*,*,*
녹진,0,0,0,XR,*,T,녹진,*,*,*,*
논,0,0,0,XR,*,T,논,*,*,*,*
놀놀,0,0,0,XR,*,T,놀놀,*,*,*,*
농,0,0,0,XR,*,T,농,*,*,*,*
농밀,0,0,0,XR,*,T,농밀,*,*,*,*
농산,0,0,0,XR,*,T,농산,*,*,*,*
농수산,0,0,0,XR,*,T,농수산,*,*,*,*
농후,0,0,0,XR,*,F,농후,*,*,*,*
높지막,0,0,0,XR,*,T,높지막,*,*,*,*
높직,0,0,0,XR,*,T,높직,*,*,*,*
누긋,0,0,0,XR,*,T,누긋,*,*,*,*
누르께,0,0,0,XR,*,F,누르께,*,*,*,*
누르끼,0,0,0,XR,*,F,누르끼,*,*,*,*
누르스레,0,0,0,XR,*,F,누르스레,*,*,*,*
누르스름,0,0,0,XR,*,T,누르스름,*,*,*,*
누르퉁퉁,0,0,0,XR,*,T,누르퉁퉁,*,*,*,*
누릇,0,0,0,XR,*,T,누릇,*,*,*,*
누리끼리,0,0,0,XR,*,F,누리끼리,*,*,*,*
누릿,0,0,0,XR,*,T,누릿,*,*,*,*
누열,0,0,0,XR,*,T,누열,*,*,*,*
누척지근,0,0,0,XR,*,T,누척지근,*,*,*,*
누추,0,0,0,XR,*,F,누추,*,*,*,*
눅눅,0,0,0,XR,*,T,눅눅,*,*,*,*
눅신,0,0,0,XR,*,T,눅신,*,*,*,*
눅진,0,0,0,XR,*,T,눅진,*,*,*,*
눌눌,0,0,0,XR,*,T,눌눌,*,*,*,*
뉘엿,0,0,0,XR,*,T,뉘엿,*,*,*,*
느글,0,0,0,XR,*,T,느글,*,*,*,*
느긋,0,0,0,XR,*,T,느긋,*,*,*,*
느끼,0,0,0,XR,*,F,느끼,*,*,*,*
느른,0,0,0,XR,*,T,느른,*,*,*,*
느리차분,0,0,0,XR,*,T,느리차분,*,*,*,*
느리터분,0,0,0,XR,*,T,느리터분,*,*,*,*
느릿,0,0,0,XR,*,T,느릿,*,*,*,*
느릿느릿,0,0,0,XR,*,T,느릿느릿,*,*,*,*
느물,0,0,0,XR,*,T,느물,*,*,*,*
느슨,0,0,0,XR,*,T,느슨,*,*,*,*
느실,0,0,0,XR,*,T,느실,*,*,*,*
느즈막,0,0,0,XR,*,T,느즈막,*,*,*,*
느지막,0,0,0,XR,*,T,느지막,*,*,*,*
느직,0,0,0,XR,*,T,느직,*,*,*,*
는적,0,0,0,XR,*,T,는적,*,*,*,*
는지럭,0,0,0,XR,*,T,는지럭,*,*,*,*
는질,0,0,0,XR,*,T,는질,*,*,*,*
늘비,0,0,0,XR,*,F,늘비,*,*,*,*
늘씬,0,0,0,XR,*,T,늘씬,*,*,*,*
늘적지근,0,0,0,XR,*,T,늘적지근,*,*,*,*
늘쩡,0,0,0,XR,*,T,늘쩡,*,*,*,*
늘컹,0,0,0,XR,*,T,늘컹,*,*,*,*
늘큰,0,0,0,XR,*,T,늘큰,*,*,*,*
늘펀,0,0,0,XR,*,T,늘펀,*,*,*,*
늙수구레,0,0,0,XR,*,F,늙수구레,*,*,*,*
늙수그레,0,0,0,XR,*,F,늙수그레,*,*,*,*
늙수레,0,0,0,XR,*,F,늙수레,*,*,*,*
늠름,0,0,0,XR,*,T,늠름,*,*,*,*
늠실,0,0,0,XR,*,T,늠실,*,*,*,*
늠연,0,0,0,XR,*,T,늠연,*,*,*,*
능글,0,0,0,XR,*,T,능글,*,*,*,*
능란,0,0,0,XR,*,T,능란,*,*,*,*
능수능란,0,0,0,XR,*,T,능수능란,*,*,*,*
능숙,0,0,0,XR,*,T,능숙,*,*,*,*
능통,0,0,0,XR,*,T,능통,*,*,*,*
니글,0,0,0,XR,*,T,니글,*,*,*,*
니끼,0,0,0,XR,*,F,니끼,*,*,*,*
다,0,0,0,XR,*,F,다,*,*,*,*
다각,0,0,0,XR,*,T,다각,*,*,*,*
다감,0,0,0,XR,*,T,다감,*,*,*,*
다급,0,0,0,XR,*,T,다급,*,*,*,*
다기,0,0,0,XR,*,F,다기,*,*,*,*
다난,0,0,0,XR,*,T,다난,*,*,*,*
다단,0,0,0,XR,*,T,다단,*,*,*,*
다달,0,0,0,XR,*,T,다달,*,*,*,*
다대,0,0,0,XR,*,F,다대,*,*,*,*
다독,0,0,0,XR,*,T,다독,*,*,*,*
다듬,0,0,0,XR,*,T,다듬,*,*,*,*
다듬작,0,0,0,XR,*,T,다듬작,*,*,*,*
다망,0,0,0,XR,*,T,다망,*,*,*,*
다박,0,0,0,XR,*,T,다박,*,*,*,*
다북,0,0,0,XR,*,T,다북,*,*,*,*
다분,0,0,0,XR,*,T,다분,*,*,*,*
다사,0,0,0,XR,*,F,다사,*,*,*,*
다소곳,0,0,0,XR,*,T,다소곳,*,*,*,*
다스,0,0,0,XR,*,F,다스,*,*,*,*
다습,0,0,0,XR,*,T,다습,*,*,*,*
다양,0,0,0,XR,*,T,다양,*,*,*,*
다원,0,0,0,XR,*,T,다원,*,*,*,*
다재다능,0,0,0,XR,*,T,다재다능,*,*,*,*
다정,0,0,0,XR,*,T,다정,*,*,*,*
다정다감,0,0,0,XR,*,T,다정다감,*,*,*,*
다중,0,0,0,XR,*,T,다중,*,*,*,*
다채,0,0,0,XR,*,F,다채,*,*,*,*
다팔,0,0,0,XR,*,T,다팔,*,*,*,*
닥다글,0,0,0,XR,*,T,닥다글,*,*,*,*
단,0,0,0,XR,*,T,단,*,*,*,*
단단,0,0,0,XR,*,T,단단,*,*,*,*
단란,0,0,0,XR,*,T,단란,*,*,*,*
단순,0,0,0,XR,*,T,단순,*,*,*,*
단아,0,0,0,XR,*,F,단아,*,*,*,*
단일,0,0,0,XR,*,T,단일,*,*,*,*
단적,0,0,0,XR,*,T,단적,*,*,*,*
단정,0,0,0,XR,*,T,단정,*,*,*,*
단조,0,0,0,XR,*,F,단조,*,*,*,*
단촐,0,0,0,XR,*,T,단촐,*,*,*,*
단출,0,0,0,XR,*,T,단출,*,*,*,*
단호,0,0,0,XR,*,F,단호,*,*,*,*
달,0,0,0,XR,*,T,달,*,*,*,*
달곰쌉쌀,0,0,0,XR,*,T,달곰쌉쌀,*,*,*,*
달막,0,0,0,XR,*,T,달막,*,*,*,*
달망,0,0,0,XR,*,T,달망,*,*,*,*
달보드레,0,0,0,XR,*,F,달보드레,*,*,*,*
달작지근,0,0,0,XR,*,T,달작지근,*,*,*,*
달짝,0,0,0,XR,*,T,달짝,*,*,*,*
달짝지근,0,0,0,XR,*,T,달짝지근,*,*,*,*
달착지근,0,0,0,XR,*,T,달착지근,*,*,*,*
달콤,0,0,0,XR,*,T,달콤,*,*,*,*
달큼,0,0,0,XR,*,T,달큼,*,*,*,*
담,0,0,0,XR,*,T,담,*,*,*,*
담담,0,0,0,XR,*,T,담담,*,*,*,*
담대,0,0,0,XR,*,F,담대,*,*,*,*
담박,0,0,0,XR,*,T,담박,*,*,*,*
담백,0,0,0,XR,*,T,담백,*,*,*,*
담지,0,0,0,XR,*,F,담지,*,*,*,*
답답,0,0,0,XR,*,T,답답,*,*,*,*
답작,0,0,0,XR,*,T,답작,*,*,*,*
당,0,0,0,XR,*,T,당,*,*,*,*
당당,0,0,0,XR,*,T,당당,*,*,*,*
당도,0,0,0,XR,*,F,당도,*,*,*,*
당돌,0,0,0,XR,*,T,당돌,*,*,*,*
당싯,0,0,0,XR,*,T,당싯,*,*,*,*
당연,0,0,0,XR,*,T,당연,*,*,*,*
당혹,0,0,0,XR,*,T,당혹,*,*,*,*
당황,0,0,0,XR,*,T,당황,*,*,*,*
대,0,0,0,XR,*,F,대,*,*,*,*
대견,0,0,0,XR,*,T,대견,*,*,*,*
대공,0,0,0,XR,*,T,대공,*,*,*,*
대굴,0,0,0,XR,*,T,대굴,*,*,*,*
대꾼,0,0,0,XR,*,T,대꾼,*,*,*,*
대남,0,0,0,XR,*,T,대남,*,*,*,*
대단,0,0,0,XR,*,T,대단,*,*,*,*
대담,0,0,0,XR,*,T,대담,*,*,*,*
대대,0,0,0,XR,*,F,대대,*,*,*,*
대등,0,0,0,XR,*,T,대등,*,*,*,*
대미,0,0,0,XR,*,F,대미,*,*,*,*
대민,0,0,0,XR,*,T,대민,*,*,*,*
대범,0,0,0,XR,*,T,대범,*,*,*,*
대북,0,0,0,XR,*,T,대북,*,*,*,*
대서방,0,0,0,XR,*,T,대서방,*,*,*,*
대외,0,0,0,XR,*,F,대외,*,*,*,*
대인,0,0,0,XR,*,T,대인,*,*,*,*
대일,0,0,0,XR,*,T,대일,*,*,*,*
대지,0,0,0,XR,*,F,대지,*,*,*,*
대충,0,0,0,XR,*,T,대충,*,*,*,*
댁,0,0,0,XR,*,T,댁,*,*,*,*
더덜,0,0,0,XR,*,T,더덜,*,*,*,*
더듬,0,0,0,XR,*,T,더듬,*,*,*,*
더듬적,0,0,0,XR,*,T,더듬적,*,*,*,*
더벅,0,0,0,XR,*,T,더벅,*,*,*,*
더부룩,0,0,0,XR,*,T,더부룩,*,*,*,*
더펄,0,0,0,XR,*,T,더펄,*,*,*,*
덕더글,0,0,0,XR,*,T,덕더글,*,*,*,*
덜룽,0,0,0,XR,*,T,덜룽,*,*,*,*
덜큰,0,0,0,XR,*,T,덜큰,*,*,*,*
덤덤,0,0,0,XR,*,T,덤덤,*,*,*,*
덥수룩,0,0,0,XR,*,T,덥수룩,*,*,*,*
덥적,0,0,0,XR,*,T,덥적,*,*,*,*
덩드럭,0,0,0,XR,*,T,덩드럭,*,*,*,*
덩실,0,0,0,XR,*,T,덩실,*,*,*,*
덩싯,0,0,0,XR,*,T,덩싯,*,*,*,*
데굴,0,0,0,XR,*,T,데굴,*,*,*,*
데데,0,0,0,XR,*,F,데데,*,*,*,*
데퉁,0,0,0,XR,*,T,데퉁,*,*,*,*
덴겁,0,0,0,XR,*,T,덴겁,*,*,*,*
델리케이트,0,0,0,XR,*,F,델리케이트,*,*,*,*
도,0,0,0,XR,*,F,도,*,*,*,*
도고,0,0,0,XR,*,F,도고,*,*,*,*
도근,0,0,0,XR,*,T,도근,*,*,*,*
도닥,0,0,0,XR,*,T,도닥,*,*,*,*
도도,0,0,0,XR,*,F,도도,*,*,*,*
도도록,0,0,0,XR,*,T,도도록,*,*,*,*
도란,0,0,0,XR,*,T,도란,*,*,*,*
도리반,0,0,0,XR,*,T,도리반,*,*,*,*
도손,0,0,0,XR,*,T,도손,*,*,*,*
도연,0,0,0,XR,*,T,도연,*,*,*,*
도저,0,0,0,XR,*,F,도저,*,*,*,*
도톰,0,0,0,XR,*,T,도톰,*,*,*,*
도툼,0,0,0,XR,*,T,도툼,*,*,*,*
독,0,0,0,XR,*,T,독,*,*,*,*
독살,0,0,0,XR,*,T,독살,*,*,*,*
독실,0,0,0,XR,*,T,독실,*,*,*,*
독자,0,0,0,XR,*,F,독자,*,*,*,*
독창,0,0,0,XR,*,T,독창,*,*,*,*
독특,0,0,0,XR,*,T,독특,*,*,*,*
돈독,0,0,0,XR,*,T,돈독,*,*,*,*
동,0,0,0,XR,*,T,동,*,*,*,*
동계,0,0,0,XR,*,F,동계,*,*,*,*
동그마,0,0,0,XR,*,F,동그마,*,*,*,*
동그스럼,0,0,0,XR,*,T,동그스럼,*,*,*,*
동그스름,0,0,0,XR,*,T,동그스름,*,*,*,*
동글,0,0,0,XR,*,T,동글,*,*,*,*
동글납작,0,0,0,XR,*,T,동글납작,*,*,*,*
동글우뚝,0,0,0,XR,*,T,동글우뚝,*,*,*,*
동등,0,0,0,XR,*,T,동등,*,*,*,*
동일,0,0,0,XR,*,T,동일,*,*,*,*
동탕,0,0,0,XR,*,T,동탕,*,*,*,*
되롱,0,0,0,XR,*,T,되롱,*,*,*,*
되룽,0,0,0,XR,*,T,되룽,*,*,*,*
되작,0,0,0,XR,*,T,되작,*,*,*,*
되직,0,0,0,XR,*,T,되직,*,*,*,*
되착,0,0,0,XR,*,T,되착,*,*,*,*
되통,0,0,0,XR,*,T,되통,*,*,*,*
두근,0,0,0,XR,*,T,두근,*,*,*,*
두덕,0,0,0,XR,*,T,두덕,*,*,*,*
두덜,0,0,0,XR,*,T,두덜,*,*,*,*
두두룩,0,0,0,XR,*,T,두두룩,*,*,*,*
두둑,0,0,0,XR,*,T,두둑,*,*,*,*
두런,0,0,0,XR,*,T,두런,*,*,*,*
두렷,0,0,0,XR,*,T,두렷,*,*,*,*
두루뭉술,0,0,0,XR,*,T,두루뭉술,*,*,*,*
두루뭉실,0,0,0,XR,*,T,두루뭉실,*,*,*,*
두리몽실,0,0,0,XR,*,T,두리몽실,*,*,*,*
두리뭉실,0,0,0,XR,*,T,두리뭉실,*,*,*,*
두리번,0,0,0,XR,*,T,두리번,*,*,*,*
두리번두리번,0,0,0,XR,*,T,두리번두리번,*,*,*,*
두리벙,0,0,0,XR,*,T,두리벙,*,*,*,*
두선,0,0,0,XR,*,T,두선,*,*,*,*
두순,0,0,0,XR,*,T,두순,*,*,*,*
두툼,0,0,0,XR,*,T,두툼,*,*,*,*
둔,0,0,0,XR,*,T,둔,*,*,*,*
둔감,0,0,0,XR,*,T,둔감,*,*,*,*
둔마,0,0,0,XR,*,F,둔마,*,*,*,*
둔중,0,0,0,XR,*,T,둔중,*,*,*,*
둔탁,0,0,0,XR,*,T,둔탁,*,*,*,*
둥그스럼,0,0,0,XR,*,T,둥그스럼,*,*,*,*
둥그스름,0,0,0,XR,*,T,둥그스름,*,*,*,*
둥글,0,0,0,XR,*,T,둥글,*,*,*,*
둥글납작,0,0,0,XR,*,T,둥글납작,*,*,*,*
둥글넓적,0,0,0,XR,*,T,둥글넓적,*,*,*,*
둥글넙적,0,0,0,XR,*,T,둥글넙적,*,*,*,*
둥글둥글,0,0,0,XR,*,T,둥글둥글,*,*,*,*
둥싯,0,0,0,XR,*,T,둥싯,*,*,*,*
뒤덤벙,0,0,0,XR,*,T,뒤덤벙,*,*,*,*
뒤룽,0,0,0,XR,*,T,뒤룽,*,*,*,*
뒤숭숭,0,0,0,XR,*,T,뒤숭숭,*,*,*,*
뒤스럭,0,0,0,XR,*,T,뒤스럭,*,*,*,*
뒤적,0,0,0,XR,*,T,뒤적,*,*,*,*
뒤척,0,0,0,XR,*,T,뒤척,*,*,*,*
뒤치락,0,0,0,XR,*,T,뒤치락,*,*,*,*
뒤퉁,0,0,0,XR,*,T,뒤퉁,*,*,*,*
드라마틱,0,0,0,XR,*,T,드라마틱,*,*,*,*
드릉,0,0,0,XR,*,T,드릉,*,*,*,*
득,0,0,0,XR,*,T,득,*,*,*,*
득시글,0,0,0,XR,*,T,득시글,*,*,*,*
득실,0,0,0,XR,*,T,득실,*,*,*,*
득의만만,0,0,0,XR,*,T,득의만만,*,*,*,*
든든,0,0,0,XR,*,T,든든,*,*,*,*
든직,0,0,0,XR,*,T,든직,*,*,*,*
들까불,0,0,0,XR,*,T,들까불,*,*,*,*
들락,0,0,0,XR,*,T,들락,*,*,*,*
들락날락,0,0,0,XR,*,T,들락날락,*,*,*,*
들랑,0,0,0,XR,*,T,들랑,*,*,*,*
들먹,0,0,0,XR,*,T,들먹,*,*,*,*
들멍,0,0,0,XR,*,T,들멍,*,*,*,*
들썩,0,0,0,XR,*,T,들썩,*,*,*,*
들썽,0,0,0,XR,*,T,들썽,*,*,*,*
들쩍지근,0,0,0,XR,*,T,들쩍지근,*,*,*,*
들척,0,0,0,XR,*,T,들척,*,*,*,*
들척지근,0,0,0,XR,*,T,들척지근,*,*,*,*
들큰,0,0,0,XR,*,T,들큰,*,*,*,*
들큼,0,0,0,XR,*,T,들큼,*,*,*,*
듬성,0,0,0,XR,*,T,듬성,*,*,*,*
듬성긋,0,0,0,XR,*,T,듬성긋,*,*,*,*
듬직,0,0,0,XR,*,T,듬직,*,*,*,*
등등,0,0,0,XR,*,T,등등,*,*,*,*
등안,0,0,0,XR,*,T,등안,*,*,*,*
등한,0,0,0,XR,*,T,등한,*,*,*,*
따끈,0,0,0,XR,*,T,따끈,*,*,*,*
따끔,0,0,0,XR,*,T,따끔,*,*,*,*
따끔따끔,0,0,0,XR,*,T,따끔따끔,*,*,*,*
따독,0,0,0,XR,*,T,따독,*,*,*,*
따들싹,0,0,0,XR,*,T,따들싹,*,*,*,*
따듬,0,0,0,XR,*,T,따듬,*,*,*,*
따듬작,0,0,0,XR,*,T,따듬작,*,*,*,*
따듯,0,0,0,XR,*,T,따듯,*,*,*,*
따땃,0,0,0,XR,*,T,따땃,*,*,*,*
따뜻,0,0,0,XR,*,T,따뜻,*,*,*,*
따뜻무레,0,0,0,XR,*,F,따뜻무레,*,*,*,*
따분,0,0,0,XR,*,T,따분,*,*,*,*
따사,0,0,0,XR,*,F,따사,*,*,*,*
따스,0,0,0,XR,*,F,따스,*,*,*,*
따짝,0,0,0,XR,*,T,따짝,*,*,*,*
딱,0,0,0,XR,*,T,딱,*,*,*,*
딱따글,0,0,0,XR,*,T,딱따글,*,*,*,*
딱딱,0,0,0,XR,*,T,딱딱,*,*,*,*
딴딴,0,0,0,XR,*,T,딴딴,*,*,*,*
딸막,0,0,0,XR,*,T,딸막,*,*,*,*
땅딸,0,0,0,XR,*,T,땅딸,*,*,*,*
땅딸막,0,0,0,XR,*,T,땅딸막,*,*,*,*
때굴,0,0,0,XR,*,T,때굴,*,*,*,*
떠들석,0,0,0,XR,*,T,떠들석,*,*,*,*
떠들썩,0,0,0,XR,*,T,떠들썩,*,*,*,*
떠듬,0,0,0,XR,*,T,떠듬,*,*,*,*
떠듬적,0,0,0,XR,*,T,떠듬적,*,*,*,*
떠르르,0,0,0,XR,*,F,떠르르,*,*,*,*
떠름,0,0,0,XR,*,T,떠름,*,*,*,*
떠죽,0,0,0,XR,*,T,떠죽,*,*,*,*
떠지껄,0,0,0,XR,*,T,떠지껄,*,*,*,*
떡떠글,0,0,0,XR,*,T,떡떠글,*,*,*,*
떨떠름,0,0,0,XR,*,T,떨떠름,*,*,*,*
떳떳,0,0,0,XR,*,T,떳떳,*,*,*,*
떼굴,0,0,0,XR,*,T,떼굴,*,*,*,*
또닥,0,0,0,XR,*,T,또닥,*,*,*,*
또드락,0,0,0,XR,*,T,또드락,*,*,*,*
또렷,0,0,0,XR,*,T,또렷,*,*,*,*
또렸,0,0,0,XR,*,T,또렸,*,*,*,*
또박,0,0,0,XR,*,T,또박,*,*,*,*
똑똑,0,0,0,XR,*,T,똑똑,*,*,*,*
똘똘,0,0,0,XR,*,T,똘똘,*,*,*,*
똘망똘망,0,0,0,XR,*,T,똘망똘망,*,*,*,*
똥똥,0,0,0,XR,*,T,똥똥,*,*,*,*
뚜덕,0,0,0,XR,*,T,뚜덕,*,*,*,*
뚜덜,0,0,0,XR,*,T,뚜덜,*,*,*,*
뚜드럭,0,0,0,XR,*,T,뚜드럭,*,*,*,*
뚜렷,0,0,0,XR,*,T,뚜렷,*,*,*,*
뚜벅,0,0,0,XR,*,T,뚜벅,*,*,*,*
뚝뚝,0,0,0,XR,*,T,뚝뚝,*,*,*,*
뚝별,0,0,0,XR,*,T,뚝별,*,*,*,*
뚱,0,0,0,XR,*,T,뚱,*,*,*,*
뚱그스름,0,0,0,XR,*,T,뚱그스름,*,*,*,*
뚱뚱,0,0,0,XR,*,T,뚱뚱,*,*,*,*
뚱싯,0,0,0,XR,*,T,뚱싯,*,*,*,*
뜨끈,0,0,0,XR,*,T,뜨끈,*,*,*,*
뜨끈뜨끈,0,0,0,XR,*,T,뜨끈뜨끈,*,*,*,*
뜨끔,0,0,0,XR,*,T,뜨끔,*,*,*,*
뜨듯,0,0,0,XR,*,T,뜨듯,*,*,*,*
뜨뜻,0,0,0,XR,*,T,뜨뜻,*,*,*,*
뜨뜻미지근,0,0,0,XR,*,T,뜨뜻미지근,*,*,*,*
뜨악,0,0,0,XR,*,T,뜨악,*,*,*,*
뜨직,0,0,0,XR,*,T,뜨직,*,*,*,*
뜯적,0,0,0,XR,*,T,뜯적,*,*,*,*
뜰먹,0,0,0,XR,*,T,뜰먹,*,*,*,*
뜸,0,0,0,XR,*,T,뜸,*,*,*,*
뜻뜻,0,0,0,XR,*,T,뜻뜻,*,*,*,*
띨띨,0,0,0,XR,*,T,띨띨,*,*,*,*
띨빵,0,0,0,XR,*,T,띨빵,*,*,*,*
럭셔리,0,0,0,XR,*,F,럭셔리,*,*,*,*
레이트,0,0,0,XR,*,F,레이트,*,*,*,*
력,0,0,0,XR,*,T,력,*,*,*,*
령,0,0,0,XR,*,T,령,*,*,*,*
로,0,0,0,XR,*,F,로,*,*,*,*
로맨틱,0,0,0,XR,*,T,로맨틱,*,*,*,*
록,0,0,0,XR,*,T,록,*,*,*,*
론,0,0,0,XR,*,T,론,*,*,*,*
료,0,0,0,XR,*,F,료,*,*,*,*
루즈,0,0,0,XR,*,F,루즈,*,*,*,*
류,0,0,0,XR,*,F,류,*,*,*,*
률,0,0,0,XR,*,T,률,*,*,*,*
리,0,0,0,XR,*,F,리,*,*,*,*
리드미컬,0,0,0,XR,*,T,리드미컬,*,*,*,*
리얼,0,0,0,XR,*,T,리얼,*,*,*,*
리젼너블,0,0,0,XR,*,T,리젼너블,*,*,*,*
림,0,0,0,XR,*,T,림,*,*,*,*
마다,0,0,0,XR,*,F,마다,*,*,*,*
마땅,0,0,0,XR,*,T,마땅,*,*,*,*
마뜩,0,0,0,XR,*,T,마뜩,*,*,*,*
마애,0,0,0,XR,*,F,마애,*,*,*,*
마제,0,0,0,XR,*,F,마제,*,*,*,*
막,0,0,0,XR,*,T,막,*,*,*,*
막강,0,0,0,XR,*,T,막강,*,*,*,*
막대,0,0,0,XR,*,F,막대,*,*,*,*
막론,0,0,0,XR,*,T,막론,*,*,*,*
막막,0,0,0,XR,*,T,막막,*,*,*,*
막역,0,0,0,XR,*,T,막역,*,*,*,*
막연,0,0,0,XR,*,T,막연,*,*,*,*
막중,0,0,0,XR,*,T,막중,*,*,*,*
만건곤,0,0,0,XR,*,T,만건곤,*,*,*,*
만끽,0,0,0,XR,*,T,만끽,*,*,*,*
만만,0,0,0,XR,*,T,만만,*,*,*,*
만무,0,0,0,XR,*,F,만무,*,*,*,*
만발,0,0,0,XR,*,T,만발,*,*,*,*
만안,0,0,0,XR,*,T,만안,*,*,*,*
만연,0,0,0,XR,*,T,만연,*,*,*,*
만작,0,0,0,XR,*,T,만작,*,*,*,*
만족,0,0,0,XR,*,T,만족,*,*,*,*
만지작,0,0,0,XR,*,T,만지작,*,*,*,*
말끔,0,0,0,XR,*,T,말끔,*,*,*,*
말똥,0,0,0,XR,*,T,말똥,*,*,*,*
말랑,0,0,0,XR,*,T,말랑,*,*,*,*
말랑말랑,0,0,0,XR,*,T,말랑말랑,*,*,*,*
말쑥,0,0,0,XR,*,T,말쑥,*,*,*,*
말짱,0,0,0,XR,*,T,말짱,*,*,*,*
말캉,0,0,0,XR,*,T,말캉,*,*,*,*
맛깔,0,0,0,XR,*,T,맛깔,*,*,*,*
망,0,0,0,XR,*,T,망,*,*,*,*
망극,0,0,0,XR,*,T,망극,*,*,*,*
망막,0,0,0,XR,*,T,망막,*,*,*,*
망망,0,0,0,XR,*,T,망망,*,*,*,*
망설,0,0,0,XR,*,T,망설,*,*,*,*
망쇄,0,0,0,XR,*,F,망쇄,*,*,*,*
망연,0,0,0,XR,*,T,망연,*,*,*,*
망측,0,0,0,XR,*,T,망측,*,*,*,*
망칙,0,0,0,XR,*,T,망칙,*,*,*,*
망패,0,0,0,XR,*,F,망패,*,*,*,*
맞이,0,0,0,XR,*,F,맞이,*,*,*,*
맞춤,0,0,0,XR,*,T,맞춤,*,*,*,*
맞통,0,0,0,XR,*,T,맞통,*,*,*,*
매끄당,0,0,0,XR,*,T,매끄당,*,*,*,*
매끈,0,0,0,XR,*,T,매끈,*,*,*,*
매끈둥,0,0,0,XR,*,T,매끈둥,*,*,*,*
매몰,0,0,0,XR,*,T,매몰,*,*,*,*
매슥,0,0,0,XR,*,T,매슥,*,*,*,*
매욱,0,0,0,XR,*,T,매욱,*,*,*,*
매정,0,0,0,XR,*,T,매정,*,*,*,*
매지근,0,0,0,XR,*,T,매지근,*,*,*,*
매카,0,0,0,XR,*,F,매카,*,*,*,*
매캐,0,0,0,XR,*,F,매캐,*,*,*,*
매케,0,0,0,XR,*,F,매케,*,*,*,*
매콤,0,0,0,XR,*,T,매콤,*,*,*,*
매큼,0,0,0,XR,*,T,매큼,*,*,*,*
맥맥,0,0,0,XR,*,T,맥맥,*,*,*,*
맥진,0,0,0,XR,*,T,맥진,*,*,*,*
맨들맨들,0,0,0,XR,*,T,맨들맨들,*,*,*,*
맵싸,0,0,0,XR,*,F,맵싸,*,*,*,*
맵쌀,0,0,0,XR,*,T,맵쌀,*,*,*,*
맵자,0,0,0,XR,*,F,맵자,*,*,*,*
맹,0,0,0,XR,*,T,맹,*,*,*,*
맹랑,0,0,0,XR,*,T,맹랑,*,*,*,*
맹력,0,0,0,XR,*,T,맹력,*,*,*,*
맹렬,0,0,0,XR,*,T,맹렬,*,*,*,*
맹맹,0,0,0,XR,*,T,맹맹,*,*,*,*
맹송맹송,0,0,0,XR,*,T,맹송맹송,*,*,*,*
맹숭맹숭,0,0,0,XR,*,T,맹숭맹숭,*,*,*,*
머무적,0,0,0,XR,*,T,머무적,*,*,*,*
머뭇,0,0,0,XR,*,T,머뭇,*,*,*,*
머슬머슬,0,0,0,XR,*,T,머슬머슬,*,*,*,*
머쓱,0,0,0,XR,*,T,머쓱,*,*,*,*
먹먹,0,0,0,XR,*,T,먹먹,*,*,*,*
먹음직,0,0,0,XR,*,T,먹음직,*,*,*,*
멀끔,0,0,0,XR,*,T,멀끔,*,*,*,*
멀뚱,0,0,0,XR,*,T,멀뚱,*,*,*,*
멀쑥,0,0,0,XR,*,T,멀쑥,*,*,*,*
멀정,0,0,0,XR,*,T,멀정,*,*,*,*
멀쩡,0,0,0,XR,*,T,멀쩡,*,*,*,*
멀찌막,0,0,0,XR,*,T,멀찌막,*,*,*,*
멀찍,0,0,0,XR,*,T,멀찍,*,*,*,*
멈칫,0,0,0,XR,*,T,멈칫,*,*,*,*
멍,0,0,0,XR,*,T,멍,*,*,*,*
멍멍,0,0,0,XR,*,T,멍멍,*,*,*,*
멍청,0,0,0,XR,*,T,멍청,*,*,*,*
메,0,0,0,XR,*,F,메,*,*,*,*
메슥,0,0,0,XR,*,T,메슥,*,*,*,*
면,0,0,0,XR,*,T,면,*,*,*,*
면구,0,0,0,XR,*,F,면구,*,*,*,*
면면,0,0,0,XR,*,T,면면,*,*,*,*
면밀,0,0,0,XR,*,T,면밀,*,*,*,*
멸,0,0,0,XR,*,T,멸,*,*,*,*
명,0,0,0,XR,*,T,명,*,*,*,*
명랑,0,0,0,XR,*,T,명랑,*,*,*,*
명량,0,0,0,XR,*,T,명량,*,*,*,*
명료,0,0,0,XR,*,F,명료,*,*,*,*
명명백백,0,0,0,XR,*,T,명명백백,*,*,*,*
명미,0,0,0,XR,*,F,명미,*,*,*,*
명민,0,0,0,XR,*,T,명민,*,*,*,*
명백,0,0,0,XR,*,T,명백,*,*,*,*
명석,0,0,0,XR,*,T,명석,*,*,*,*
명징,0,0,0,XR,*,T,명징,*,*,*,*
명철,0,0,0,XR,*,T,명철,*,*,*,*
명쾌,0,0,0,XR,*,F,명쾌,*,*,*,*
명확,0,0,0,XR,*,T,명확,*,*,*,*
모,0,0,0,XR,*,F,모,*,*,*,*
모노토너스,0,0,0,XR,*,F,모노토너스,*,*,*,*
모락,0,0,0,XR,*,T,모락,*,*,*,*
모지락,0,0,0,XR,*,T,모지락,*,*,*,*
모호,0,0,0,XR,*,F,모호,*,*,*,*
목,0,0,0,XR,*,T,목,*,*,*,*
몰,0,0,0,XR,*,T,몰,*,*,*,*
몰강,0,0,0,XR,*,T,몰강,*,*,*,*
몰랑,0,0,0,XR,*,T,몰랑,*,*,*,*
몰롱,0,0,0,XR,*,T,몰롱,*,*,*,*
몰캉,0,0,0,XR,*,T,몰캉,*,*,*,*
몰풍,0,0,0,XR,*,T,몰풍,*,*,*,*
못마땅,0,0,0,XR,*,T,못마땅,*,*,*,*
몽그작,0,0,0,XR,*,T,몽그작,*,*,*,*
몽긋,0,0,0,XR,*,T,몽긋,*,*,*,*
몽땅,0,0,0,XR,*,T,몽땅,*,*,*,*
몽롱,0,0,0,XR,*,T,몽롱,*,*,*,*
몽연,0,0,0,XR,*,T,몽연,*,*,*,*
묘,0,0,0,XR,*,F,묘,*,*,*,*
묘연,0,0,0,XR,*,T,묘연,*,*,*,*
무,0,0,0,XR,*,F,무,*,*,*,*
무감,0,0,0,XR,*,T,무감,*,*,*,*
무결,0,0,0,XR,*,T,무결,*,*,*,*
무계,0,0,0,XR,*,F,무계,*,*,*,*
무고,0,0,0,XR,*,F,무고,*,*,*,*
무관,0,0,0,XR,*,T,무관,*,*,*,*
무구,0,0,0,XR,*,F,무구,*,*,*,*
무궁,0,0,0,XR,*,T,무궁,*,*,*,*
무궁무궁,0,0,0,XR,*,T,무궁무궁,*,*,*,*
무궁무진,0,0,0,XR,*,T,무궁무진,*,*,*,*
무근,0,0,0,XR,*,T,무근,*,*,*,*
무기,0,0,0,XR,*,F,무기,*,*,*,*
무난,0,0,0,XR,*,T,무난,*,*,*,*
무던,0,0,0,XR,*,T,무던,*,*,*,*
무덤덤,0,0,0,XR,*,T,무덤덤,*,*,*,*
무덥덥,0,0,0,XR,*,T,무덥덥,*,*,*,*
무도,0,0,0,XR,*,F,무도,*,*,*,*
무뚝둑,0,0,0,XR,*,T,무뚝둑,*,*,*,*
무뚝뚝,0,0,0,XR,*,T,무뚝뚝,*,*,*,*
무력,0,0,0,XR,*,T,무력,*,*,*,*
무료,0,0,0,XR,*,F,무료,*,*,*,*
무룩,0,0,0,XR,*,T,무룩,*,*,*,*
무르춤,0,0,0,XR,*,T,무르춤,*,*,*,*
무망,0,0,0,XR,*,T,무망,*,*,*,*
무명색,0,0,0,XR,*,T,무명색,*,*,*,*
무모,0,0,0,XR,*,F,무모,*,*,*,*
무미,0,0,0,XR,*,F,무미,*,*,*,*
무방,0,0,0,XR,*,T,무방,*,*,*,*
무변,0,0,0,XR,*,T,무변,*,*,*,*
무사,0,0,0,XR,*,F,무사,*,*,*,*
무상,0,0,0,XR,*,T,무상,*,*,*,*
무색,0,0,0,XR,*,T,무색,*,*,*,*
무성,0,0,0,XR,*,T,무성,*,*,*,*
무수,0,0,0,XR,*,F,무수,*,*,*,*
무시무시,0,0,0,XR,*,F,무시무시,*,*,*,*
무신경,0,0,0,XR,*,T,무신경,*,*,*,*
무쌍,0,0,0,XR,*,T,무쌍,*,*,*,*
무엄,0,0,0,XR,*,T,무엄,*,*,*,*
무연,0,0,0,XR,*,T,무연,*,*,*,*
무욕,0,0,0,XR,*,T,무욕,*,*,*,*
무위,0,0,0,XR,*,F,무위,*,*,*,*
무이,0,0,0,XR,*,F,무이,*,*,*,*
무익,0,0,0,XR,*,T,무익,*,*,*,*
무자각,0,0,0,XR,*,T,무자각,*,*,*,*
무자력,0,0,0,XR,*,T,무자력,*,*,*,*
무자비,0,0,0,XR,*,F,무자비,*,*,*,*
무작,0,0,0,XR,*,T,무작,*,*,*,*
무잡,0,0,0,XR,*,T,무잡,*,*,*,*
무정,0,0,0,XR,*,T,무정,*,*,*,*
무정처,0,0,0,XR,*,F,무정처,*,*,*,*
무지,0,0,0,XR,*,F,무지,*,*,*,*
무지근,0,0,0,XR,*,T,무지근,*,*,*,*
무지륵,0,0,0,XR,*,T,무지륵,*,*,*,*
무지막지,0,0,0,XR,*,F,무지막지,*,*,*,*
무참,0,0,0,XR,*,T,무참,*,*,*,*
무치,0,0,0,XR,*,F,무치,*,*,*,*
무해,0,0,0,XR,*,F,무해,*,*,*,*
묵묵,0,0,0,XR,*,T,묵묵,*,*,*,*
묵중,0,0,0,XR,*,T,묵중,*,*,*,*
묵지근,0,0,0,XR,*,T,묵지근,*,*,*,*
묵직,0,0,0,XR,*,T,묵직,*,*,*,*
문,0,0,0,XR,*,T,문,*,*,*,*
문약,0,0,0,XR,*,T,문약,*,*,*,*
문치적,0,0,0,XR,*,T,문치적,*,*,*,*
물,0,0,0,XR,*,T,물,*,*,*,*
물렁,0,0,0,XR,*,T,물렁,*,*,*,*
물커덩,0,0,0,XR,*,T,물커덩,*,*,*,*
물컹,0,0,0,XR,*,T,물컹,*,*,*,*
물풍,0,0,0,XR,*,T,물풍,*,*,*,*
뭉그적,0,0,0,XR,*,T,뭉그적,*,*,*,*
뭉근,0,0,0,XR,*,T,뭉근,*,*,*,*
뭉긋,0,0,0,XR,*,T,뭉긋,*,*,*,*
뭉떵,0,0,0,XR,*,T,뭉떵,*,*,*,*
뭉뚝,0,0,0,XR,*,T,뭉뚝,*,*,*,*
뭉뚱,0,0,0,XR,*,T,뭉뚱,*,*,*,*
뭉클,0,0,0,XR,*,T,뭉클,*,*,*,*
뭉텅,0,0,0,XR,*,T,뭉텅,*,*,*,*
뭉툭,0,0,0,XR,*,T,뭉툭,*,*,*,*
뭣,0,0,0,XR,*,T,뭣,*,*,*,*
미,0,0,0,XR,*,F,미,*,*,*,*
미개,0,0,0,XR,*,F,미개,*,*,*,*
미거,0,0,0,XR,*,F,미거,*,*,*,*
미끄덩,0,0,0,XR,*,T,미끄덩,*,*,*,*
미끈,0,0,0,XR,*,T,미끈,*,*,*,*
미끈둥,0,0,0,XR,*,T,미끈둥,*,*,*,*
미려,0,0,0,XR,*,F,미려,*,*,*,*
미련,0,0,0,XR,*,T,미련,*,*,*,*
미루적,0,0,0,XR,*,T,미루적,*,*,*,*
미묘,0,0,0,XR,*,F,미묘,*,*,*,*
미미,0,0,0,XR,*,F,미미,*,*,*,*
미세,0,0,0,XR,*,F,미세,*,*,*,*
미소,0,0,0,XR,*,F,미소,*,*,*,*
미숙,0,0,0,XR,*,T,미숙,*,*,*,*
미숙련,0,0,0,XR,*,T,미숙련,*,*,*,*
미시,0,0,0,XR,*,F,미시,*,*,*,*
미안,0,0,0,XR,*,T,미안,*,*,*,*
미약,0,0,0,XR,*,T,미약,*,*,*,*
미온,0,0,0,XR,*,T,미온,*,*,*,*
미욱,0,0,0,XR,*,T,미욱,*,*,*,*
미적,0,0,0,XR,*,T,미적,*,*,*,*
미적지근,0,0,0,XR,*,T,미적지근,*,*,*,*
미지근,0,0,0,XR,*,T,미지근,*,*,*,*
미진,0,0,0,XR,*,T,미진,*,*,*,*
미천,0,0,0,XR,*,T,미천,*,*,*,*
미편,0,0,0,XR,*,T,미편,*,*,*,*
미흡,0,0,0,XR,*,T,미흡,*,*,*,*
민,0,0,0,XR,*,T,민,*,*,*,*
민감,0,0,0,XR,*,T,민감,*,*,*,*
민둥,0,0,0,XR,*,T,민둥,*,*,*,*
민망,0,0,0,XR,*,T,민망,*,*,*,*
민민,0,0,0,XR,*,T,민민,*,*,*,*
민수,0,0,0,XR,*,F,민수,*,*,*,*
민첩,0,0,0,XR,*,T,민첩,*,*,*,*
민틋,0,0,0,XR,*,T,민틋,*,*,*,*
민활,0,0,0,XR,*,T,민활,*,*,*,*
믿음직,0,0,0,XR,*,T,믿음직,*,*,*,*
밀접,0,0,0,XR,*,T,밀접,*,*,*,*
밉살,0,0,0,XR,*,T,밉살,*,*,*,*
밋밋,0,0,0,XR,*,T,밋밋,*,*,*,*
밍근,0,0,0,XR,*,T,밍근,*,*,*,*
밍밍,0,0,0,XR,*,T,밍밍,*,*,*,*
바글,0,0,0,XR,*,T,바글,*,*,*,*
바동,0,0,0,XR,*,T,바동,*,*,*,*
바둥,0,0,0,XR,*,T,바둥,*,*,*,*
바들,0,0,0,XR,*,T,바들,*,*,*,*
바듯,0,0,0,XR,*,T,바듯,*,*,*,*
바람직,0,0,0,XR,*,T,바람직,*,*,*,*
바룩,0,0,0,XR,*,T,바룩,*,*,*,*
바르작,0,0,0,XR,*,T,바르작,*,*,*,*
바릊,0,0,0,XR,*,T,바릊,*,*,*,*
바시랑,0,0,0,XR,*,T,바시랑,*,*,*,*
바작,0,0,0,XR,*,T,바작,*,*,*,*
바장,0,0,0,XR,*,T,바장,*,*,*,*
바지런,0,0,0,XR,*,T,바지런,*,*,*,*
박신,0,0,0,XR,*,T,박신,*,*,*,*
박절,0,0,0,XR,*,T,박절,*,*,*,*
박정,0,0,0,XR,*,T,박정,*,*,*,*
반,0,0,0,XR,*,T,반,*,*,*,*
반국가,0,0,0,XR,*,F,반국가,*,*,*,*
반둥,0,0,0,XR,*,T,반둥,*,*,*,*
반드레,0,0,0,XR,*,F,반드레,*,*,*,*
반들,0,0,0,XR,*,T,반들,*,*,*,*
반듯,0,0,0,XR,*,T,반듯,*,*,*,*
반민족,0,0,0,XR,*,T,반민족,*,*,*,*
반민주,0,0,0,XR,*,F,반민주,*,*,*,*
반반,0,0,0,XR,*,T,반반,*,*,*,*
반사회,0,0,0,XR,*,F,반사회,*,*,*,*
반연,0,0,0,XR,*,T,반연,*,*,*,*
반일,0,0,0,XR,*,T,반일,*,*,*,*
반정부,0,0,0,XR,*,F,반정부,*,*,*,*
반지레,0,0,0,XR,*,F,반지레,*,*,*,*
반질,0,0,0,XR,*,T,반질,*,*,*,*
발,0,0,0,XR,*,T,발,*,*,*,*
발가우리,0,0,0,XR,*,F,발가우리,*,*,*,*
발그레,0,0,0,XR,*,F,발그레,*,*,*,*
발그스름,0,0,0,XR,*,T,발그스름,*,*,*,*
발깍,0,0,0,XR,*,T,발깍,*,*,*,*
발랄,0,0,0,XR,*,T,발랄,*,*,*,*
발랑,0,0,0,XR,*,T,발랑,*,*,*,*
발짝,0,0,0,XR,*,T,발짝,*,*,*,*
발칙,0,0,0,XR,*,T,발칙,*,*,*,*
발칵,0,0,0,XR,*,T,발칵,*,*,*,*
발휘,0,0,0,XR,*,F,발휘,*,*,*,*
방대,0,0,0,XR,*,F,방대,*,*,*,*
방렬,0,0,0,XR,*,T,방렬,*,*,*,*
방만,0,0,0,XR,*,T,방만,*,*,*,*
방방,0,0,0,XR,*,T,방방,*,*,*,*
방불,0,0,0,XR,*,T,방불,*,*,*,*
방자,0,0,0,XR,*,F,방자,*,*,*,*
방정,0,0,0,XR,*,T,방정,*,*,*,*
배,0,0,0,XR,*,F,배,*,*,*,*
배딱,0,0,0,XR,*,T,배딱,*,*,*,*
배뚝,0,0,0,XR,*,T,배뚝,*,*,*,*
배뚤,0,0,0,XR,*,T,배뚤,*,*,*,*
배슥,0,0,0,XR,*,T,배슥,*,*,*,*
배신,0,0,0,XR,*,T,배신,*,*,*,*
배착,0,0,0,XR,*,T,배착,*,*,*,*
배치작,0,0,0,XR,*,T,배치작,*,*,*,*
배칠,0,0,0,XR,*,T,배칠,*,*,*,*
배트작,0,0,0,XR,*,T,배트작,*,*,*,*
백,0,0,0,XR,*,T,백,*,*,*,*
밴둥,0,0,0,XR,*,T,밴둥,*,*,*,*
밴들,0,0,0,XR,*,T,밴들,*,*,*,*
뱌비작,0,0,0,XR,*,T,뱌비작,*,*,*,*
뱌빚,0,0,0,XR,*,T,뱌빚,*,*,*,*
뱌슬,0,0,0,XR,*,T,뱌슬,*,*,*,*
뱐죽,0,0,0,XR,*,T,뱐죽,*,*,*,*
버근,0,0,0,XR,*,T,버근,*,*,*,*
버글,0,0,0,XR,*,T,버글,*,*,*,*
버둥,0,0,0,XR,*,T,버둥,*,*,*,*
버들,0,0,0,XR,*,T,버들,*,*,*,*
버르적,0,0,0,XR,*,T,버르적,*,*,*,*
버릊,0,0,0,XR,*,T,버릊,*,*,*,*
버벅,0,0,0,XR,*,T,버벅,*,*,*,*
버적,0,0,0,XR,*,T,버적,*,*,*,*
버젓,0,0,0,XR,*,T,버젓,*,*,*,*
버정,0,0,0,XR,*,T,버정,*,*,*,*
벅신,0,0,0,XR,*,T,벅신,*,*,*,*
번거,0,0,0,XR,*,F,번거,*,*,*,*
번다,0,0,0,XR,*,F,번다,*,*,*,*
번둥,0,0,0,XR,*,T,번둥,*,*,*,*
번드레,0,0,0,XR,*,F,번드레,*,*,*,*
번들,0,0,0,XR,*,T,번들,*,*,*,*
번듯,0,0,0,XR,*,T,번듯,*,*,*,*
번뜻,0,0,0,XR,*,T,번뜻,*,*,*,*
번번,0,0,0,XR,*,T,번번,*,*,*,*
번쇄,0,0,0,XR,*,F,번쇄,*,*,*,*
번열,0,0,0,XR,*,T,번열,*,*,*,*
번잡,0,0,0,XR,*,T,번잡,*,*,*,*
번죽,0,0,0,XR,*,T,번죽,*,*,*,*
번지레,0,0,0,XR,*,F,번지레,*,*,*,*
번질,0,0,0,XR,*,T,번질,*,*,*,*
번추,0,0,0,XR,*,F,번추,*,*,*,*
번화,0,0,0,XR,*,F,번화,*,*,*,*
벌꺽,0,0,0,XR,*,T,벌꺽,*,*,*,*
벌렁,0,0,0,XR,*,T,벌렁,*,*,*,*
벌쩍,0,0,0,XR,*,T,벌쩍,*,*,*,*
벌컥,0,0,0,XR,*,T,벌컥,*,*,*,*
범,0,0,0,XR,*,T,범,*,*,*,*
범박,0,0,0,XR,*,T,범박,*,*,*,*
범상,0,0,0,XR,*,T,범상,*,*,*,*
범연,0,0,0,XR,*,T,범연,*,*,*,*
법상,0,0,0,XR,*,T,법상,*,*,*,*
법조,0,0,0,XR,*,F,법조,*,*,*,*
벙벙,0,0,0,XR,*,T,벙벙,*,*,*,*
베슥,0,0,0,XR,*,T,베슥,*,*,*,*
베슬,0,0,0,XR,*,T,베슬,*,*,*,*
벤벤,0,0,0,XR,*,T,벤벤,*,*,*,*
변,0,0,0,XR,*,T,변,*,*,*,*
변변,0,0,0,XR,*,T,변변,*,*,*,*
별,0,0,0,XR,*,T,별,*,*,*,*
별쭝,0,0,0,XR,*,T,별쭝,*,*,*,*
별축,0,0,0,XR,*,T,별축,*,*,*,*
병약,0,0,0,XR,*,T,병약,*,*,*,*
보,0,0,0,XR,*,F,보,*,*,*,*
보글,0,0,0,XR,*,T,보글,*,*,*,*
보드레,0,0,0,XR,*,F,보드레,*,*,*,*
보송,0,0,0,XR,*,T,보송,*,*,*,*
보슬,0,0,0,XR,*,T,보슬,*,*,*,*
보유스름,0,0,0,XR,*,T,보유스름,*,*,*,*
복,0,0,0,XR,*,T,복,*,*,*,*
복욱,0,0,0,XR,*,T,복욱,*,*,*,*
복잡,0,0,0,XR,*,T,복잡,*,*,*,*
복잡다기,0,0,0,XR,*,F,복잡다기,*,*,*,*
복잡다단,0,0,0,XR,*,T,복잡다단,*,*,*,*
본,0,0,0,XR,*,T,본,*,*,*,*
본격,0,0,0,XR,*,T,본격,*,*,*,*
볼각,0,0,0,XR,*,T,볼각,*,*,*,*
볼강,0,0,0,XR,*,T,볼강,*,*,*,*
볼그레,0,0,0,XR,*,F,볼그레,*,*,*,*
볼그스레,0,0,0,XR,*,F,볼그스레,*,*,*,*
볼그스름,0,0,0,XR,*,T,볼그스름,*,*,*,*
볼그죽죽,0,0,0,XR,*,T,볼그죽죽,*,*,*,*
볼근,0,0,0,XR,*,T,볼근,*,*,*,*
볼긋,0,0,0,XR,*,T,볼긋,*,*,*,*
볼똥,0,0,0,XR,*,T,볼똥,*,*,*,*
볼록,0,0,0,XR,*,T,볼록,*,*,*,*
볼통,0,0,0,XR,*,T,볼통,*,*,*,*
봉,0,0,0,XR,*,T,봉,*,*,*,*
봉건,0,0,0,XR,*,T,봉건,*,*,*,*
봉긋,0,0,0,XR,*,T,봉긋,*,*,*,*
부,0,0,0,XR,*,F,부,*,*,*,*
부글,0,0,0,XR,*,T,부글,*,*,*,*
부단,0,0,0,XR,*,T,부단,*,*,*,*
부당,0,0,0,XR,*,T,부당,*,*,*,*
부대,0,0,0,XR,*,F,부대,*,*,*,*
부들,0,0,0,XR,*,T,부들,*,*,*,*
부듯,0,0,0,XR,*,T,부듯,*,*,*,*
부루퉁,0,0,0,XR,*,T,부루퉁,*,*,*,*
부리부리,0,0,0,XR,*,F,부리부리,*,*,*,*
부박,0,0,0,XR,*,T,부박,*,*,*,*
부산,0,0,0,XR,*,T,부산,*,*,*,*
부성,0,0,0,XR,*,T,부성,*,*,*,*
부수,0,0,0,XR,*,F,부수,*,*,*,*
부슬,0,0,0,XR,*,T,부슬,*,*,*,*
부시시,0,0,0,XR,*,F,부시시,*,*,*,*
부유스름,0,0,0,XR,*,T,부유스름,*,*,*,*
부윰,0,0,0,XR,*,T,부윰,*,*,*,*
부자연,0,0,0,XR,*,T,부자연,*,*,*,*
부잡,0,0,0,XR,*,T,부잡,*,*,*,*
부적당,0,0,0,XR,*,T,부적당,*,*,*,*
부적절,0,0,0,XR,*,T,부적절,*,*,*,*
부정당,0,0,0,XR,*,T,부정당,*,*,*,*
부정직,0,0,0,XR,*,T,부정직,*,*,*,*
부족,0,0,0,XR,*,T,부족,*,*,*,*
부지런,0,0,0,XR,*,T,부지런,*,*,*,*
부화,0,0,0,XR,*,F,부화,*,*,*,*
북적,0,0,0,XR,*,T,북적,*,*,*,*
분,0,0,0,XR,*,T,분,*,*,*,*
분망,0,0,0,XR,*,T,분망,*,*,*,*
분명,0,0,0,XR,*,T,분명,*,*,*,*
분분,0,0,0,XR,*,T,분분,*,*,*,*
분주,0,0,0,XR,*,F,분주,*,*,*,*
불,0,0,0,XR,*,T,불,*,*,*,*
불가능,0,0,0,XR,*,T,불가능,*,*,*,*
불가피,0,0,0,XR,*,F,불가피,*,*,*,*
불걱,0,0,0,XR,*,T,불걱,*,*,*,*
불건전,0,0,0,XR,*,T,불건전,*,*,*,*
불겅,0,0,0,XR,*,T,불겅,*,*,*,*
불결,0,0,0,XR,*,T,불결,*,*,*,*
불공,0,0,0,XR,*,T,불공,*,*,*,*
불과,0,0,0,XR,*,F,불과,*,*,*,*
불구,0,0,0,XR,*,F,불구,*,*,*,*
불그레,0,0,0,XR,*,F,불그레,*,*,*,*
불그무레,0,0,0,XR,*,F,불그무레,*,*,*,*
불그스럼,0,0,0,XR,*,T,불그스럼,*,*,*,*
불그스레,0,0,0,XR,*,F,불그스레,*,*,*,*
불그스름,0,0,0,XR,*,T,불그스름,*,*,*,*
불그죽죽,0,0,0,XR,*,T,불그죽죽,*,*,*,*
불근,0,0,0,XR,*,T,불근,*,*,*,*
불급,0,0,0,XR,*,T,불급,*,*,*,*
불긋,0,0,0,XR,*,T,불긋,*,*,*,*
불길,0,0,0,XR,*,T,불길,*,*,*,*
불뚱,0,0,0,XR,*,T,불뚱,*,*,*,*
불로,0,0,0,XR,*,F,불로,*,*,*,*
불룩,0,0,0,XR,*,T,불룩,*,*,*,*
불리,0,0,0,XR,*,F,불리,*,*,*,*
불미,0,0,0,XR,*,F,불미,*,*,*,*
불민,0,0,0,XR,*,T,불민,*,*,*,*
불분명,0,0,0,XR,*,T,불분명,*,*,*,*
불사,0,0,0,XR,*,F,불사,*,*,*,*
불상,0,0,0,XR,*,T,불상,*,*,*,*
불순,0,0,0,XR,*,T,불순,*,*,*,*
불쌍,0,0,0,XR,*,T,불쌍,*,*,*,*
불썅,0,0,0,XR,*,T,불썅,*,*,*,*
불온,0,0,0,XR,*,T,불온,*,*,*,*
불요,0,0,0,XR,*,F,불요,*,*,*,*
불쩍,0,0,0,XR,*,T,불쩍,*,*,*,*
불철저,0,0,0,XR,*,F,불철저,*,*,*,*
불측,0,0,0,XR,*,T,불측,*,*,*,*
불콰,0,0,0,XR,*,F,불콰,*,*,*,*
불쾌,0,0,0,XR,*,F,불쾌,*,*,*,*
불퉁,0,0,0,XR,*,T,불퉁,*,*,*,*
불효막심,0,0,0,XR,*,T,불효막심,*,*,*,*
붉으스름,0,0,0,XR,*,T,붉으스름,*,*,*,*
붉으죽죽,0,0,0,XR,*,T,붉으죽죽,*,*,*,*
붐빠,0,0,0,XR,*,F,붐빠,*,*,*,*
비,0,0,0,XR,*,F,비,*,*,*,*
비겁,0,0,0,XR,*,T,비겁,*,*,*,*
비굴,0,0,0,XR,*,T,비굴,*,*,*,*
비근,0,0,0,XR,*,T,비근,*,*,*,*
비대,0,0,0,XR,*,F,비대,*,*,*,*
비등,0,0,0,XR,*,T,비등,*,*,*,*
비딱,0,0,0,XR,*,T,비딱,*,*,*,*
비뚜름,0,0,0,XR,*,T,비뚜름,*,*,*,*
비뚝,0,0,0,XR,*,T,비뚝,*,*,*,*
비뚤,0,0,0,XR,*,T,비뚤,*,*,*,*
비롯,0,0,0,XR,*,T,비롯,*,*,*,*
비루,0,0,0,XR,*,F,비루,*,*,*,*
비리비리,0,0,0,XR,*,F,비리비리,*,*,*,*
비리치근,0,0,0,XR,*,T,비리치근,*,*,*,*
비릿,0,0,0,XR,*,T,비릿,*,*,*,*
비범,0,0,0,XR,*,T,비범,*,*,*,*
비비적,0,0,0,XR,*,T,비비적,*,*,*,*
비빚,0,0,0,XR,*,T,비빚,*,*,*,*
비상,0,0,0,XR,*,T,비상,*,*,*,*
비스듬,0,0,0,XR,*,T,비스듬,*,*,*,*
비스므레,0,0,0,XR,*,F,비스므레,*,*,*,*
비슥,0,0,0,XR,*,T,비슥,*,*,*,*
비슷,0,0,0,XR,*,T,비슷,*,*,*,*
비슷비슷,0,0,0,XR,*,T,비슷비슷,*,*,*,*
비식,0,0,0,XR,*,T,비식,*,*,*,*
비실,0,0,0,XR,*,T,비실,*,*,*,*
비쓱,0,0,0,XR,*,T,비쓱,*,*,*,*
비쓸,0,0,0,XR,*,T,비쓸,*,*,*,*
비열,0,0,0,XR,*,T,비열,*,*,*,*
비영,0,0,0,XR,*,T,비영,*,*,*,*
비옥,0,0,0,XR,*,T,비옥,*,*,*,*
비웃적,0,0,0,XR,*,T,비웃적,*,*,*,*
비장,0,0,0,XR,*,T,비장,*,*,*,*
비적성,0,0,0,XR,*,T,비적성,*,*,*,*
비쭉,0,0,0,XR,*,T,비쭉,*,*,*,*
비참,0,0,0,XR,*,T,비참,*,*,*,*
비척,0,0,0,XR,*,T,비척,*,*,*,*
비천,0,0,0,XR,*,T,비천,*,*,*,*
비치적,0,0,0,XR,*,T,비치적,*,*,*,*
비칠,0,0,0,XR,*,T,비칠,*,*,*,*
비트적,0,0,0,XR,*,T,비트적,*,*,*,*
비틀,0,0,0,XR,*,T,비틀,*,*,*,*
비편,0,0,0,XR,*,T,비편,*,*,*,*
빈둥,0,0,0,XR,*,T,빈둥,*,*,*,*
빈들,0,0,0,XR,*,T,빈들,*,*,*,*
빈발,0,0,0,XR,*,T,빈발,*,*,*,*
빈번,0,0,0,XR,*,T,빈번,*,*,*,*
빈약,0,0,0,XR,*,T,빈약,*,*,*,*
빈정,0,0,0,XR,*,T,빈정,*,*,*,*
빈한,0,0,0,XR,*,T,빈한,*,*,*,*
빠글,0,0,0,XR,*,T,빠글,*,*,*,*
빠듯,0,0,0,XR,*,T,빠듯,*,*,*,*
빠르작,0,0,0,XR,*,T,빠르작,*,*,*,*
빠릊,0,0,0,XR,*,T,빠릊,*,*,*,*
빠릿빠릿,0,0,0,XR,*,T,빠릿빠릿,*,*,*,*
빠방,0,0,0,XR,*,T,빠방,*,*,*,*
빠빳,0,0,0,XR,*,T,빠빳,*,*,*,*
빠삭,0,0,0,XR,*,T,빠삭,*,*,*,*
빠워풀,0,0,0,XR,*,T,빠워풀,*,*,*,*
빠작,0,0,0,XR,*,T,빠작,*,*,*,*
빡빡,0,0,0,XR,*,T,빡빡,*,*,*,*
빡작지근,0,0,0,XR,*,T,빡작지근,*,*,*,*
빤,0,0,0,XR,*,T,빤,*,*,*,*
빤둥,0,0,0,XR,*,T,빤둥,*,*,*,*
빤듯,0,0,0,XR,*,T,빤듯,*,*,*,*
빤빤,0,0,0,XR,*,T,빤빤,*,*,*,*
빤질,0,0,0,XR,*,T,빤질,*,*,*,*
빨깍,0,0,0,XR,*,T,빨깍,*,*,*,*
빨랑,0,0,0,XR,*,T,빨랑,*,*,*,*
빳빳,0,0,0,XR,*,T,빳빳,*,*,*,*
빵빵,0,0,0,XR,*,T,빵빵,*,*,*,*
빼곡,0,0,0,XR,*,T,빼곡,*,*,*,*
빼딱,0,0,0,XR,*,T,빼딱,*,*,*,*
빼뚝,0,0,0,XR,*,T,빼뚝,*,*,*,*
빼뚤,0,0,0,XR,*,T,빼뚤,*,*,*,*
빼트작,0,0,0,XR,*,T,빼트작,*,*,*,*
빼틀,0,0,0,XR,*,T,빼틀,*,*,*,*
빽빽,0,0,0,XR,*,T,빽빽,*,*,*,*
뺀둥,0,0,0,XR,*,T,뺀둥,*,*,*,*
뺀들,0,0,0,XR,*,T,뺀들,*,*,*,*
뺀질,0,0,0,XR,*,T,뺀질,*,*,*,*
뻐근,0,0,0,XR,*,T,뻐근,*,*,*,*
뻐글,0,0,0,XR,*,T,뻐글,*,*,*,*
뻐덕뻐덕,0,0,0,XR,*,T,뻐덕뻐덕,*,*,*,*
뻐덩,0,0,0,XR,*,T,뻐덩,*,*,*,*
뻐르적,0,0,0,XR,*,T,뻐르적,*,*,*,*
뻐릊,0,0,0,XR,*,T,뻐릊,*,*,*,*
뻐적,0,0,0,XR,*,T,뻐적,*,*,*,*
뻐젓,0,0,0,XR,*,T,뻐젓,*,*,*,*
뻑뻑,0,0,0,XR,*,T,뻑뻑,*,*,*,*
뻑적지근,0,0,0,XR,*,T,뻑적지근,*,*,*,*
뻔,0,0,0,XR,*,T,뻔,*,*,*,*
뻔둥,0,0,0,XR,*,T,뻔둥,*,*,*,*
뻔뻔,0,0,0,XR,*,T,뻔뻔,*,*,*,*
뻔죽,0,0,0,XR,*,T,뻔죽,*,*,*,*
뻔질,0,0,0,XR,*,T,뻔질,*,*,*,*
뻘꺽,0,0,0,XR,*,T,뻘꺽,*,*,*,*
뻘렁,0,0,0,XR,*,T,뻘렁,*,*,*,*
뻘줌,0,0,0,XR,*,T,뻘줌,*,*,*,*
뻘쭘,0,0,0,XR,*,T,뻘쭘,*,*,*,*
뻘쯤,0,0,0,XR,*,T,뻘쯤,*,*,*,*
뻣뻣,0,0,0,XR,*,T,뻣뻣,*,*,*,*
뽀글,0,0,0,XR,*,T,뽀글,*,*,*,*
뽀로통,0,0,0,XR,*,T,뽀로통,*,*,*,*
뽀샤샤,0,0,0,XR,*,F,뽀샤샤,*,*,*,*
뽈룩,0,0,0,XR,*,T,뽈룩,*,*,*,*
뾰로통,0,0,0,XR,*,T,뾰로통,*,*,*,*
뾰루퉁,0,0,0,XR,*,T,뾰루퉁,*,*,*,*
뾰족,0,0,0,XR,*,T,뾰족,*,*,*,*
뾰족뾰족,0,0,0,XR,*,T,뾰족뾰족,*,*,*,*
뿌글,0,0,0,XR,*,T,뿌글,*,*,*,*
뿌듯,0,0,0,XR,*,T,뿌듯,*,*,*,*
뿌루퉁,0,0,0,XR,*,T,뿌루퉁,*,*,*,*
뿜빠,0,0,0,XR,*,F,뿜빠,*,*,*,*
뿡빵,0,0,0,XR,*,T,뿡빵,*,*,*,*
삐까뻔쩍,0,0,0,XR,*,T,삐까뻔쩍,*,*,*,*
삐까삐까,0,0,0,XR,*,F,삐까삐까,*,*,*,*
삐닥,0,0,0,XR,*,T,삐닥,*,*,*,*
삐딱,0,0,0,XR,*,T,삐딱,*,*,*,*
삐뚜름,0,0,0,XR,*,T,삐뚜름,*,*,*,*
삐뚝,0,0,0,XR,*,T,삐뚝,*,*,*,*
삐뚤,0,0,0,XR,*,T,삐뚤,*,*,*,*
삐트적,0,0,0,XR,*,T,삐트적,*,*,*,*
삐틀,0,0,0,XR,*,T,삐틀,*,*,*,*
삔둥,0,0,0,XR,*,T,삔둥,*,*,*,*
삔들,0,0,0,XR,*,T,삔들,*,*,*,*
사,0,0,0,XR,*,F,사,*,*,*,*
사근,0,0,0,XR,*,T,사근,*,*,*,*
사근사근,0,0,0,XR,*,T,사근사근,*,*,*,*
사락,0,0,0,XR,*,T,사락,*,*,*,*
사박,0,0,0,XR,*,T,사박,*,*,*,*
사부랑,0,0,0,XR,*,T,사부랑,*,*,*,*
사부작,0,0,0,XR,*,T,사부작,*,*,*,*
사분,0,0,0,XR,*,T,사분,*,*,*,*
사뿐,0,0,0,XR,*,T,사뿐,*,*,*,*
사사,0,0,0,XR,*,F,사사,*,*,*,*
사소,0,0,0,XR,*,F,사소,*,*,*,*
사악,0,0,0,XR,*,T,사악,*,*,*,*
사유,0,0,0,XR,*,F,사유,*,*,*,*
사제,0,0,0,XR,*,F,사제,*,*,*,*
삭막,0,0,0,XR,*,T,삭막,*,*,*,*
삭연,0,0,0,XR,*,T,삭연,*,*,*,*
산,0,0,0,XR,*,T,산,*,*,*,*
산뜻,0,0,0,XR,*,T,산뜻,*,*,*,*
산란,0,0,0,XR,*,T,산란,*,*,*,*
산만,0,0,0,XR,*,T,산만,*,*,*,*
산발,0,0,0,XR,*,T,산발,*,*,*,*
산비,0,0,0,XR,*,F,산비,*,*,*,*
산산,0,0,0,XR,*,T,산산,*,*,*,*
살강,0,0,0,XR,*,T,살강,*,*,*,*
살근,0,0,0,XR,*,T,살근,*,*,*,*
살기등등,0,0,0,XR,*,T,살기등등,*,*,*,*
살똥,0,0,0,XR,*,T,살똥,*,*,*,*
살뜰,0,0,0,XR,*,T,살뜰,*,*,*,*
살망,0,0,0,XR,*,T,살망,*,*,*,*
살벌,0,0,0,XR,*,T,살벌,*,*,*,*
살살,0,0,0,XR,*,T,살살,*,*,*,*
살캉,0,0,0,XR,*,T,살캉,*,*,*,*
살팍,0,0,0,XR,*,T,살팍,*,*,*,*
삼가,0,0,0,XR,*,F,삼가,*,*,*,*
삼라,0,0,0,XR,*,F,삼라,*,*,*,*
삼삼,0,0,0,XR,*,T,삼삼,*,*,*,*
삼엄,0,0,0,XR,*,T,삼엄,*,*,*,*
삽상,0,0,0,XR,*,T,삽상,*,*,*,*
상,0,0,0,XR,*,T,상,*,*,*,*
상냥,0,0,0,XR,*,T,상냥,*,*,*,*
상당,0,0,0,XR,*,T,상당,*,*,*,*
상명,0,0,0,XR,*,T,상명,*,*,*,*
상보,0,0,0,XR,*,F,상보,*,*,*,*
상서,0,0,0,XR,*,F,상서,*,*,*,*
상세,0,0,0,XR,*,F,상세,*,*,*,*
상이,0,0,0,XR,*,F,상이,*,*,*,*
상적,0,0,0,XR,*,T,상적,*,*,*,*
상쾌,0,0,0,XR,*,F,상쾌,*,*,*,*
상큼,0,0,0,XR,*,T,상큼,*,*,*,*
새곰,0,0,0,XR,*,T,새곰,*,*,*,*
새근덕,0,0,0,XR,*,T,새근덕,*,*,*,*
새롱,0,0,0,XR,*,T,새롱,*,*,*,*
새물,0,0,0,XR,*,T,새물,*,*,*,*
새살,0,0,0,XR,*,T,새살,*,*,*,*
새삼,0,0,0,XR,*,T,새삼,*,*,*,*
새새덕,0,0,0,XR,*,T,새새덕,*,*,*,*
새실,0,0,0,XR,*,T,새실,*,*,*,*
새촘,0,0,0,XR,*,T,새촘,*,*,*,*
새치름,0,0,0,XR,*,T,새치름,*,*,*,*
새침,0,0,0,XR,*,T,새침,*,*,*,*
새콤,0,0,0,XR,*,T,새콤,*,*,*,*
새콤달콤,0,0,0,XR,*,T,새콤달콤,*,*,*,*
새큰,0,0,0,XR,*,T,새큰,*,*,*,*
새큼텁텁,0,0,0,XR,*,T,새큼텁텁,*,*,*,*
생,0,0,0,XR,*,T,생,*,*,*,*
생경,0,0,0,XR,*,T,생경,*,*,*,*
생기발랄,0,0,0,XR,*,T,생기발랄,*,*,*,*
생동,0,0,0,XR,*,T,생동,*,*,*,*
생뚱,0,0,0,XR,*,T,생뚱,*,*,*,*
생생,0,0,0,XR,*,T,생생,*,*,*,*
생소,0,0,0,XR,*,F,생소,*,*,*,*
섈로우,0,0,0,XR,*,F,섈로우,*,*,*,*
서,0,0,0,XR,*,F,서,*,*,*,*
서글서글,0,0,0,XR,*,T,서글서글,*,*,*,*
서늘,0,0,0,XR,*,T,서늘,*,*,*,*
서름,0,0,0,XR,*,T,서름,*,*,*,*
서먹,0,0,0,XR,*,T,서먹,*,*,*,*
서먹서먹,0,0,0,XR,*,T,서먹서먹,*,*,*,*
서벅,0,0,0,XR,*,T,서벅,*,*,*,*
서분,0,0,0,XR,*,T,서분,*,*,*,*
서분서분,0,0,0,XR,*,T,서분서분,*,*,*,*
서서,0,0,0,XR,*,F,서서,*,*,*,*
서성,0,0,0,XR,*,T,서성,*,*,*,*
서슴,0,0,0,XR,*,T,서슴,*,*,*,*
서운,0,0,0,XR,*,T,서운,*,*,*,*
석,0,0,0,XR,*,T,석,*,*,*,*
석연,0,0,0,XR,*,T,석연,*,*,*,*
선,0,0,0,XR,*,T,선,*,*,*,*
선뜩,0,0,0,XR,*,T,선뜩,*,*,*,*
선뜩선뜩,0,0,0,XR,*,T,선뜩선뜩,*,*,*,*
선뜻,0,0,0,XR,*,T,선뜻,*,*,*,*
선뜻선뜻,0,0,0,XR,*,T,선뜻선뜻,*,*,*,*
선량,0,0,0,XR,*,T,선량,*,*,*,*
선명,0,0,0,XR,*,T,선명,*,*,*,*
선선,0,0,0,XR,*,T,선선,*,*,*,*
선연,0,0,0,XR,*,T,선연,*,*,*,*
선재,0,0,0,XR,*,F,선재,*,*,*,*
선진,0,0,0,XR,*,T,선진,*,*,*,*
선험,0,0,0,XR,*,T,선험,*,*,*,*
선형,0,0,0,XR,*,T,선형,*,*,*,*
설,0,0,0,XR,*,T,설,*,*,*,*
설겅,0,0,0,XR,*,T,설겅,*,*,*,*
설멍,0,0,0,XR,*,T,설멍,*,*,*,*
설면,0,0,0,XR,*,T,설면,*,*,*,*
설면설면,0,0,0,XR,*,T,설면설면,*,*,*,*
설상,0,0,0,XR,*,T,설상,*,*,*,*
설설,0,0,0,XR,*,T,설설,*,*,*,*
설컹,0,0,0,XR,*,T,설컹,*,*,*,*
설핏,0,0,0,XR,*,T,설핏,*,*,*,*
섬뜩,0,0,0,XR,*,T,섬뜩,*,*,*,*
섬세,0,0,0,XR,*,F,섬세,*,*,*,*
섬약,0,0,0,XR,*,T,섬약,*,*,*,*
섬짓,0,0,0,XR,*,T,섬짓,*,*,*,*
섬쩍지근,0,0,0,XR,*,T,섬쩍지근,*,*,*,*
섬찟,0,0,0,XR,*,T,섬찟,*,*,*,*
섭섭,0,0,0,XR,*,T,섭섭,*,*,*,*
성,0,0,0,XR,*,T,성,*,*,*,*
성근,0,0,0,XR,*,T,성근,*,*,*,*
성급,0,0,0,XR,*,T,성급,*,*,*,*
성대,0,0,0,XR,*,F,성대,*,*,*,*
성성,0,0,0,XR,*,T,성성,*,*,*,*
성실,0,0,0,XR,*,T,성실,*,*,*,*
세련,0,0,0,XR,*,T,세련,*,*,*,*
세밀,0,0,0,XR,*,T,세밀,*,*,*,*
세세,0,0,0,XR,*,F,세세,*,*,*,*
세심,0,0,0,XR,*,T,세심,*,*,*,*
섹시,0,0,0,XR,*,F,섹시,*,*,*,*
소,0,0,0,XR,*,F,소,*,*,*,*
소곤,0,0,0,XR,*,T,소곤,*,*,*,*
소곤닥,0,0,0,XR,*,T,소곤닥,*,*,*,*
소극,0,0,0,XR,*,T,소극,*,*,*,*
소담,0,0,0,XR,*,T,소담,*,*,*,*
소들,0,0,0,XR,*,T,소들,*,*,*,*
소략,0,0,0,XR,*,T,소략,*,*,*,*
소명,0,0,0,XR,*,T,소명,*,*,*,*
소박,0,0,0,XR,*,T,소박,*,*,*,*
소방,0,0,0,XR,*,T,소방,*,*,*,*
소백,0,0,0,XR,*,T,소백,*,*,*,*
소보록,0,0,0,XR,*,T,소보록,*,*,*,*
소복,0,0,0,XR,*,T,소복,*,*,*,*
소삽,0,0,0,XR,*,T,소삽,*,*,*,*
소상,0,0,0,XR,*,T,소상,*,*,*,*
소소,0,0,0,XR,*,F,소소,*,*,*,*
소쇄,0,0,0,XR,*,F,소쇄,*,*,*,*
소슬,0,0,0,XR,*,T,소슬,*,*,*,*
소심,0,0,0,XR,*,T,소심,*,*,*,*
소연,0,0,0,XR,*,T,소연,*,*,*,*
소원,0,0,0,XR,*,T,소원,*,*,*,*
소이,0,0,0,XR,*,F,소이,*,*,*,*
소중,0,0,0,XR,*,T,소중,*,*,*,*
소탈,0,0,0,XR,*,T,소탈,*,*,*,*
소홀,0,0,0,XR,*,T,소홀,*,*,*,*
속,0,0,0,XR,*,T,속,*,*,*,*
속닥,0,0,0,XR,*,T,속닥,*,*,*,*
속달,0,0,0,XR,*,T,속달,*,*,*,*
속삭,0,0,0,XR,*,T,속삭,*,*,*,*
속살,0,0,0,XR,*,T,속살,*,*,*,*
속상,0,0,0,XR,*,T,속상,*,*,*,*
속악,0,0,0,XR,*,T,속악,*,*,*,*
솔곳,0,0,0,XR,*,T,솔곳,*,*,*,*
솔깃,0,0,0,XR,*,T,솔깃,*,*,*,*
솔직,0,0,0,XR,*,T,솔직,*,*,*,*
송구,0,0,0,XR,*,F,송구,*,*,*,*
송연,0,0,0,XR,*,T,송연,*,*,*,*
쇠,0,0,0,XR,*,F,쇠,*,*,*,*
쇠쇠,0,0,0,XR,*,F,쇠쇠,*,*,*,*
쇠양배양,0,0,0,XR,*,T,쇠양배양,*,*,*,*
쇠잔,0,0,0,XR,*,T,쇠잔,*,*,*,*
쇼킹,0,0,0,XR,*,T,쇼킹,*,*,*,*
수,0,0,0,XR,*,F,수,*,*,*,*
수군,0,0,0,XR,*,T,수군,*,*,*,*
수군덕,0,0,0,XR,*,T,수군덕,*,*,*,*
수굿,0,0,0,XR,*,T,수굿,*,*,*,*
수다,0,0,0,XR,*,F,수다,*,*,*,*
수더분,0,0,0,XR,*,T,수더분,*,*,*,*
수두룩,0,0,0,XR,*,T,수두룩,*,*,*,*
수런,0,0,0,XR,*,T,수런,*,*,*,*
수려,0,0,0,XR,*,F,수려,*,*,*,*
수북,0,0,0,XR,*,T,수북,*,*,*,*
수산,0,0,0,XR,*,T,수산,*,*,*,*
수상,0,0,0,XR,*,T,수상,*,*,*,*
수성,0,0,0,XR,*,T,수성,*,*,*,*
수성수성,0,0,0,XR,*,T,수성수성,*,*,*,*
수수,0,0,0,XR,*,F,수수,*,*,*,*
수시,0,0,0,XR,*,F,수시,*,*,*,*
수양,0,0,0,XR,*,T,수양,*,*,*,*
수영,0,0,0,XR,*,T,수영,*,*,*,*
수월,0,0,0,XR,*,T,수월,*,*,*,*
수척,0,0,0,XR,*,T,수척,*,*,*,*
숙덕,0,0,0,XR,*,T,숙덕,*,*,*,*
숙덜,0,0,0,XR,*,T,숙덜,*,*,*,*
숙설,0,0,0,XR,*,T,숙설,*,*,*,*
숙엄,0,0,0,XR,*,T,숙엄,*,*,*,*
숙연,0,0,0,XR,*,T,숙연,*,*,*,*
순,0,0,0,XR,*,T,순,*,*,*,*
순결무구,0,0,0,XR,*,F,순결무구,*,*,*,*
순박,0,0,0,XR,*,T,순박,*,*,*,*
순수,0,0,0,XR,*,F,순수,*,*,*,*
순순,0,0,0,XR,*,T,순순,*,*,*,*
순연,0,0,0,XR,*,T,순연,*,*,*,*
순전,0,0,0,XR,*,T,순전,*,*,*,*
순직,0,0,0,XR,*,T,순직,*,*,*,*
순진,0,0,0,XR,*,T,순진,*,*,*,*
순진무구,0,0,0,XR,*,F,순진무구,*,*,*,*
순탄,0,0,0,XR,*,T,순탄,*,*,*,*
순후,0,0,0,XR,*,F,순후,*,*,*,*
술,0,0,0,XR,*,T,술,*,*,*,*
술렁,0,0,0,XR,*,T,술렁,*,*,*,*
숫,0,0,0,XR,*,T,숫,*,*,*,*
숭고,0,0,0,XR,*,F,숭고,*,*,*,*
숭엄,0,0,0,XR,*,T,숭엄,*,*,*,*
숱,0,0,0,XR,*,T,숱,*,*,*,*
쉬쉬,0,0,0,XR,*,F,쉬쉬,*,*,*,*
스멀,0,0,0,XR,*,T,스멀,*,*,*,*
스무스,0,0,0,XR,*,F,스무스,*,*,*,*
스산,0,0,0,XR,*,T,스산,*,*,*,*
스테딕,0,0,0,XR,*,T,스테딕,*,*,*,*
스트롱,0,0,0,XR,*,T,스트롱,*,*,*,*
스페시픽,0,0,0,XR,*,T,스페시픽,*,*,*,*
스펙타클,0,0,0,XR,*,T,스펙타클,*,*,*,*
슬근,0,0,0,XR,*,T,슬근,*,*,*,*
슬금,0,0,0,XR,*,T,슬금,*,*,*,*
슬렁,0,0,0,XR,*,T,슬렁,*,*,*,*
슬림,0,0,0,XR,*,T,슬림,*,*,*,*
슬밋,0,0,0,XR,*,T,슬밋,*,*,*,*
습,0,0,0,XR,*,T,습,*,*,*,*
습습,0,0,0,XR,*,T,습습,*,*,*,*
시,0,0,0,XR,*,F,시,*,*,*,*
시근,0,0,0,XR,*,T,시근,*,*,*,*
시근덕,0,0,0,XR,*,T,시근덕,*,*,*,*
시금,0,0,0,XR,*,T,시금,*,*,*,*
시금씁쓸,0,0,0,XR,*,T,시금씁쓸,*,*,*,*
시금털털,0,0,0,XR,*,T,시금털털,*,*,*,*
시급,0,0,0,XR,*,T,시급,*,*,*,*
시끌,0,0,0,XR,*,T,시끌,*,*,*,*
시끌시끌,0,0,0,XR,*,T,시끌시끌,*,*,*,*
시들,0,0,0,XR,*,T,시들,*,*,*,*
시뜻,0,0,0,XR,*,T,시뜻,*,*,*,*
시룽,0,0,0,XR,*,T,시룽,*,*,*,*
시무룩,0,0,0,XR,*,T,시무룩,*,*,*,*
시물,0,0,0,XR,*,T,시물,*,*,*,*
시부렁,0,0,0,XR,*,T,시부렁,*,*,*,*
시부적,0,0,0,XR,*,T,시부적,*,*,*,*
시쁘장,0,0,0,XR,*,T,시쁘장,*,*,*,*
시설,0,0,0,XR,*,T,시설,*,*,*,*
시시,0,0,0,XR,*,F,시시,*,*,*,*
시시껄렁,0,0,0,XR,*,T,시시껄렁,*,*,*,*
시시꼽작,0,0,0,XR,*,T,시시꼽작,*,*,*,*
시시닥,0,0,0,XR,*,T,시시닥,*,*,*,*
시시덕,0,0,0,XR,*,T,시시덕,*,*,*,*
시시절절,0,0,0,XR,*,T,시시절절,*,*,*,*
시실,0,0,0,XR,*,T,시실,*,*,*,*
시영,0,0,0,XR,*,T,시영,*,*,*,*
시원,0,0,0,XR,*,T,시원,*,*,*,*
시원섭섭,0,0,0,XR,*,T,시원섭섭,*,*,*,*
시위적,0,0,0,XR,*,T,시위적,*,*,*,*
시의적절,0,0,0,XR,*,T,시의적절,*,*,*,*
시적,0,0,0,XR,*,T,시적,*,*,*,*
시지근,0,0,0,XR,*,T,시지근,*,*,*,*
시척지근,0,0,0,XR,*,T,시척지근,*,*,*,*
시큰,0,0,0,XR,*,T,시큰,*,*,*,*
시큰둥,0,0,0,XR,*,T,시큰둥,*,*,*,*
시큼,0,0,0,XR,*,T,시큼,*,*,*,*
시퉁,0,0,0,XR,*,T,시퉁,*,*,*,*
시푸르스름,0,0,0,XR,*,T,시푸르스름,*,*,*,*
식,0,0,0,XR,*,T,식,*,*,*,*
식민,0,0,0,XR,*,T,식민,*,*,*,*
식상,0,0,0,XR,*,T,식상,*,*,*,*
신,0,0,0,XR,*,T,신,*,*,*,*
신기,0,0,0,XR,*,F,신기,*,*,*,*
신들,0,0,0,XR,*,T,신들,*,*,*,*
신랄,0,0,0,XR,*,T,신랄,*,*,*,*
신령,0,0,0,XR,*,T,신령,*,*,*,*
신비막측,0,0,0,XR,*,T,신비막측,*,*,*,*
신빙,0,0,0,XR,*,T,신빙,*,*,*,*
신선,0,0,0,XR,*,T,신선,*,*,*,*
신섬,0,0,0,XR,*,T,신섬,*,*,*,*
신성,0,0,0,XR,*,T,신성,*,*,*,*
신속,0,0,0,XR,*,T,신속,*,*,*,*
신신,0,0,0,XR,*,T,신신,*,*,*,*
신이,0,0,0,XR,*,F,신이,*,*,*,*
신중,0,0,0,XR,*,T,신중,*,*,*,*
신통,0,0,0,XR,*,T,신통,*,*,*,*
신통방통,0,0,0,XR,*,T,신통방통,*,*,*,*
실,0,0,0,XR,*,T,실,*,*,*,*
실떡,0,0,0,XR,*,T,실떡,*,*,*,*
실업,0,0,0,XR,*,T,실업,*,*,*,*
실직,0,0,0,XR,*,T,실직,*,*,*,*
실팍,0,0,0,XR,*,T,실팍,*,*,*,*
심,0,0,0,XR,*,T,심,*,*,*,*
심각,0,0,0,XR,*,T,심각,*,*,*,*
심난,0,0,0,XR,*,T,심난,*,*,*,*
심대,0,0,0,XR,*,F,심대,*,*,*,*
심드렁,0,0,0,XR,*,T,심드렁,*,*,*,*
심란,0,0,0,XR,*,T,심란,*,*,*,*
심상,0,0,0,XR,*,T,심상,*,*,*,*
심숭삼숭,0,0,0,XR,*,T,심숭삼숭,*,*,*,*
심심,0,0,0,XR,*,T,심심,*,*,*,*
심약,0,0,0,XR,*,T,심약,*,*,*,*
심오,0,0,0,XR,*,F,심오,*,*,*,*
심원,0,0,0,XR,*,T,심원,*,*,*,*
심장,0,0,0,XR,*,T,심장,*,*,*,*
심중,0,0,0,XR,*,T,심중,*,*,*,*
싱싱,0,0,0,XR,*,T,싱싱,*,*,*,*
싸,0,0,0,XR,*,F,싸,*,*,*,*
싸늘,0,0,0,XR,*,T,싸늘,*,*,*,*
싸리,0,0,0,XR,*,F,싸리,*,*,*,*
싸부랑,0,0,0,XR,*,T,싸부랑,*,*,*,*
싸아,0,0,0,XR,*,F,싸아,*,*,*,*
싹싹,0,0,0,XR,*,T,싹싹,*,*,*,*
쌀강,0,0,0,XR,*,T,쌀강,*,*,*,*
쌀랑,0,0,0,XR,*,T,쌀랑,*,*,*,*
쌀벌,0,0,0,XR,*,T,쌀벌,*,*,*,*
쌀쌀,0,0,0,XR,*,T,쌀쌀,*,*,*,*
쌀캉,0,0,0,XR,*,T,쌀캉,*,*,*,*
쌈박,0,0,0,XR,*,T,쌈박,*,*,*,*
쌈빡,0,0,0,XR,*,T,쌈빡,*,*,*,*
쌉싸래,0,0,0,XR,*,F,쌉싸래,*,*,*,*
쌉싸름,0,0,0,XR,*,T,쌉싸름,*,*,*,*
쌉쌀,0,0,0,XR,*,T,쌉쌀,*,*,*,*
쌍,0,0,0,XR,*,T,쌍,*,*,*,*
쌍글,0,0,0,XR,*,T,쌍글,*,*,*,*
쌔근,0,0,0,XR,*,T,쌔근,*,*,*,*
쌔근덕,0,0,0,XR,*,T,쌔근덕,*,*,*,*
쌔물,0,0,0,XR,*,T,쌔물,*,*,*,*
쌩쌩,0,0,0,XR,*,T,쌩쌩,*,*,*,*
써늘,0,0,0,XR,*,T,써늘,*,*,*,*
썰겅,0,0,0,XR,*,T,썰겅,*,*,*,*
썰렁,0,0,0,XR,*,T,썰렁,*,*,*,*
썰썰,0,0,0,XR,*,T,썰썰,*,*,*,*
썰썰가,0,0,0,XR,*,F,썰썰가,*,*,*,*
썰컹,0,0,0,XR,*,T,썰컹,*,*,*,*
쎄쎄,0,0,0,XR,*,F,쎄쎄,*,*,*,*
쏘곤,0,0,0,XR,*,T,쏘곤,*,*,*,*
쏘곤닥,0,0,0,XR,*,T,쏘곤닥,*,*,*,*
쏘삭,0,0,0,XR,*,T,쏘삭,*,*,*,*
쏙닥,0,0,0,XR,*,T,쏙닥,*,*,*,*
쏙달,0,0,0,XR,*,T,쏙달,*,*,*,*
쏙살,0,0,0,XR,*,T,쏙살,*,*,*,*
쏠라닥,0,0,0,XR,*,T,쏠라닥,*,*,*,*
쏠락,0,0,0,XR,*,T,쏠락,*,*,*,*
쏠쏠,0,0,0,XR,*,T,쏠쏠,*,*,*,*
쑤군,0,0,0,XR,*,T,쑤군,*,*,*,*
쑤군덕,0,0,0,XR,*,T,쑤군덕,*,*,*,*
쑤석,0,0,0,XR,*,T,쑤석,*,*,*,*
쑥덕,0,0,0,XR,*,T,쑥덕,*,*,*,*
쑥덜,0,0,0,XR,*,T,쑥덜,*,*,*,*
쑥설,0,0,0,XR,*,T,쑥설,*,*,*,*
쓰리쓰리,0,0,0,XR,*,F,쓰리쓰리,*,*,*,*
쓰적,0,0,0,XR,*,T,쓰적,*,*,*,*
쓸쓸,0,0,0,XR,*,T,쓸쓸,*,*,*,*
씁슬,0,0,0,XR,*,T,씁슬,*,*,*,*
씁쓰레,0,0,0,XR,*,F,씁쓰레,*,*,*,*
씁쓰름,0,0,0,XR,*,T,씁쓰름,*,*,*,*
씁쓸,0,0,0,XR,*,T,씁쓸,*,*,*,*
씨근,0,0,0,XR,*,T,씨근,*,*,*,*
씨근덕,0,0,0,XR,*,T,씨근덕,*,*,*,*
씨물,0,0,0,XR,*,T,씨물,*,*,*,*
씨부렁,0,0,0,XR,*,T,씨부렁,*,*,*,*
씨불,0,0,0,XR,*,T,씨불,*,*,*,*
씨식,0,0,0,XR,*,T,씨식,*,*,*,*
씨우적,0,0,0,XR,*,T,씨우적,*,*,*,*
씩씩,0,0,0,XR,*,T,씩씩,*,*,*,*
씬테틱컬,0,0,0,XR,*,T,씬테틱컬,*,*,*,*
씸플,0,0,0,XR,*,T,씸플,*,*,*,*
아,0,0,0,XR,*,F,아,*,*,*,*
아기똥,0,0,0,XR,*,T,아기똥,*,*,*,*
아기자기,0,0,0,XR,*,F,아기자기,*,*,*,*
아기족,0,0,0,XR,*,T,아기족,*,*,*,*
아느작,0,0,0,XR,*,T,아느작,*,*,*,*
아늑,0,0,0,XR,*,T,아늑,*,*,*,*
아늘,0,0,0,XR,*,T,아늘,*,*,*,*
아담,0,0,0,XR,*,T,아담,*,*,*,*
아둔,0,0,0,XR,*,T,아둔,*,*,*,*
아드등,0,0,0,XR,*,T,아드등,*,*,*,*
아득,0,0,0,XR,*,T,아득,*,*,*,*
아등,0,0,0,XR,*,T,아등,*,*,*,*
아뜩,0,0,0,XR,*,T,아뜩,*,*,*,*
아련,0,0,0,XR,*,T,아련,*,*,*,*
아령칙,0,0,0,XR,*,T,아령칙,*,*,*,*
아롱,0,0,0,XR,*,T,아롱,*,*,*,*
아른,0,0,0,XR,*,T,아른,*,*,*,*
아름,0,0,0,XR,*,T,아름,*,*,*,*
아름작,0,0,0,XR,*,T,아름작,*,*,*,*
아리몽송,0,0,0,XR,*,T,아리몽송,*,*,*,*
아리송,0,0,0,XR,*,T,아리송,*,*,*,*
아리숭,0,0,0,XR,*,T,아리숭,*,*,*,*
아릿,0,0,0,XR,*,T,아릿,*,*,*,*
아물,0,0,0,XR,*,T,아물,*,*,*,*
아스라,0,0,0,XR,*,F,아스라,*,*,*,*
아슬랑,0,0,0,XR,*,T,아슬랑,*,*,*,*
아슬아슬,0,0,0,XR,*,T,아슬아슬,*,*,*,*
아이디얼,0,0,0,XR,*,T,아이디얼,*,*,*,*
아이러니컬,0,0,0,XR,*,T,아이러니컬,*,*,*,*
아찔,0,0,0,XR,*,T,아찔,*,*,*,*
아창,0,0,0,XR,*,T,아창,*,*,*,*
아치랑,0,0,0,XR,*,T,아치랑,*,*,*,*
아치장,0,0,0,XR,*,T,아치장,*,*,*,*
아칠,0,0,0,XR,*,T,아칠,*,*,*,*
아칫,0,0,0,XR,*,T,아칫,*,*,*,*
악,0,0,0,XR,*,T,악,*,*,*,*
악랄,0,0,0,XR,*,T,악랄,*,*,*,*
악착,0,0,0,XR,*,T,악착,*,*,*,*
안,0,0,0,XR,*,T,안,*,*,*,*
안온,0,0,0,XR,*,T,안온,*,*,*,*
안이,0,0,0,XR,*,F,안이,*,*,*,*
알딸딸,0,0,0,XR,*,T,알딸딸,*,*,*,*
알뜰,0,0,0,XR,*,T,알뜰,*,*,*,*
알랑,0,0,0,XR,*,T,알랑,*,*,*,*
알량,0,0,0,XR,*,T,알량,*,*,*,*
알른,0,0,0,XR,*,T,알른,*,*,*,*
알보토리,0,0,0,XR,*,F,알보토리,*,*,*,*
알싸,0,0,0,XR,*,F,알싸,*,*,*,*
알알,0,0,0,XR,*,T,알알,*,*,*,*
알짱,0,0,0,XR,*,T,알짱,*,*,*,*
알쫑,0,0,0,XR,*,T,알쫑,*,*,*,*
암,0,0,0,XR,*,T,암,*,*,*,*
암담,0,0,0,XR,*,T,암담,*,*,*,*
암울,0,0,0,XR,*,T,암울,*,*,*,*
앙글,0,0,0,XR,*,T,앙글,*,*,*,*
앙기작,0,0,0,XR,*,T,앙기작,*,*,*,*
앙뚱,0,0,0,XR,*,T,앙뚱,*,*,*,*
앙바틈,0,0,0,XR,*,T,앙바틈,*,*,*,*
앙상,0,0,0,XR,*,T,앙상,*,*,*,*
앙알,0,0,0,XR,*,T,앙알,*,*,*,*
앙잘,0,0,0,XR,*,T,앙잘,*,*,*,*
앙증,0,0,0,XR,*,T,앙증,*,*,*,*
앙징,0,0,0,XR,*,T,앙징,*,*,*,*
앙칼,0,0,0,XR,*,T,앙칼,*,*,*,*
앙큼,0,0,0,XR,*,T,앙큼,*,*,*,*
애,0,0,0,XR,*,F,애,*,*,*,*
애뜻,0,0,0,XR,*,T,애뜻,*,*,*,*
애매,0,0,0,XR,*,F,애매,*,*,*,*
애매모호,0,0,0,XR,*,F,애매모호,*,*,*,*
애애,0,0,0,XR,*,F,애애,*,*,*,*
애잔,0,0,0,XR,*,T,애잔,*,*,*,*
애절,0,0,0,XR,*,T,애절,*,*,*,*
애처,0,0,0,XR,*,F,애처,*,*,*,*
애틋,0,0,0,XR,*,T,애틋,*,*,*,*
액,0,0,0,XR,*,T,액,*,*,*,*
액티브,0,0,0,XR,*,F,액티브,*,*,*,*
앤간,0,0,0,XR,*,T,앤간,*,*,*,*
야,0,0,0,XR,*,F,야,*,*,*,*
야금,0,0,0,XR,*,T,야금,*,*,*,*
야기죽,0,0,0,XR,*,T,야기죽,*,*,*,*
야들,0,0,0,XR,*,T,야들,*,*,*,*
야릇,0,0,0,XR,*,T,야릇,*,*,*,*
야리꾸리,0,0,0,XR,*,F,야리꾸리,*,*,*,*
야물,0,0,0,XR,*,T,야물,*,*,*,*
야박,0,0,0,XR,*,T,야박,*,*,*,*
야비,0,0,0,XR,*,F,야비,*,*,*,*
야스락,0,0,0,XR,*,T,야스락,*,*,*,*
야슬,0,0,0,XR,*,T,야슬,*,*,*,*
야시시,0,0,0,XR,*,F,야시시,*,*,*,*
야심,0,0,0,XR,*,T,야심,*,*,*,*
야심만만,0,0,0,XR,*,T,야심만만,*,*,*,*
야죽,0,0,0,XR,*,T,야죽,*,*,*,*
야트막,0,0,0,XR,*,T,야트막,*,*,*,*
약,0,0,0,XR,*,T,약,*,*,*,*
약소,0,0,0,XR,*,F,약소,*,*,*,*
약약,0,0,0,XR,*,T,약약,*,*,*,*
약죽,0,0,0,XR,*,T,약죽,*,*,*,*
약차,0,0,0,XR,*,F,약차,*,*,*,*
얄긋,0,0,0,XR,*,T,얄긋,*,*,*,*
얄기죽,0,0,0,XR,*,T,얄기죽,*,*,*,*
얄딱구리,0,0,0,XR,*,F,얄딱구리,*,*,*,*
얄랑,0,0,0,XR,*,T,얄랑,*,*,*,*
얄밉상,0,0,0,XR,*,T,얄밉상,*,*,*,*
얄삭,0,0,0,XR,*,T,얄삭,*,*,*,*
얄상,0,0,0,XR,*,T,얄상,*,*,*,*
얄쌍,0,0,0,XR,*,T,얄쌍,*,*,*,*
얄얄,0,0,0,XR,*,T,얄얄,*,*,*,*
얄쭉,0,0,0,XR,*,T,얄쭉,*,*,*,*
얄팍,0,0,0,XR,*,T,얄팍,*,*,*,*
얌전,0,0,0,XR,*,T,얌전,*,*,*,*
얍삽,0,0,0,XR,*,T,얍삽,*,*,*,*
얍상,0,0,0,XR,*,T,얍상,*,*,*,*
양,0,0,0,XR,*,T,양,*,*,*,*
양구,0,0,0,XR,*,F,양구,*,*,*,*
양냥,0,0,0,XR,*,T,양냥,*,*,*,*
양순,0,0,0,XR,*,T,양순,*,*,*,*
양양,0,0,0,XR,*,T,양양,*,*,*,*
양호,0,0,0,XR,*,F,양호,*,*,*,*
어,0,0,0,XR,*,F,어,*,*,*,*
어금버금,0,0,0,XR,*,T,어금버금,*,*,*,*
어긋,0,0,0,XR,*,T,어긋,*,*,*,*
어긋동,0,0,0,XR,*,T,어긋동,*,*,*,*
어기뚱,0,0,0,XR,*,T,어기뚱,*,*,*,*
어기적,0,0,0,XR,*,T,어기적,*,*,*,*
어기죽,0,0,0,XR,*,T,어기죽,*,*,*,*
어눌,0,0,0,XR,*,T,어눌,*,*,*,*
어두침침,0,0,0,XR,*,T,어두침침,*,*,*,*
어두컴컴,0,0,0,XR,*,T,어두컴컴,*,*,*,*
어둑,0,0,0,XR,*,T,어둑,*,*,*,*
어둑신,0,0,0,XR,*,T,어둑신,*,*,*,*
어둑어둑,0,0,0,XR,*,T,어둑어둑,*,*,*,*
어둔,0,0,0,XR,*,T,어둔,*,*,*,*
어둠침침,0,0,0,XR,*,T,어둠침침,*,*,*,*
어둠컴컴,0,0,0,XR,*,T,어둠컴컴,*,*,*,*
어떠,0,0,0,XR,*,F,어떠,*,*,*,*
어떠어떠,0,0,0,XR,*,F,어떠어떠,*,*,*,*
어떡,0,0,0,XR,*,T,어떡,*,*,*,*
어뜩,0,0,0,XR,*,T,어뜩,*,*,*,*
어련,0,0,0,XR,*,T,어련,*,*,*,*
어련무던,0,0,0,XR,*,T,어련무던,*,*,*,*
어렴풋,0,0,0,XR,*,T,어렴풋,*,*,*,*
어룽,0,0,0,XR,*,T,어룽,*,*,*,*
어른,0,0,0,XR,*,T,어른,*,*,*,*
어름,0,0,0,XR,*,T,어름,*,*,*,*
어름적,0,0,0,XR,*,T,어름적,*,*,*,*
어리더덤,0,0,0,XR,*,T,어리더덤,*,*,*,*
어리둥절,0,0,0,XR,*,T,어리둥절,*,*,*,*
어리버리,0,0,0,XR,*,F,어리버리,*,*,*,*
어리벙벙,0,0,0,XR,*,T,어리벙벙,*,*,*,*
어리뻥뻥,0,0,0,XR,*,T,어리뻥뻥,*,*,*,*
어리석,0,0,0,XR,*,T,어리석,*,*,*,*
어리숙,0,0,0,XR,*,T,어리숙,*,*,*,*
어리숭,0,0,0,XR,*,T,어리숭,*,*,*,*
어리어리,0,0,0,XR,*,F,어리어리,*,*,*,*
어린,0,0,0,XR,*,T,어린,*,*,*,*
어릿,0,0,0,XR,*,T,어릿,*,*,*,*
어마어마,0,0,0,XR,*,F,어마어마,*,*,*,*
어마어만,0,0,0,XR,*,T,어마어만,*,*,*,*
어머어마,0,0,0,XR,*,F,어머어마,*,*,*,*
어물,0,0,0,XR,*,T,어물,*,*,*,*
어벅,0,0,0,XR,*,T,어벅,*,*,*,*
어벙,0,0,0,XR,*,T,어벙,*,*,*,*
어색,0,0,0,XR,*,T,어색,*,*,*,*
어수룩,0,0,0,XR,*,T,어수룩,*,*,*,*
어수선,0,0,0,XR,*,T,어수선,*,*,*,*
어슥,0,0,0,XR,*,T,어슥,*,*,*,*
어슬렁,0,0,0,XR,*,T,어슬렁,*,*,*,*
어슷,0,0,0,XR,*,T,어슷,*,*,*,*
어엿,0,0,0,XR,*,T,어엿,*,*,*,*
어웅,0,0,0,XR,*,T,어웅,*,*,*,*
어젓,0,0,0,XR,*,T,어젓,*,*,*,*
어정,0,0,0,XR,*,T,어정,*,*,*,*
어정쩡,0,0,0,XR,*,T,어정쩡,*,*,*,*
어줍살,0,0,0,XR,*,T,어줍살,*,*,*,*
어중,0,0,0,XR,*,T,어중,*,*,*,*
어중간,0,0,0,XR,*,T,어중간,*,*,*,*
어지간,0,0,0,XR,*,T,어지간,*,*,*,*
어질,0,0,0,XR,*,T,어질,*,*,*,*
어쩡쩡,0,0,0,XR,*,T,어쩡쩡,*,*,*,*
어찔,0,0,0,XR,*,T,어찔,*,*,*,*
어청,0,0,0,XR,*,T,어청,*,*,*,*
어치렁,0,0,0,XR,*,T,어치렁,*,*,*,*
어치정,0,0,0,XR,*,T,어치정,*,*,*,*
어칠,0,0,0,XR,*,T,어칠,*,*,*,*
어특,0,0,0,XR,*,T,어특,*,*,*,*
억,0,0,0,XR,*,T,억,*,*,*,*
억억,0,0,0,XR,*,T,억억,*,*,*,*
억울,0,0,0,XR,*,T,억울,*,*,*,*
억척,0,0,0,XR,*,T,억척,*,*,*,*
언간,0,0,0,XR,*,T,언간,*,*,*,*
얼근,0,0,0,XR,*,T,얼근,*,*,*,*
얼떨떨,0,0,0,XR,*,T,얼떨떨,*,*,*,*
얼른,0,0,0,XR,*,T,얼른,*,*,*,*
얼만,0,0,0,XR,*,T,얼만,*,*,*,*
얼멍엉성,0,0,0,XR,*,T,얼멍엉성,*,*,*,*
얼빵,0,0,0,XR,*,T,얼빵,*,*,*,*
얼얼,0,0,0,XR,*,T,얼얼,*,*,*,*
얼얼알싸,0,0,0,XR,*,F,얼얼알싸,*,*,*,*
얼쩍,0,0,0,XR,*,T,얼쩍,*,*,*,*
얼쩡,0,0,0,XR,*,T,얼쩡,*,*,*,*
얼쭝,0,0,0,XR,*,T,얼쭝,*,*,*,*
얼큰,0,0,0,XR,*,T,얼큰,*,*,*,*
엄격,0,0,0,XR,*,T,엄격,*,*,*,*
엄밀,0,0,0,XR,*,T,엄밀,*,*,*,*
엄벙,0,0,0,XR,*,T,엄벙,*,*,*,*
엄숙,0,0,0,XR,*,T,엄숙,*,*,*,*
엄엄,0,0,0,XR,*,T,엄엄,*,*,*,*
엄연,0,0,0,XR,*,T,엄연,*,*,*,*
엄전,0,0,0,XR,*,T,엄전,*,*,*,*
엄정,0,0,0,XR,*,T,엄정,*,*,*,*
엄중,0,0,0,XR,*,T,엄중,*,*,*,*
엄혹,0,0,0,XR,*,T,엄혹,*,*,*,*
엇구수,0,0,0,XR,*,F,엇구수,*,*,*,*
엇비슥,0,0,0,XR,*,T,엇비슥,*,*,*,*
엇비슷,0,0,0,XR,*,T,엇비슷,*,*,*,*
엉글,0,0,0,XR,*,T,엉글,*,*,*,*
엉기적,0,0,0,XR,*,T,엉기적,*,*,*,*
엉두덜,0,0,0,XR,*,T,엉두덜,*,*,*,*
엉뚱,0,0,0,XR,*,T,엉뚱,*,*,*,*
엉뚱깽뚱,0,0,0,XR,*,T,엉뚱깽뚱,*,*,*,*
엉설,0,0,0,XR,*,T,엉설,*,*,*,*
엉성,0,0,0,XR,*,T,엉성,*,*,*,*
엉얼,0,0,0,XR,*,T,엉얼,*,*,*,*
엉절,0,0,0,XR,*,T,엉절,*,*,*,*
엉큼,0,0,0,XR,*,T,엉큼,*,*,*,*
에로틱,0,0,0,XR,*,T,에로틱,*,*,*,*
엑티베이트,0,0,0,XR,*,F,엑티베이트,*,*,*,*
엔간,0,0,0,XR,*,T,엔간,*,*,*,*
엥간,0,0,0,XR,*,T,엥간,*,*,*,*
여,0,0,0,XR,*,F,여,*,*,*,*
여들,0,0,0,XR,*,T,여들,*,*,*,*
여들여들,0,0,0,XR,*,T,여들여들,*,*,*,*
여리여리,0,0,0,XR,*,F,여리여리,*,*,*,*
여릿,0,0,0,XR,*,T,여릿,*,*,*,*
여북,0,0,0,XR,*,T,여북,*,*,*,*
여유만만,0,0,0,XR,*,T,여유만만,*,*,*,*
여유작작,0,0,0,XR,*,T,여유작작,*,*,*,*
여의,0,0,0,XR,*,F,여의,*,*,*,*
여일,0,0,0,XR,*,T,여일,*,*,*,*
여전,0,0,0,XR,*,T,여전,*,*,*,*
여짓,0,0,0,XR,*,T,여짓,*,*,*,*
여차,0,0,0,XR,*,F,여차,*,*,*,*
여차여차,0,0,0,XR,*,F,여차여차,*,*,*,*
여차저차,0,0,0,XR,*,F,여차저차,*,*,*,*
여틈,0,0,0,XR,*,T,여틈,*,*,*,*
역,0,0,0,XR,*,T,역,*,*,*,*
역력,0,0,0,XR,*,T,역력,*,*,*,*
역연,0,0,0,XR,*,T,역연,*,*,*,*
연,0,0,0,XR,*,T,연,*,*,*,*
연례,0,0,0,XR,*,F,연례,*,*,*,*
연로,0,0,0,XR,*,F,연로,*,*,*,*
연소,0,0,0,XR,*,F,연소,*,*,*,*
연약,0,0,0,XR,*,T,연약,*,*,*,*
연연,0,0,0,XR,*,T,연연,*,*,*,*
연예,0,0,0,XR,*,F,연예,*,*,*,*
연유,0,0,0,XR,*,F,연유,*,*,*,*
열렁,0,0,0,XR,*,T,열렁,*,*,*,*
열렬,0,0,0,XR,*,T,열렬,*,*,*,*
열악,0,0,0,XR,*,T,열악,*,*,*,*
열열,0,0,0,XR,*,T,열열,*,*,*,*
염,0,0,0,XR,*,T,염,*,*,*,*
염결,0,0,0,XR,*,T,염결,*,*,*,*
염담,0,0,0,XR,*,T,염담,*,*,*,*
영구,0,0,0,XR,*,F,영구,*,*,*,*
영롱,0,0,0,XR,*,T,영롱,*,*,*,*
영리,0,0,0,XR,*,F,영리,*,*,*,*
영민,0,0,0,XR,*,T,영민,*,*,*,*
영세,0,0,0,XR,*,F,영세,*,*,*,*
영세무궁,0,0,0,XR,*,T,영세무궁,*,*,*,*
영악,0,0,0,XR,*,T,영악,*,*,*,*
영영,0,0,0,XR,*,T,영영,*,*,*,*
영절,0,0,0,XR,*,T,영절,*,*,*,*
영특,0,0,0,XR,*,T,영특,*,*,*,*
예리,0,0,0,XR,*,F,예리,*,*,*,*
예민,0,0,0,XR,*,T,예민,*,*,*,*
예쁘장,0,0,0,XR,*,T,예쁘장,*,*,*,*
오도깝,0,0,0,XR,*,T,오도깝,*,*,*,*
오동통,0,0,0,XR,*,T,오동통,*,*,*,*
오들,0,0,0,XR,*,T,오들,*,*,*,*
오똘,0,0,0,XR,*,T,오똘,*,*,*,*
오뚝,0,0,0,XR,*,T,오뚝,*,*,*,*
오롯,0,0,0,XR,*,T,오롯,*,*,*,*
오묘,0,0,0,XR,*,F,오묘,*,*,*,*
오무락,0,0,0,XR,*,T,오무락,*,*,*,*
오무작,0,0,0,XR,*,T,오무작,*,*,*,*
오붓,0,0,0,XR,*,T,오붓,*,*,*,*
오비작,0,0,0,XR,*,T,오비작,*,*,*,*
오빗,0,0,0,XR,*,T,오빗,*,*,*,*
오졸,0,0,0,XR,*,T,오졸,*,*,*,*
오종종,0,0,0,XR,*,T,오종종,*,*,*,*
오죽,0,0,0,XR,*,T,오죽,*,*,*,*
오쫄,0,0,0,XR,*,T,오쫄,*,*,*,*
옥,0,0,0,XR,*,T,옥,*,*,*,*
옥시글,0,0,0,XR,*,T,옥시글,*,*,*,*
옥신,0,0,0,XR,*,T,옥신,*,*,*,*
옥실,0,0,0,XR,*,T,옥실,*,*,*,*
옥작,0,0,0,XR,*,T,옥작,*,*,*,*
온,0,0,0,XR,*,T,온,*,*,*,*
온건,0,0,0,XR,*,T,온건,*,*,*,*
온당,0,0,0,XR,*,T,온당,*,*,*,*
온순,0,0,0,XR,*,T,온순,*,*,*,*
온아,0,0,0,XR,*,F,온아,*,*,*,*
온오,0,0,0,XR,*,F,온오,*,*,*,*
온자,0,0,0,XR,*,F,온자,*,*,*,*
온전,0,0,0,XR,*,T,온전,*,*,*,*
온화,0,0,0,XR,*,F,온화,*,*,*,*
온후,0,0,0,XR,*,F,온후,*,*,*,*
올강,0,0,0,XR,*,T,올강,*,*,*,*
올공,0,0,0,XR,*,T,올공,*,*,*,*
올근,0,0,0,XR,*,T,올근,*,*,*,*
올랑,0,0,0,XR,*,T,올랑,*,*,*,*
옴실,0,0,0,XR,*,T,옴실,*,*,*,*
옴지락,0,0,0,XR,*,T,옴지락,*,*,*,*
옴직,0,0,0,XR,*,T,옴직,*,*,*,*
옴찍,0,0,0,XR,*,T,옴찍,*,*,*,*
옴찔,0,0,0,XR,*,T,옴찔,*,*,*,*
옴찔옴찔,0,0,0,XR,*,T,옴찔옴찔,*,*,*,*
옴팍,0,0,0,XR,*,T,옴팍,*,*,*,*
옴팡,0,0,0,XR,*,T,옴팡,*,*,*,*
옹색,0,0,0,XR,*,T,옹색,*,*,*,*
옹성,0,0,0,XR,*,T,옹성,*,*,*,*
옹알,0,0,0,XR,*,T,옹알,*,*,*,*
옹울,0,0,0,XR,*,T,옹울,*,*,*,*
옹잘,0,0,0,XR,*,T,옹잘,*,*,*,*
옹졸,0,0,0,XR,*,T,옹졸,*,*,*,*
와각,0,0,0,XR,*,T,와각,*,*,*,*
와그작,0,0,0,XR,*,T,와그작,*,*,*,*
와글,0,0,0,XR,*,T,와글,*,*,*,*
와당,0,0,0,XR,*,T,와당,*,*,*,*
와드등,0,0,0,XR,*,T,와드등,*,*,*,*
와들,0,0,0,XR,*,T,와들,*,*,*,*
왁다글,0,0,0,XR,*,T,왁다글,*,*,*,*
왁살,0,0,0,XR,*,T,왁살,*,*,*,*
왁시글,0,0,0,XR,*,T,왁시글,*,*,*,*
왁실,0,0,0,XR,*,T,왁실,*,*,*,*
왁자,0,0,0,XR,*,F,왁자,*,*,*,*
왁자지껄,0,0,0,XR,*,T,왁자지껄,*,*,*,*
완강,0,0,0,XR,*,T,완강,*,*,*,*
완고,0,0,0,XR,*,F,완고,*,*,*,*
완곡,0,0,0,XR,*,T,완곡,*,*,*,*
완만,0,0,0,XR,*,T,완만,*,*,*,*
완미,0,0,0,XR,*,F,완미,*,*,*,*
완벽,0,0,0,XR,*,T,완벽,*,*,*,*
완서,0,0,0,XR,*,F,완서,*,*,*,*
완연,0,0,0,XR,*,T,완연,*,*,*,*
완전,0,0,0,XR,*,T,완전,*,*,*,*
완패,0,0,0,XR,*,F,완패,*,*,*,*
왕성,0,0,0,XR,*,T,왕성,*,*,*,*
왜글,0,0,0,XR,*,T,왜글,*,*,*,*
왜소,0,0,0,XR,*,F,왜소,*,*,*,*
왜자,0,0,0,XR,*,F,왜자,*,*,*,*
왜죽,0,0,0,XR,*,T,왜죽,*,*,*,*
왜쭉,0,0,0,XR,*,T,왜쭉,*,*,*,*
왠만,0,0,0,XR,*,T,왠만,*,*,*,*
왱강,0,0,0,XR,*,T,왱강,*,*,*,*
외,0,0,0,XR,*,F,외,*,*,*,*
외람,0,0,0,XR,*,T,외람,*,*,*,*
요,0,0,0,XR,*,F,요,*,*,*,*
요긴,0,0,0,XR,*,T,요긴,*,*,*,*
요란,0,0,0,XR,*,T,요란,*,*,*,*
요러,0,0,0,XR,*,F,요러,*,*,*,*
요러조러,0,0,0,XR,*,F,요러조러,*,*,*,*
요만,0,0,0,XR,*,T,요만,*,*,*,*
요상,0,0,0,XR,*,T,요상,*,*,*,*
요약,0,0,0,XR,*,T,요약,*,*,*,*
요연,0,0,0,XR,*,T,요연,*,*,*,*
요요,0,0,0,XR,*,F,요요,*,*,*,*
요원,0,0,0,XR,*,T,요원,*,*,*,*
욕,0,0,0,XR,*,T,욕,*,*,*,*
용,0,0,0,XR,*,T,용,*,*,*,*
용감,0,0,0,XR,*,T,용감,*,*,*,*
용렬,0,0,0,XR,*,T,용렬,*,*,*,*
용립,0,0,0,XR,*,T,용립,*,*,*,*
용맹무쌍,0,0,0,XR,*,T,용맹무쌍,*,*,*,*
용의주도,0,0,0,XR,*,F,용의주도,*,*,*,*
용이,0,0,0,XR,*,F,용이,*,*,*,*
우꾼,0,0,0,XR,*,T,우꾼,*,*,*,*
우두망찰,0,0,0,XR,*,T,우두망찰,*,*,*,*
우둔,0,0,0,XR,*,T,우둔,*,*,*,*
우들,0,0,0,XR,*,T,우들,*,*,*,*
우뚤,0,0,0,XR,*,T,우뚤,*,*,*,*
우락,0,0,0,XR,*,T,우락,*,*,*,*
우람,0,0,0,XR,*,T,우람,*,*,*,*
우량,0,0,0,XR,*,T,우량,*,*,*,*
우련,0,0,0,XR,*,T,우련,*,*,*,*
우매,0,0,0,XR,*,F,우매,*,*,*,*
우멍,0,0,0,XR,*,T,우멍,*,*,*,*
우무럭,0,0,0,XR,*,T,우무럭,*,*,*,*
우무적,0,0,0,XR,*,T,우무적,*,*,*,*
우묵,0,0,0,XR,*,T,우묵,*,*,*,*
우물,0,0,0,XR,*,T,우물,*,*,*,*
우미,0,0,0,XR,*,F,우미,*,*,*,*
우북,0,0,0,XR,*,T,우북,*,*,*,*
우비적,0,0,0,XR,*,T,우비적,*,*,*,*
우빗,0,0,0,XR,*,T,우빗,*,*,*,*
우선,0,0,0,XR,*,T,우선,*,*,*,*
우선시,0,0,0,XR,*,F,우선시,*,*,*,*
우수,0,0,0,XR,*,F,우수,*,*,*,*
우스꽝,0,0,0,XR,*,T,우스꽝,*,*,*,*
우심,0,0,0,XR,*,T,우심,*,*,*,*
우아,0,0,0,XR,*,F,우아,*,*,*,*
우악,0,0,0,XR,*,T,우악,*,*,*,*
우악살,0,0,0,XR,*,T,우악살,*,*,*,*
우울,0,0,0,XR,*,T,우울,*,*,*,*
우원,0,0,0,XR,*,T,우원,*,*,*,*
우전,0,0,0,XR,*,T,우전,*,*,*,*
우죽,0,0,0,XR,*,T,우죽,*,*,*,*
우줄,0,0,0,XR,*,T,우줄,*,*,*,*
우줅,0,0,0,XR,*,T,우줅,*,*,*,*
우중충,0,0,0,XR,*,T,우중충,*,*,*,*
우직,0,0,0,XR,*,T,우직,*,*,*,*
욱닥,0,0,0,XR,*,T,욱닥,*,*,*,*
욱시글,0,0,0,XR,*,T,욱시글,*,*,*,*
욱신,0,0,0,XR,*,T,욱신,*,*,*,*
욱실,0,0,0,XR,*,T,욱실,*,*,*,*
운운,0,0,0,XR,*,T,운운,*,*,*,*
울근,0,0,0,XR,*,T,울근,*,*,*,*
울렁,0,0,0,XR,*,T,울렁,*,*,*,*
울룩불룩,0,0,0,XR,*,T,울룩불룩,*,*,*,*
울먹,0,0,0,XR,*,T,울먹,*,*,*,*
울연,0,0,0,XR,*,T,울연,*,*,*,*
울울,0,0,0,XR,*,T,울울,*,*,*,*
울울창창,0,0,0,XR,*,T,울울창창,*,*,*,*
울적,0,0,0,XR,*,T,울적,*,*,*,*
울창,0,0,0,XR,*,T,울창,*,*,*,*
움지럭,0,0,0,XR,*,T,움지럭,*,*,*,*
움직,0,0,0,XR,*,T,움직,*,*,*,*
움찍,0,0,0,XR,*,T,움찍,*,*,*,*
웅건,0,0,0,XR,*,T,웅건,*,*,*,*
웅대,0,0,0,XR,*,F,웅대,*,*,*,*
웅성,0,0,0,XR,*,T,웅성,*,*,*,*
웅실,0,0,0,XR,*,T,웅실,*,*,*,*
웅얼,0,0,0,XR,*,T,웅얼,*,*,*,*
웅장,0,0,0,XR,*,T,웅장,*,*,*,*
웅절,0,0,0,XR,*,T,웅절,*,*,*,*
웅혼,0,0,0,XR,*,T,웅혼,*,*,*,*
워걱,0,0,0,XR,*,T,워걱,*,*,*,*
워그적,0,0,0,XR,*,T,워그적,*,*,*,*
워글,0,0,0,XR,*,T,워글,*,*,*,*
웍더글,0,0,0,XR,*,T,웍더글,*,*,*,*
원,0,0,0,XR,*,T,원,*,*,*,*
원기왕성,0,0,0,XR,*,T,원기왕성,*,*,*,*
원대,0,0,0,XR,*,F,원대,*,*,*,*
원만,0,0,0,XR,*,T,원만,*,*,*,*
원숙,0,0,0,XR,*,T,원숙,*,*,*,*
원시,0,0,0,XR,*,F,원시,*,*,*,*
원원,0,0,0,XR,*,T,원원,*,*,*,*
원융,0,0,0,XR,*,T,원융,*,*,*,*
원통,0,0,0,XR,*,T,원통,*,*,*,*
원활,0,0,0,XR,*,T,원활,*,*,*,*
월등,0,0,0,XR,*,T,월등,*,*,*,*
월례,0,0,0,XR,*,F,월례,*,*,*,*
웨죽,0,0,0,XR,*,T,웨죽,*,*,*,*
웬간,0,0,0,XR,*,T,웬간,*,*,*,*
웬만,0,0,0,XR,*,T,웬만,*,*,*,*
웽겅,0,0,0,XR,*,T,웽겅,*,*,*,*
위,0,0,0,XR,*,F,위,*,*,*,*
위급,0,0,0,XR,*,T,위급,*,*,*,*
위대,0,0,0,XR,*,F,위대,*,*,*,*
위독,0,0,0,XR,*,T,위독,*,*,*,*
위요,0,0,0,XR,*,F,위요,*,*,*,*
위중,0,0,0,XR,*,T,위중,*,*,*,*
위태,0,0,0,XR,*,F,위태,*,*,*,*
위태위태,0,0,0,XR,*,F,위태위태,*,*,*,*
유,0,0,0,XR,*,F,유,*,*,*,*
유구,0,0,0,XR,*,F,유구,*,*,*,*
유권,0,0,0,XR,*,T,유권,*,*,*,*
유난,0,0,0,XR,*,T,유난,*,*,*,*
유능,0,0,0,XR,*,T,유능,*,*,*,*
유덕,0,0,0,XR,*,T,유덕,*,*,*,*
유독,0,0,0,XR,*,T,유독,*,*,*,*
유들,0,0,0,XR,*,T,유들,*,*,*,*
유려,0,0,0,XR,*,F,유려,*,*,*,*
유력,0,0,0,XR,*,T,유력,*,*,*,*
유리,0,0,0,XR,*,F,유리,*,*,*,*
유망,0,0,0,XR,*,T,유망,*,*,*,*
유머러스,0,0,0,XR,*,F,유머러스,*,*,*,*
유명,0,0,0,XR,*,T,유명,*,*,*,*
유복,0,0,0,XR,*,T,유복,*,*,*,*
유비,0,0,0,XR,*,F,유비,*,*,*,*
유사,0,0,0,XR,*,F,유사,*,*,*,*
유소,0,0,0,XR,*,F,유소,*,*,*,*
유수,0,0,0,XR,*,F,유수,*,*,*,*
유순,0,0,0,XR,*,T,유순,*,*,*,*
유식,0,0,0,XR,*,T,유식,*,*,*,*
유심,0,0,0,XR,*,T,유심,*,*,*,*
유아틱,0,0,0,XR,*,T,유아틱,*,*,*,*
유약,0,0,0,XR,*,T,유약,*,*,*,*
유연,0,0,0,XR,*,T,유연,*,*,*,*
유용,0,0,0,XR,*,T,유용,*,*,*,*
유유,0,0,0,XR,*,F,유유,*,*,*,*
유의미,0,0,0,XR,*,F,유의미,*,*,*,*
유익,0,0,0,XR,*,T,유익,*,*,*,*
유일,0,0,0,XR,*,T,유일,*,*,*,*
유장,0,0,0,XR,*,T,유장,*,*,*,*
유족,0,0,0,XR,*,T,유족,*,*,*,*
유지,0,0,0,XR,*,F,유지,*,*,*,*
유창,0,0,0,XR,*,T,유창,*,*,*,*
유치,0,0,0,XR,*,F,유치,*,*,*,*
유치찬란,0,0,0,XR,*,T,유치찬란,*,*,*,*
유쾌,0,0,0,XR,*,F,유쾌,*,*,*,*
유한,0,0,0,XR,*,T,유한,*,*,*,*
유해,0,0,0,XR,*,F,유해,*,*,*,*
유효,0,0,0,XR,*,F,유효,*,*,*,*
유효적절,0,0,0,XR,*,T,유효적절,*,*,*,*
유휴,0,0,0,XR,*,F,유휴,*,*,*,*
육,0,0,0,XR,*,T,육,*,*,*,*
육중,0,0,0,XR,*,T,육중,*,*,*,*
윤택,0,0,0,XR,*,T,윤택,*,*,*,*
율,0,0,0,XR,*,T,율,*,*,*,*
융숭,0,0,0,XR,*,T,융숭,*,*,*,*
으늑,0,0,0,XR,*,T,으늑,*,*,*,*
으드등,0,0,0,XR,*,T,으드등,*,*,*,*
으르딱딱,0,0,0,XR,*,T,으르딱딱,*,*,*,*
으리으리,0,0,0,XR,*,F,으리으리,*,*,*,*
으스,0,0,0,XR,*,F,으스,*,*,*,*
으슥,0,0,0,XR,*,T,으슥,*,*,*,*
으시시,0,0,0,XR,*,F,으시시,*,*,*,*
으젓,0,0,0,XR,*,T,으젓,*,*,*,*
은근,0,0,0,XR,*,T,은근,*,*,*,*
은미,0,0,0,XR,*,F,은미,*,*,*,*
은밀,0,0,0,XR,*,T,은밀,*,*,*,*
은벽,0,0,0,XR,*,T,은벽,*,*,*,*
은연,0,0,0,XR,*,T,은연,*,*,*,*
은은,0,0,0,XR,*,T,은은,*,*,*,*
을근,0,0,0,XR,*,T,을근,*,*,*,*
을씨년,0,0,0,XR,*,T,을씨년,*,*,*,*
음,0,0,0,XR,*,T,음,*,*,*,*
음산,0,0,0,XR,*,T,음산,*,*,*,*
음습,0,0,0,XR,*,T,음습,*,*,*,*
음울,0,0,0,XR,*,T,음울,*,*,*,*
음침,0,0,0,XR,*,T,음침,*,*,*,*
음탄,0,0,0,XR,*,T,음탄,*,*,*,*
음탕,0,0,0,XR,*,T,음탕,*,*,*,*
음험,0,0,0,XR,*,T,음험,*,*,*,*
음황,0,0,0,XR,*,T,음황,*,*,*,*
음흉,0,0,0,XR,*,T,음흉,*,*,*,*
응,0,0,0,XR,*,T,응,*,*,*,*
응답,0,0,0,XR,*,T,응답,*,*,*,*
응얼,0,0,0,XR,*,T,응얼,*,*,*,*
응큼,0,0,0,XR,*,T,응큼,*,*,*,*
의,0,0,0,XR,*,F,의,*,*,*,*
의구,0,0,0,XR,*,F,의구,*,*,*,*
의기양양,0,0,0,XR,*,T,의기양양,*,*,*,*
의료,0,0,0,XR,*,F,의료,*,*,*,*
의뭉,0,0,0,XR,*,T,의뭉,*,*,*,*
의미심장,0,0,0,XR,*,T,의미심장,*,*,*,*
의법,0,0,0,XR,*,T,의법,*,*,*,*
의사,0,0,0,XR,*,F,의사,*,*,*,*
의아,0,0,0,XR,*,F,의아,*,*,*,*
의연,0,0,0,XR,*,T,의연,*,*,*,*
의열,0,0,0,XR,*,T,의열,*,*,*,*
의의,0,0,0,XR,*,F,의의,*,*,*,*
의젓,0,0,0,XR,*,T,의젓,*,*,*,*
이글,0,0,0,XR,*,T,이글,*,*,*,*
이기,0,0,0,XR,*,F,이기,*,*,*,*
이기죽,0,0,0,XR,*,T,이기죽,*,*,*,*
이따만,0,0,0,XR,*,T,이따만,*,*,*,*
이러,0,0,0,XR,*,F,이러,*,*,*,*
이러이러,0,0,0,XR,*,F,이러이러,*,*,*,*
이러저러,0,0,0,XR,*,F,이러저러,*,*,*,*
이럭,0,0,0,XR,*,T,이럭,*,*,*,*
이렁성,0,0,0,XR,*,T,이렁성,*,*,*,*
이룩,0,0,0,XR,*,T,이룩,*,*,*,*
이만,0,0,0,XR,*,T,이만,*,*,*,*
이쁘장,0,0,0,XR,*,T,이쁘장,*,*,*,*
이상,0,0,0,XR,*,T,이상,*,*,*,*
이상망칙,0,0,0,XR,*,T,이상망칙,*,*,*,*
이상야릇,0,0,0,XR,*,T,이상야릇,*,*,*,*
이슥,0,0,0,XR,*,T,이슥,*,*,*,*
이악,0,0,0,XR,*,T,이악,*,*,*,*
이죽,0,0,0,XR,*,T,이죽,*,*,*,*
이지,0,0,0,XR,*,F,이지,*,*,*,*
이탈리틱,0,0,0,XR,*,T,이탈리틱,*,*,*,*
익숙,0,0,0,XR,*,T,익숙,*,*,*,*
익죽,0,0,0,XR,*,T,익죽,*,*,*,*
인,0,0,0,XR,*,T,인,*,*,*,*
인색,0,0,0,XR,*,T,인색,*,*,*,*
인자,0,0,0,XR,*,F,인자,*,*,*,*
일,0,0,0,XR,*,T,일,*,*,*,*
일간,0,0,0,XR,*,T,일간,*,*,*,*
일관,0,0,0,XR,*,T,일관,*,*,*,*
일괄,0,0,0,XR,*,T,일괄,*,*,*,*
일긋,0,0,0,XR,*,T,일긋,*,*,*,*
일기죽,0,0,0,XR,*,T,일기죽,*,*,*,*
일렁,0,0,0,XR,*,T,일렁,*,*,*,*
일목요연,0,0,0,XR,*,T,일목요연,*,*,*,*
일원,0,0,0,XR,*,T,일원,*,*,*,*
일정,0,0,0,XR,*,T,일정,*,*,*,*
일쭉,0,0,0,XR,*,T,일쭉,*,*,*,*
일천,0,0,0,XR,*,T,일천,*,*,*,*
임,0,0,0,XR,*,T,임,*,*,*,*
임박,0,0,0,XR,*,T,임박,*,*,*,*
자,0,0,0,XR,*,F,자,*,*,*,*
자그마,0,0,0,XR,*,F,자그마,*,*,*,*
자그만,0,0,0,XR,*,T,자그만,*,*,*,*
자근,0,0,0,XR,*,T,자근,*,*,*,*
자근덕,0,0,0,XR,*,T,자근덕,*,*,*,*
자글,0,0,0,XR,*,T,자글,*,*,*,*
자금,0,0,0,XR,*,T,자금,*,*,*,*
자끔,0,0,0,XR,*,T,자끔,*,*,*,*
자드락,0,0,0,XR,*,T,자드락,*,*,*,*
자명,0,0,0,XR,*,T,자명,*,*,*,*
자발,0,0,0,XR,*,T,자발,*,*,*,*
자별,0,0,0,XR,*,T,자별,*,*,*,*
자부락,0,0,0,XR,*,T,자부락,*,*,*,*
자분닥,0,0,0,XR,*,T,자분닥,*,*,*,*
자상,0,0,0,XR,*,T,자상,*,*,*,*
자세,0,0,0,XR,*,F,자세,*,*,*,*
자신만만,0,0,0,XR,*,T,자신만만,*,*,*,*
자심,0,0,0,XR,*,T,자심,*,*,*,*
자연,0,0,0,XR,*,T,자연,*,*,*,*
자옥,0,0,0,XR,*,T,자옥,*,*,*,*
자우룩,0,0,0,XR,*,T,자우룩,*,*,*,*
자욱,0,0,0,XR,*,T,자욱,*,*,*,*
자유분방,0,0,0,XR,*,T,자유분방,*,*,*,*
자자,0,0,0,XR,*,F,자자,*,*,*,*
자자분,0,0,0,XR,*,T,자자분,*,*,*,*
자잘,0,0,0,XR,*,T,자잘,*,*,*,*
자제,0,0,0,XR,*,F,자제,*,*,*,*
자지레,0,0,0,XR,*,F,자지레,*,*,*,*
자질구레,0,0,0,XR,*,F,자질구레,*,*,*,*
자축,0,0,0,XR,*,T,자축,*,*,*,*
자춤,0,0,0,XR,*,T,자춤,*,*,*,*
자칫,0,0,0,XR,*,T,자칫,*,*,*,*
작,0,0,0,XR,*,T,작,*,*,*,*
작달막,0,0,0,XR,*,T,작달막,*,*,*,*
작신,0,0,0,XR,*,T,작신,*,*,*,*
작작,0,0,0,XR,*,T,작작,*,*,*,*
잔득,0,0,0,XR,*,T,잔득,*,*,*,*
잔악,0,0,0,XR,*,T,잔악,*,*,*,*
잔여,0,0,0,XR,*,F,잔여,*,*,*,*
잔인,0,0,0,XR,*,T,잔인,*,*,*,*
잔잔,0,0,0,XR,*,T,잔잔,*,*,*,*
잘구레,0,0,0,XR,*,F,잘구레,*,*,*,*
잘근,0,0,0,XR,*,T,잘근,*,*,*,*
잘똑,0,0,0,XR,*,T,잘똑,*,*,*,*
잘록,0,0,0,XR,*,T,잘록,*,*,*,*
잘룩,0,0,0,XR,*,T,잘룩,*,*,*,*
잘쏙,0,0,0,XR,*,T,잘쏙,*,*,*,*
잘착,0,0,0,XR,*,T,잘착,*,*,*,*
잠잠,0,0,0,XR,*,T,잠잠,*,*,*,*
잠재,0,0,0,XR,*,F,잠재,*,*,*,*
잠정,0,0,0,XR,*,T,잠정,*,*,*,*
잡다,0,0,0,XR,*,F,잡다,*,*,*,*
장,0,0,0,XR,*,T,장,*,*,*,*
장구,0,0,0,XR,*,F,장구,*,*,*,*
장대,0,0,0,XR,*,F,장대,*,*,*,*
장렬,0,0,0,XR,*,T,장렬,*,*,*,*
장알,0,0,0,XR,*,T,장알,*,*,*,*
장중,0,0,0,XR,*,T,장중,*,*,*,*
장쾌,0,0,0,XR,*,F,장쾌,*,*,*,*
장항,0,0,0,XR,*,T,장항,*,*,*,*
장황,0,0,0,XR,*,T,장황,*,*,*,*
잦바듬,0,0,0,XR,*,T,잦바듬,*,*,*,*
재,0,0,0,XR,*,F,재,*,*,*,*
재갈,0,0,0,XR,*,T,재갈,*,*,*,*
재경,0,0,0,XR,*,T,재경,*,*,*,*
재깔,0,0,0,XR,*,T,재깔,*,*,*,*
재미,0,0,0,XR,*,F,재미,*,*,*,*
재위,0,0,0,XR,*,F,재위,*,*,*,*
재일,0,0,0,XR,*,T,재일,*,*,*,*
재자,0,0,0,XR,*,F,재자,*,*,*,*
재잘,0,0,0,XR,*,T,재잘,*,*,*,*
쟁쟁,0,0,0,XR,*,T,쟁쟁,*,*,*,*
저,0,0,0,XR,*,F,저,*,*,*,*
저기,0,0,0,XR,*,F,저기,*,*,*,*
저돌,0,0,0,XR,*,T,저돌,*,*,*,*
저러,0,0,0,XR,*,F,저러,*,*,*,*
저러저러,0,0,0,XR,*,F,저러저러,*,*,*,*
저렴,0,0,0,XR,*,T,저렴,*,*,*,*
저릿,0,0,0,XR,*,T,저릿,*,*,*,*
저만,0,0,0,XR,*,T,저만,*,*,*,*
저명,0,0,0,XR,*,T,저명,*,*,*,*
저속,0,0,0,XR,*,T,저속,*,*,*,*
저어,0,0,0,XR,*,F,저어,*,*,*,*
저열,0,0,0,XR,*,T,저열,*,*,*,*
저적,0,0,0,XR,*,T,저적,*,*,*,*
저축,0,0,0,XR,*,T,저축,*,*,*,*
저춤,0,0,0,XR,*,T,저춤,*,*,*,*
적극,0,0,0,XR,*,T,적극,*,*,*,*
적나라,0,0,0,XR,*,F,적나라,*,*,*,*
적당,0,0,0,XR,*,T,적당,*,*,*,*
적대,0,0,0,XR,*,F,적대,*,*,*,*
적법,0,0,0,XR,*,T,적법,*,*,*,*
적성,0,0,0,XR,*,T,적성,*,*,*,*
적실,0,0,0,XR,*,T,적실,*,*,*,*
적연,0,0,0,XR,*,T,적연,*,*,*,*
적의,0,0,0,XR,*,F,적의,*,*,*,*
적적,0,0,0,XR,*,T,적적,*,*,*,*
적절,0,0,0,XR,*,T,적절,*,*,*,*
적정,0,0,0,XR,*,T,적정,*,*,*,*
적중,0,0,0,XR,*,T,적중,*,*,*,*
적합,0,0,0,XR,*,T,적합,*,*,*,*
적호,0,0,0,XR,*,F,적호,*,*,*,*
적확,0,0,0,XR,*,T,적확,*,*,*,*
전,0,0,0,XR,*,T,전,*,*,*,*
전도양양,0,0,0,XR,*,T,전도양양,*,*,*,*
전무,0,0,0,XR,*,F,전무,*,*,*,*
전문,0,0,0,XR,*,T,전문,*,*,*,*
전실,0,0,0,XR,*,T,전실,*,*,*,*
전아,0,0,0,XR,*,F,전아,*,*,*,*
전연,0,0,0,XR,*,T,전연,*,*,*,*
전전,0,0,0,XR,*,T,전전,*,*,*,*
전폭,0,0,0,XR,*,T,전폭,*,*,*,*
절,0,0,0,XR,*,T,절,*,*,*,*
절급,0,0,0,XR,*,T,절급,*,*,*,*
절뚝,0,0,0,XR,*,T,절뚝,*,*,*,*
절룩,0,0,0,XR,*,T,절룩,*,*,*,*
절름,0,0,0,XR,*,T,절름,*,*,*,*
절묘,0,0,0,XR,*,F,절묘,*,*,*,*
절박,0,0,0,XR,*,T,절박,*,*,*,*
절실,0,0,0,XR,*,T,절실,*,*,*,*
절쑥,0,0,0,XR,*,T,절쑥,*,*,*,*
절절,0,0,0,XR,*,T,절절,*,*,*,*
절친,0,0,0,XR,*,T,절친,*,*,*,*
점,0,0,0,XR,*,T,점,*,*,*,*
점조,0,0,0,XR,*,F,점조,*,*,*,*
점직,0,0,0,XR,*,T,점직,*,*,*,*
접,0,0,0,XR,*,T,접,*,*,*,*
정,0,0,0,XR,*,T,정,*,*,*,*
정갈,0,0,0,XR,*,T,정갈,*,*,*,*
정결,0,0,0,XR,*,T,정결,*,*,*,*
정교,0,0,0,XR,*,F,정교,*,*,*,*
정당,0,0,0,XR,*,T,정당,*,*,*,*
정대,0,0,0,XR,*,F,정대,*,*,*,*
정묘,0,0,0,XR,*,F,정묘,*,*,*,*
정밀,0,0,0,XR,*,T,정밀,*,*,*,*
정숙,0,0,0,XR,*,T,정숙,*,*,*,*
정연,0,0,0,XR,*,T,정연,*,*,*,*
정일,0,0,0,XR,*,T,정일,*,*,*,*
정정,0,0,0,XR,*,T,정정,*,*,*,*
정정당당,0,0,0,XR,*,T,정정당당,*,*,*,*
정중,0,0,0,XR,*,T,정중,*,*,*,*
정치,0,0,0,XR,*,F,정치,*,*,*,*
정한,0,0,0,XR,*,T,정한,*,*,*,*
정확,0,0,0,XR,*,T,정확,*,*,*,*
제,0,0,0,XR,*,F,제,*,*,*,*
제일,0,0,0,XR,*,T,제일,*,*,*,*
조,0,0,0,XR,*,F,조,*,*,*,*
조그마,0,0,0,XR,*,F,조그마,*,*,*,*
조그만,0,0,0,XR,*,T,조그만,*,*,*,*
조그맣,0,0,0,XR,*,T,조그맣,*,*,*,*
조급,0,0,0,XR,*,T,조급,*,*,*,*
조루,0,0,0,XR,*,F,조루,*,*,*,*
조마,0,0,0,XR,*,F,조마,*,*,*,*
조만,0,0,0,XR,*,T,조만,*,*,*,*
조몰락,0,0,0,XR,*,T,조몰락,*,*,*,*
조밀,0,0,0,XR,*,T,조밀,*,*,*,*
조방,0,0,0,XR,*,T,조방,*,*,*,*
조붓,0,0,0,XR,*,T,조붓,*,*,*,*
조속,0,0,0,XR,*,T,조속,*,*,*,*
조신,0,0,0,XR,*,T,조신,*,*,*,*
조악,0,0,0,XR,*,T,조악,*,*,*,*
조야,0,0,0,XR,*,F,조야,*,*,*,*
조용,0,0,0,XR,*,T,조용,*,*,*,*
조용조용,0,0,0,XR,*,T,조용조용,*,*,*,*
조작,0,0,0,XR,*,T,조작,*,*,*,*
조잔,0,0,0,XR,*,T,조잔,*,*,*,*
조잘,0,0,0,XR,*,T,조잘,*,*,*,*
조잡,0,0,0,XR,*,T,조잡,*,*,*,*
조초,0,0,0,XR,*,F,조초,*,*,*,*
조촐,0,0,0,XR,*,T,조촐,*,*,*,*
족,0,0,0,XR,*,T,족,*,*,*,*
존고,0,0,0,XR,*,F,존고,*,*,*,*
존득,0,0,0,XR,*,T,존득,*,*,*,*
졸,0,0,0,XR,*,T,졸,*,*,*,*
졸깃,0,0,0,XR,*,T,졸깃,*,*,*,*
졸랑,0,0,0,XR,*,T,졸랑,*,*,*,*
졸렬,0,0,0,XR,*,T,졸렬,*,*,*,*
종,0,0,0,XR,*,T,종,*,*,*,*
종달,0,0,0,XR,*,T,종달,*,*,*,*
종알,0,0,0,XR,*,T,종알,*,*,*,*
종용,0,0,0,XR,*,T,종용,*,*,*,*
종잘,0,0,0,XR,*,T,종잘,*,*,*,*
좌,0,0,0,XR,*,F,좌,*,*,*,*
좌전,0,0,0,XR,*,T,좌전,*,*,*,*
죄만,0,0,0,XR,*,T,죄만,*,*,*,*
죄송,0,0,0,XR,*,T,죄송,*,*,*,*
죄죄,0,0,0,XR,*,F,죄죄,*,*,*,*
주,0,0,0,XR,*,F,주,*,*,*,*
주도,0,0,0,XR,*,F,주도,*,*,*,*
주도면밀,0,0,0,XR,*,T,주도면밀,*,*,*,*
주물럭,0,0,0,XR,*,T,주물럭,*,*,*,*
주미,0,0,0,XR,*,F,주미,*,*,*,*
주요,0,0,0,XR,*,F,주요,*,*,*,*
주일,0,0,0,XR,*,T,주일,*,*,*,*
주적,0,0,0,XR,*,T,주적,*,*,*,*
주전,0,0,0,XR,*,T,주전,*,*,*,*
주절,0,0,0,XR,*,T,주절,*,*,*,*
주춤,0,0,0,XR,*,T,주춤,*,*,*,*
준,0,0,0,XR,*,T,준,*,*,*,*
준극,0,0,0,XR,*,T,준극,*,*,*,*
준득,0,0,0,XR,*,T,준득,*,*,*,*
준수,0,0,0,XR,*,F,준수,*,*,*,*
준엄,0,0,0,XR,*,T,준엄,*,*,*,*
준열,0,0,0,XR,*,T,준열,*,*,*,*
준절,0,0,0,XR,*,T,준절,*,*,*,*
줄렁,0,0,0,XR,*,T,줄렁,*,*,*,*
중,0,0,0,XR,*,T,중,*,*,*,*
중대,0,0,0,XR,*,F,중대,*,*,*,*
중덜,0,0,0,XR,*,T,중덜,*,*,*,*
중산,0,0,0,XR,*,T,중산,*,*,*,*
중소,0,0,0,XR,*,F,중소,*,*,*,*
중시,0,0,0,XR,*,F,중시,*,*,*,*
중씰,0,0,0,XR,*,T,중씰,*,*,*,*
중얼,0,0,0,XR,*,T,중얼,*,*,*,*
중요,0,0,0,XR,*,F,중요,*,*,*,*
중요시,0,0,0,XR,*,F,중요시,*,*,*,*
중절,0,0,0,XR,*,T,중절,*,*,*,*
중중,0,0,0,XR,*,T,중중,*,*,*,*
중중위잡,0,0,0,XR,*,T,중중위잡,*,*,*,*
중차대,0,0,0,XR,*,F,중차대,*,*,*,*
중후,0,0,0,XR,*,F,중후,*,*,*,*
즐비,0,0,0,XR,*,F,즐비,*,*,*,*
즐펀,0,0,0,XR,*,T,즐펀,*,*,*,*
증,0,0,0,XR,*,T,증,*,*,*,*
지,0,0,0,XR,*,F,지,*,*,*,*
지걱,0,0,0,XR,*,T,지걱,*,*,*,*
지극,0,0,0,XR,*,T,지극,*,*,*,*
지근,0,0,0,XR,*,T,지근,*,*,*,*
지근덕,0,0,0,XR,*,T,지근덕,*,*,*,*
지글,0,0,0,XR,*,T,지글,*,*,*,*
지금,0,0,0,XR,*,T,지금,*,*,*,*
지긋,0,0,0,XR,*,T,지긋,*,*,*,*
지긋지긋,0,0,0,XR,*,T,지긋지긋,*,*,*,*
지껄,0,0,0,XR,*,T,지껄,*,*,*,*
지끔,0,0,0,XR,*,T,지끔,*,*,*,*
지난,0,0,0,XR,*,T,지난,*,*,*,*
지당,0,0,0,XR,*,T,지당,*,*,*,*
지대,0,0,0,XR,*,F,지대,*,*,*,*
지독,0,0,0,XR,*,T,지독,*,*,*,*
지드럭,0,0,0,XR,*,T,지드럭,*,*,*,*
지딱,0,0,0,XR,*,T,지딱,*,*,*,*
지루,0,0,0,XR,*,F,지루,*,*,*,*
지리,0,0,0,XR,*,F,지리,*,*,*,*
지벅,0,0,0,XR,*,T,지벅,*,*,*,*
지부럭,0,0,0,XR,*,T,지부럭,*,*,*,*
지분,0,0,0,XR,*,T,지분,*,*,*,*
지분덕,0,0,0,XR,*,T,지분덕,*,*,*,*
지뻑,0,0,0,XR,*,T,지뻑,*,*,*,*
지순,0,0,0,XR,*,T,지순,*,*,*,*
지싯,0,0,0,XR,*,T,지싯,*,*,*,*
지엄,0,0,0,XR,*,T,지엄,*,*,*,*
지저,0,0,0,XR,*,F,지저,*,*,*,*
지저분,0,0,0,XR,*,T,지저분,*,*,*,*
지정,0,0,0,XR,*,T,지정,*,*,*,*
지존,0,0,0,XR,*,T,지존,*,*,*,*
지중,0,0,0,XR,*,T,지중,*,*,*,*
지지직,0,0,0,XR,*,T,지지직,*,*,*,*
지질,0,0,0,XR,*,T,지질,*,*,*,*
지짐,0,0,0,XR,*,T,지짐,*,*,*,*
지칫,0,0,0,XR,*,T,지칫,*,*,*,*
직수굿,0,0,0,XR,*,T,직수굿,*,*,*,*
직신,0,0,0,XR,*,T,직신,*,*,*,*
진,0,0,0,XR,*,T,진,*,*,*,*
진귀,0,0,0,XR,*,F,진귀,*,*,*,*
진기,0,0,0,XR,*,F,진기,*,*,*,*
진득,0,0,0,XR,*,T,진득,*,*,*,*
진뜩,0,0,0,XR,*,T,진뜩,*,*,*,*
진부,0,0,0,XR,*,F,진부,*,*,*,*
진솔,0,0,0,XR,*,T,진솔,*,*,*,*
진정,0,0,0,XR,*,T,진정,*,*,*,*
진중,0,0,0,XR,*,T,진중,*,*,*,*
진지,0,0,0,XR,*,F,진지,*,*,*,*
진진,0,0,0,XR,*,T,진진,*,*,*,*
질겁,0,0,0,XR,*,T,질겁,*,*,*,*
질겅,0,0,0,XR,*,T,질겅,*,*,*,*
질근,0,0,0,XR,*,T,질근,*,*,*,*
질뚝,0,0,0,XR,*,T,질뚝,*,*,*,*
질박,0,0,0,XR,*,T,질박,*,*,*,*
질버덕,0,0,0,XR,*,T,질버덕,*,*,*,*
질벅,0,0,0,XR,*,T,질벅,*,*,*,*
질소,0,0,0,XR,*,F,질소,*,*,*,*
질쭉,0,0,0,XR,*,T,질쭉,*,*,*,*
질척,0,0,0,XR,*,T,질척,*,*,*,*
질커덕,0,0,0,XR,*,T,질커덕,*,*,*,*
질컥,0,0,0,XR,*,T,질컥,*,*,*,*
질퍼덕,0,0,0,XR,*,T,질퍼덕,*,*,*,*
질퍽,0,0,0,XR,*,T,질퍽,*,*,*,*
질펀,0,0,0,XR,*,T,질펀,*,*,*,*
짐짐,0,0,0,XR,*,T,짐짐,*,*,*,*
집,0,0,0,XR,*,T,집,*,*,*,*
집요,0,0,0,XR,*,F,집요,*,*,*,*
집적,0,0,0,XR,*,T,집적,*,*,*,*
징얼,0,0,0,XR,*,T,징얼,*,*,*,*
짜근,0,0,0,XR,*,T,짜근,*,*,*,*
짜근덕,0,0,0,XR,*,T,짜근덕,*,*,*,*
짜글,0,0,0,XR,*,T,짜글,*,*,*,*
짜금,0,0,0,XR,*,T,짜금,*,*,*,*
짜드락,0,0,0,XR,*,T,짜드락,*,*,*,*
짜들름,0,0,0,XR,*,T,짜들름,*,*,*,*
짜뜰름,0,0,0,XR,*,T,짜뜰름,*,*,*,*
짜릿,0,0,0,XR,*,T,짜릿,*,*,*,*
짝달막,0,0,0,XR,*,T,짝달막,*,*,*,*
짠,0,0,0,XR,*,T,짠,*,*,*,*
짠득,0,0,0,XR,*,T,짠득,*,*,*,*
짤똑,0,0,0,XR,*,T,짤똑,*,*,*,*
짤록,0,0,0,XR,*,T,짤록,*,*,*,*
짤막,0,0,0,XR,*,T,짤막,*,*,*,*
짤쏙,0,0,0,XR,*,T,짤쏙,*,*,*,*
짧막,0,0,0,XR,*,T,짧막,*,*,*,*
짭잘,0,0,0,XR,*,T,짭잘,*,*,*,*
짭조름,0,0,0,XR,*,T,짭조름,*,*,*,*
짭짜름,0,0,0,XR,*,T,짭짜름,*,*,*,*
짭짤,0,0,0,XR,*,T,짭짤,*,*,*,*
짭짭,0,0,0,XR,*,T,짭짭,*,*,*,*
짭찌레,0,0,0,XR,*,F,짭찌레,*,*,*,*
짱알,0,0,0,XR,*,T,짱알,*,*,*,*
짱짱,0,0,0,XR,*,T,짱짱,*,*,*,*
째만,0,0,0,XR,*,T,째만,*,*,*,*
째째,0,0,0,XR,*,F,째째,*,*,*,*
쨈만,0,0,0,XR,*,T,쨈만,*,*,*,*
쩌금,0,0,0,XR,*,T,쩌금,*,*,*,*
쩌릿,0,0,0,XR,*,T,쩌릿,*,*,*,*
쩔뚝,0,0,0,XR,*,T,쩔뚝,*,*,*,*
쩔룩,0,0,0,XR,*,T,쩔룩,*,*,*,*
쩔름,0,0,0,XR,*,T,쩔름,*,*,*,*
쩔쑥,0,0,0,XR,*,T,쩔쑥,*,*,*,*
쩨쩨,0,0,0,XR,*,F,쩨쩨,*,*,*,*
쪼그마,0,0,0,XR,*,F,쪼그마,*,*,*,*
쪼그만,0,0,0,XR,*,T,쪼그만,*,*,*,*
쪼끄마,0,0,0,XR,*,F,쪼끄마,*,*,*,*
쪼끄만,0,0,0,XR,*,T,쪼끄만,*,*,*,*
쪼만,0,0,0,XR,*,T,쪼만,*,*,*,*
쪼맨,0,0,0,XR,*,T,쪼맨,*,*,*,*
쪼물,0,0,0,XR,*,T,쪼물,*,*,*,*
쪼잔,0,0,0,XR,*,T,쪼잔,*,*,*,*
쪼잘,0,0,0,XR,*,T,쪼잘,*,*,*,*
쪽잘,0,0,0,XR,*,T,쪽잘,*,*,*,*
쫀득,0,0,0,XR,*,T,쫀득,*,*,*,*
쫀쫀,0,0,0,XR,*,T,쫀쫀,*,*,*,*
쫄깃,0,0,0,XR,*,T,쫄깃,*,*,*,*
쫄랑,0,0,0,XR,*,T,쫄랑,*,*,*,*
쫄밋,0,0,0,XR,*,T,쫄밋,*,*,*,*
쫑달,0,0,0,XR,*,T,쫑달,*,*,*,*
쫑알,0,0,0,XR,*,T,쫑알,*,*,*,*
쫑잘,0,0,0,XR,*,T,쫑잘,*,*,*,*
쬐그마,0,0,0,XR,*,F,쬐그마,*,*,*,*
쬐그만,0,0,0,XR,*,T,쬐그만,*,*,*,*
쬐끄마,0,0,0,XR,*,F,쬐끄마,*,*,*,*
쭈물,0,0,0,XR,*,T,쭈물,*,*,*,*
쭈뼛,0,0,0,XR,*,T,쭈뼛,*,*,*,*
쭈뼛쭈뼛,0,0,0,XR,*,T,쭈뼛쭈뼛,*,*,*,*
쭈절,0,0,0,XR,*,T,쭈절,*,*,*,*
쭌득,0,0,0,XR,*,T,쭌득,*,*,*,*
쭐렁,0,0,0,XR,*,T,쭐렁,*,*,*,*
쭝덜,0,0,0,XR,*,T,쭝덜,*,*,*,*
쭝얼,0,0,0,XR,*,T,쭝얼,*,*,*,*
쭝절,0,0,0,XR,*,T,쭝절,*,*,*,*
쭝쭝,0,0,0,XR,*,T,쭝쭝,*,*,*,*
찌근덕,0,0,0,XR,*,T,찌근덕,*,*,*,*
찌글,0,0,0,XR,*,T,찌글,*,*,*,*
찌드럭,0,0,0,XR,*,T,찌드럭,*,*,*,*
찌들름,0,0,0,XR,*,T,찌들름,*,*,*,*
찌뜰름,0,0,0,XR,*,T,찌뜰름,*,*,*,*
찌릿,0,0,0,XR,*,T,찌릿,*,*,*,*
찌무룩,0,0,0,XR,*,T,찌무룩,*,*,*,*
찌뻑,0,0,0,XR,*,T,찌뻑,*,*,*,*
찌뿌둥,0,0,0,XR,*,T,찌뿌둥,*,*,*,*
찌뿌드,0,0,0,XR,*,F,찌뿌드,*,*,*,*
찌뿌드드,0,0,0,XR,*,F,찌뿌드드,*,*,*,*
찌뿌등,0,0,0,XR,*,T,찌뿌등,*,*,*,*
찌지직,0,0,0,XR,*,T,찌지직,*,*,*,*
찐득,0,0,0,XR,*,T,찐득,*,*,*,*
찔꺽,0,0,0,XR,*,T,찔꺽,*,*,*,*
찔뚝,0,0,0,XR,*,T,찔뚝,*,*,*,*
찜찜,0,0,0,XR,*,T,찜찜,*,*,*,*
찝적,0,0,0,XR,*,T,찝적,*,*,*,*
찝질,0,0,0,XR,*,T,찝질,*,*,*,*
찝쩍,0,0,0,XR,*,T,찝쩍,*,*,*,*
찝찌름,0,0,0,XR,*,T,찝찌름,*,*,*,*
찝찔,0,0,0,XR,*,T,찝찔,*,*,*,*
찝찝,0,0,0,XR,*,T,찝찝,*,*,*,*
찟찟,0,0,0,XR,*,T,찟찟,*,*,*,*
찡얼,0,0,0,XR,*,T,찡얼,*,*,*,*
차근,0,0,0,XR,*,T,차근,*,*,*,*
차근덕,0,0,0,XR,*,T,차근덕,*,*,*,*
차닥,0,0,0,XR,*,T,차닥,*,*,*,*
차락,0,0,0,XR,*,T,차락,*,*,*,*
차분,0,0,0,XR,*,T,차분,*,*,*,*
차치,0,0,0,XR,*,F,차치,*,*,*,*
착,0,0,0,XR,*,T,착,*,*,*,*
착실,0,0,0,XR,*,T,착실,*,*,*,*
착잡,0,0,0,XR,*,T,착잡,*,*,*,*
착찹,0,0,0,XR,*,T,착찹,*,*,*,*
찬란,0,0,0,XR,*,T,찬란,*,*,*,*
찬연,0,0,0,XR,*,T,찬연,*,*,*,*
찬찬,0,0,0,XR,*,T,찬찬,*,*,*,*
찰,0,0,0,XR,*,T,찰,*,*,*,*
참,0,0,0,XR,*,T,참,*,*,*,*
참담,0,0,0,XR,*,T,참담,*,*,*,*
참람,0,0,0,XR,*,T,참람,*,*,*,*
참렬,0,0,0,XR,*,T,참렬,*,*,*,*
참신,0,0,0,XR,*,T,참신,*,*,*,*
참혹,0,0,0,XR,*,T,참혹,*,*,*,*
찹찹,0,0,0,XR,*,T,찹찹,*,*,*,*
창,0,0,0,XR,*,T,창,*,*,*,*
창백,0,0,0,XR,*,T,창백,*,*,*,*
창알,0,0,0,XR,*,T,창알,*,*,*,*
창연,0,0,0,XR,*,T,창연,*,*,*,*
창창,0,0,0,XR,*,T,창창,*,*,*,*
창피,0,0,0,XR,*,F,창피,*,*,*,*
책,0,0,0,XR,*,T,책,*,*,*,*
챙피,0,0,0,XR,*,F,챙피,*,*,*,*
처,0,0,0,XR,*,F,처,*,*,*,*
처덕,0,0,0,XR,*,T,처덕,*,*,*,*
처량,0,0,0,XR,*,T,처량,*,*,*,*
처연,0,0,0,XR,*,T,처연,*,*,*,*
처절,0,0,0,XR,*,T,처절,*,*,*,*
처참,0,0,0,XR,*,T,처참,*,*,*,*
척박,0,0,0,XR,*,T,척박,*,*,*,*
척척,0,0,0,XR,*,T,척척,*,*,*,*
천,0,0,0,XR,*,T,천,*,*,*,*
천덩,0,0,0,XR,*,T,천덩,*,*,*,*
천박,0,0,0,XR,*,T,천박,*,*,*,*
천연덕,0,0,0,XR,*,T,천연덕,*,*,*,*
천진,0,0,0,XR,*,T,천진,*,*,*,*
천천,0,0,0,XR,*,T,천천,*,*,*,*
철,0,0,0,XR,*,T,철,*,*,*,*
철저,0,0,0,XR,*,F,철저,*,*,*,*
첨예,0,0,0,XR,*,F,첨예,*,*,*,*
첩,0,0,0,XR,*,T,첩,*,*,*,*
첩첩,0,0,0,XR,*,T,첩첩,*,*,*,*
청,0,0,0,XR,*,T,청,*,*,*,*
청고,0,0,0,XR,*,F,청고,*,*,*,*
청량,0,0,0,XR,*,T,청량,*,*,*,*
청렬,0,0,0,XR,*,T,청렬,*,*,*,*
청명,0,0,0,XR,*,T,청명,*,*,*,*
청상,0,0,0,XR,*,T,청상,*,*,*,*
청수,0,0,0,XR,*,F,청수,*,*,*,*
청순,0,0,0,XR,*,T,청순,*,*,*,*
청신,0,0,0,XR,*,T,청신,*,*,*,*
청아,0,0,0,XR,*,F,청아,*,*,*,*
청일,0,0,0,XR,*,T,청일,*,*,*,*
청정,0,0,0,XR,*,T,청정,*,*,*,*
청징,0,0,0,XR,*,T,청징,*,*,*,*
청청,0,0,0,XR,*,T,청청,*,*,*,*
청초,0,0,0,XR,*,F,청초,*,*,*,*
체,0,0,0,XR,*,F,체,*,*,*,*
초,0,0,0,XR,*,F,초,*,*,*,*
초간,0,0,0,XR,*,T,초간,*,*,*,*
초급,0,0,0,XR,*,T,초급,*,*,*,*
초등,0,0,0,XR,*,T,초등,*,*,*,*
초라,0,0,0,XR,*,F,초라,*,*,*,*
초연,0,0,0,XR,*,T,초연,*,*,*,*
초조,0,0,0,XR,*,F,초조,*,*,*,*
초지일관,0,0,0,XR,*,T,초지일관,*,*,*,*
초초,0,0,0,XR,*,F,초초,*,*,*,*
초췌,0,0,0,XR,*,F,초췌,*,*,*,*
촉박,0,0,0,XR,*,T,촉박,*,*,*,*
촉촉,0,0,0,XR,*,T,촉촉,*,*,*,*
촐랑,0,0,0,XR,*,T,촐랑,*,*,*,*
촐싹,0,0,0,XR,*,T,촐싹,*,*,*,*
촘촘,0,0,0,XR,*,T,촘촘,*,*,*,*
총민,0,0,0,XR,*,T,총민,*,*,*,*
총총,0,0,0,XR,*,T,총총,*,*,*,*
최,0,0,0,XR,*,F,최,*,*,*,*
최루,0,0,0,XR,*,F,최루,*,*,*,*
추,0,0,0,XR,*,F,추,*,*,*,*
추계,0,0,0,XR,*,F,추계,*,*,*,*
추근추근,0,0,0,XR,*,T,추근추근,*,*,*,*
추레,0,0,0,XR,*,F,추레,*,*,*,*
추례,0,0,0,XR,*,F,추례,*,*,*,*
추루,0,0,0,XR,*,F,추루,*,*,*,*
추썩,0,0,0,XR,*,T,추썩,*,*,*,*
추악,0,0,0,XR,*,T,추악,*,*,*,*
추연,0,0,0,XR,*,T,추연,*,*,*,*
추잡,0,0,0,XR,*,T,추잡,*,*,*,*
추저분,0,0,0,XR,*,T,추저분,*,*,*,*
추적,0,0,0,XR,*,T,추적,*,*,*,*
추접,0,0,0,XR,*,T,추접,*,*,*,*
추접지근,0,0,0,XR,*,T,추접지근,*,*,*,*
축축,0,0,0,XR,*,T,축축,*,*,*,*
춘계,0,0,0,XR,*,F,춘계,*,*,*,*
춘축,0,0,0,XR,*,T,춘축,*,*,*,*
출썩,0,0,0,XR,*,T,출썩,*,*,*,*
출중,0,0,0,XR,*,T,출중,*,*,*,*
출출,0,0,0,XR,*,T,출출,*,*,*,*
충만,0,0,0,XR,*,T,충만,*,*,*,*
충분,0,0,0,XR,*,T,충분,*,*,*,*
충실,0,0,0,XR,*,T,충실,*,*,*,*
충직,0,0,0,XR,*,T,충직,*,*,*,*
충천,0,0,0,XR,*,T,충천,*,*,*,*
충충,0,0,0,XR,*,T,충충,*,*,*,*
취,0,0,0,XR,*,F,취,*,*,*,*
취로,0,0,0,XR,*,F,취로,*,*,*,*
취약,0,0,0,XR,*,T,취약,*,*,*,*
측은,0,0,0,XR,*,T,측은,*,*,*,*
츱츱,0,0,0,XR,*,T,츱츱,*,*,*,*
치,0,0,0,XR,*,F,치,*,*,*,*
치근,0,0,0,XR,*,T,치근,*,*,*,*
치근덕,0,0,0,XR,*,T,치근덕,*,*,*,*
치기만만,0,0,0,XR,*,T,치기만만,*,*,*,*
치덕,0,0,0,XR,*,T,치덕,*,*,*,*
치렁,0,0,0,XR,*,T,치렁,*,*,*,*
치명,0,0,0,XR,*,T,치명,*,*,*,*
치밀,0,0,0,XR,*,T,치밀,*,*,*,*
치사,0,0,0,XR,*,F,치사,*,*,*,*
치열,0,0,0,XR,*,T,치열,*,*,*,*
치유력,0,0,0,XR,*,T,치유력,*,*,*,*
치졸,0,0,0,XR,*,T,치졸,*,*,*,*
칙칙,0,0,0,XR,*,T,칙칙,*,*,*,*
친,0,0,0,XR,*,T,친,*,*,*,*
친근,0,0,0,XR,*,T,친근,*,*,*,*
친밀,0,0,0,XR,*,T,친밀,*,*,*,*
친숙,0,0,0,XR,*,T,친숙,*,*,*,*
친위,0,0,0,XR,*,F,친위,*,*,*,*
친절,0,0,0,XR,*,T,친절,*,*,*,*
칠떡,0,0,0,XR,*,T,칠떡,*,*,*,*
칠렁,0,0,0,XR,*,T,칠렁,*,*,*,*
칠칠,0,0,0,XR,*,T,칠칠,*,*,*,*
침울,0,0,0,XR,*,T,침울,*,*,*,*
침중,0,0,0,XR,*,T,침중,*,*,*,*
침침,0,0,0,XR,*,T,침침,*,*,*,*
침통,0,0,0,XR,*,T,침통,*,*,*,*
칭얼,0,0,0,XR,*,T,칭얼,*,*,*,*
카랑,0,0,0,XR,*,T,카랑,*,*,*,*
칼칼,0,0,0,XR,*,T,칼칼,*,*,*,*
캄캄,0,0,0,XR,*,T,캄캄,*,*,*,*
캐들,0,0,0,XR,*,T,캐들,*,*,*,*
컨베셔널,0,0,0,XR,*,T,컨베셔널,*,*,*,*
컨벤셔널,0,0,0,XR,*,T,컨벤셔널,*,*,*,*
컬러풀,0,0,0,XR,*,T,컬러풀,*,*,*,*
컬컬,0,0,0,XR,*,T,컬컬,*,*,*,*
컴컴,0,0,0,XR,*,T,컴컴,*,*,*,*
컴컴무레,0,0,0,XR,*,F,컴컴무레,*,*,*,*
컴컴스레,0,0,0,XR,*,F,컴컴스레,*,*,*,*
콜콜랑,0,0,0,XR,*,T,콜콜랑,*,*,*,*
콩커런트,0,0,0,XR,*,F,콩커런트,*,*,*,*
쾌,0,0,0,XR,*,F,쾌,*,*,*,*
쾌적,0,0,0,XR,*,T,쾌적,*,*,*,*
쾌청,0,0,0,XR,*,T,쾌청,*,*,*,*
쾌쾌,0,0,0,XR,*,F,쾌쾌,*,*,*,*
쾌활,0,0,0,XR,*,T,쾌활,*,*,*,*
쾨쾨,0,0,0,XR,*,F,쾨쾨,*,*,*,*
쿰쿰,0,0,0,XR,*,T,쿰쿰,*,*,*,*
쿵작,0,0,0,XR,*,T,쿵작,*,*,*,*
퀘퀘,0,0,0,XR,*,F,퀘퀘,*,*,*,*
퀭,0,0,0,XR,*,T,퀭,*,*,*,*
퀴퀴,0,0,0,XR,*,F,퀴퀴,*,*,*,*
크낙,0,0,0,XR,*,T,크낙,*,*,*,*
크루닉,0,0,0,XR,*,T,크루닉,*,*,*,*
크루셜,0,0,0,XR,*,T,크루셜,*,*,*,*
큼지막,0,0,0,XR,*,T,큼지막,*,*,*,*
큼직,0,0,0,XR,*,T,큼직,*,*,*,*
큼직큼직,0,0,0,XR,*,T,큼직큼직,*,*,*,*
큼큼,0,0,0,XR,*,T,큼큼,*,*,*,*
키들,0,0,0,XR,*,T,키들,*,*,*,*
타닥,0,0,0,XR,*,T,타닥,*,*,*,*
타달,0,0,0,XR,*,T,타달,*,*,*,*
타당,0,0,0,XR,*,T,타당,*,*,*,*
타박,0,0,0,XR,*,T,타박,*,*,*,*
타발,0,0,0,XR,*,T,타발,*,*,*,*
타시락,0,0,0,XR,*,T,타시락,*,*,*,*
타울,0,0,0,XR,*,T,타울,*,*,*,*
타이트,0,0,0,XR,*,F,타이트,*,*,*,*
탁원,0,0,0,XR,*,T,탁원,*,*,*,*
탁월,0,0,0,XR,*,T,탁월,*,*,*,*
탁절,0,0,0,XR,*,T,탁절,*,*,*,*
탄솔,0,0,0,XR,*,T,탄솔,*,*,*,*
탄탄,0,0,0,XR,*,T,탄탄,*,*,*,*
탈,0,0,0,XR,*,T,탈,*,*,*,*
탐탁,0,0,0,XR,*,T,탐탁,*,*,*,*
탐탐,0,0,0,XR,*,T,탐탐,*,*,*,*
탕탕,0,0,0,XR,*,T,탕탕,*,*,*,*
태고연,0,0,0,XR,*,T,태고연,*,*,*,*
태연,0,0,0,XR,*,T,태연,*,*,*,*
탱탱,0,0,0,XR,*,T,탱탱,*,*,*,*
터덕,0,0,0,XR,*,T,터덕,*,*,*,*
터덜,0,0,0,XR,*,T,터덜,*,*,*,*
터벅,0,0,0,XR,*,T,터벅,*,*,*,*
터벌,0,0,0,XR,*,T,터벌,*,*,*,*
터부룩,0,0,0,XR,*,T,터부룩,*,*,*,*
터부시,0,0,0,XR,*,F,터부시,*,*,*,*
터분,0,0,0,XR,*,T,터분,*,*,*,*
터비,0,0,0,XR,*,F,터비,*,*,*,*
터울,0,0,0,XR,*,T,터울,*,*,*,*
터프,0,0,0,XR,*,F,터프,*,*,*,*
털털,0,0,0,XR,*,T,털털,*,*,*,*
텁수룩,0,0,0,XR,*,T,텁수룩,*,*,*,*
텁텁,0,0,0,XR,*,T,텁텁,*,*,*,*
테러블,0,0,0,XR,*,T,테러블,*,*,*,*
테이크,0,0,0,XR,*,F,테이크,*,*,*,*
토,0,0,0,XR,*,F,토,*,*,*,*
토닥,0,0,0,XR,*,T,토닥,*,*,*,*
토드락,0,0,0,XR,*,T,토드락,*,*,*,*
토박,0,0,0,XR,*,T,토박,*,*,*,*
토실,0,0,0,XR,*,T,토실,*,*,*,*
토옥,0,0,0,XR,*,T,토옥,*,*,*,*
톡톡,0,0,0,XR,*,T,톡톡,*,*,*,*
통,0,0,0,XR,*,T,통,*,*,*,*
통렬,0,0,0,XR,*,T,통렬,*,*,*,*
통석,0,0,0,XR,*,T,통석,*,*,*,*
통절,0,0,0,XR,*,T,통절,*,*,*,*
통쾌,0,0,0,XR,*,F,통쾌,*,*,*,*
통통,0,0,0,XR,*,T,통통,*,*,*,*
퇴색,0,0,0,XR,*,T,퇴색,*,*,*,*
투덕,0,0,0,XR,*,T,투덕,*,*,*,*
투덜,0,0,0,XR,*,T,투덜,*,*,*,*
투드럭,0,0,0,XR,*,T,투드럭,*,*,*,*
투명,0,0,0,XR,*,T,투명,*,*,*,*
투미,0,0,0,XR,*,F,투미,*,*,*,*
투박,0,0,0,XR,*,T,투박,*,*,*,*
투철,0,0,0,XR,*,T,투철,*,*,*,*
툭툭,0,0,0,XR,*,T,툭툭,*,*,*,*
퉁명,0,0,0,XR,*,T,퉁명,*,*,*,*
특별,0,0,0,XR,*,T,특별,*,*,*,*
특수,0,0,0,XR,*,F,특수,*,*,*,*
특유,0,0,0,XR,*,F,특유,*,*,*,*
특이,0,0,0,XR,*,F,특이,*,*,*,*
특정,0,0,0,XR,*,T,특정,*,*,*,*
특출,0,0,0,XR,*,T,특출,*,*,*,*
특특,0,0,0,XR,*,T,특특,*,*,*,*
튼실,0,0,0,XR,*,T,튼실,*,*,*,*
튼튼,0,0,0,XR,*,T,튼튼,*,*,*,*
틉틉걸직,0,0,0,XR,*,T,틉틉걸직,*,*,*,*
티적,0,0,0,XR,*,T,티적,*,*,*,*
파,0,0,0,XR,*,F,파,*,*,*,*
파다,0,0,0,XR,*,F,파다,*,*,*,*
파들,0,0,0,XR,*,T,파들,*,*,*,*
파르께,0,0,0,XR,*,F,파르께,*,*,*,*
파르대대,0,0,0,XR,*,F,파르대대,*,*,*,*
파르댕댕,0,0,0,XR,*,T,파르댕댕,*,*,*,*
파르무레,0,0,0,XR,*,F,파르무레,*,*,*,*
파르스레,0,0,0,XR,*,F,파르스레,*,*,*,*
파르스름,0,0,0,XR,*,T,파르스름,*,*,*,*
파르족족,0,0,0,XR,*,T,파르족족,*,*,*,*
파름,0,0,0,XR,*,T,파름,*,*,*,*
파릇,0,0,0,XR,*,T,파릇,*,*,*,*
파리,0,0,0,XR,*,F,파리,*,*,*,*
팍팍,0,0,0,XR,*,T,팍팍,*,*,*,*
판둥,0,0,0,XR,*,T,판둥,*,*,*,*
판이,0,0,0,XR,*,F,판이,*,*,*,*
판판,0,0,0,XR,*,T,판판,*,*,*,*
팔초,0,0,0,XR,*,F,팔초,*,*,*,*
팔팔,0,0,0,XR,*,T,팔팔,*,*,*,*
팡파짐,0,0,0,XR,*,T,팡파짐,*,*,*,*
패기만만,0,0,0,XR,*,T,패기만만,*,*,*,*
팬둥,0,0,0,XR,*,T,팬둥,*,*,*,*
팬들,0,0,0,XR,*,T,팬들,*,*,*,*
팽,0,0,0,XR,*,T,팽,*,*,*,*
팽배,0,0,0,XR,*,F,팽배,*,*,*,*
팽팽,0,0,0,XR,*,T,팽팽,*,*,*,*
퍼들,0,0,0,XR,*,T,퍼들,*,*,*,*
퍽퍽,0,0,0,XR,*,T,퍽퍽,*,*,*,*
펀둥,0,0,0,XR,*,T,펀둥,*,*,*,*
펀펀,0,0,0,XR,*,T,펀펀,*,*,*,*
펄펄,0,0,0,XR,*,T,펄펄,*,*,*,*
펑퍼짐,0,0,0,XR,*,T,펑퍼짐,*,*,*,*
편,0,0,0,XR,*,T,편,*,*,*,*
편리,0,0,0,XR,*,F,편리,*,*,*,*
편벽,0,0,0,XR,*,T,편벽,*,*,*,*
편안,0,0,0,XR,*,T,편안,*,*,*,*
편이,0,0,0,XR,*,F,편이,*,*,*,*
편편,0,0,0,XR,*,T,편편,*,*,*,*
편평,0,0,0,XR,*,T,편평,*,*,*,*
평범,0,0,0,XR,*,T,평범,*,*,*,*
평셔널,0,0,0,XR,*,T,평셔널,*,*,*,*
평순,0,0,0,XR,*,T,평순,*,*,*,*
평이,0,0,0,XR,*,F,평이,*,*,*,*
평준,0,0,0,XR,*,T,평준,*,*,*,*
평탄,0,0,0,XR,*,T,평탄,*,*,*,*
평퍼짐,0,0,0,XR,*,T,평퍼짐,*,*,*,*
평편,0,0,0,XR,*,T,평편,*,*,*,*
평평,0,0,0,XR,*,T,평평,*,*,*,*
폐,0,0,0,XR,*,F,폐,*,*,*,*
폐일언,0,0,0,XR,*,T,폐일언,*,*,*,*
포괄,0,0,0,XR,*,T,포괄,*,*,*,*
포근,0,0,0,XR,*,T,포근,*,*,*,*
포널러직,0,0,0,XR,*,T,포널러직,*,*,*,*
포네디컬,0,0,0,XR,*,T,포네디컬,*,*,*,*
포륵,0,0,0,XR,*,T,포륵,*,*,*,*
포실,0,0,0,XR,*,T,포실,*,*,*,*
폭신,0,0,0,XR,*,T,폭신,*,*,*,*
표독,0,0,0,XR,*,T,표독,*,*,*,*
표묘,0,0,0,XR,*,F,표묘,*,*,*,*
표표,0,0,0,XR,*,F,표표,*,*,*,*
표한,0,0,0,XR,*,T,표한,*,*,*,*
푸군,0,0,0,XR,*,T,푸군,*,*,*,*
푸근,0,0,0,XR,*,T,푸근,*,*,*,*
푸들,0,0,0,XR,*,T,푸들,*,*,*,*
푸르데데,0,0,0,XR,*,F,푸르데데,*,*,*,*
푸르뎅뎅,0,0,0,XR,*,T,푸르뎅뎅,*,*,*,*
푸르무레,0,0,0,XR,*,F,푸르무레,*,*,*,*
푸르스럼,0,0,0,XR,*,T,푸르스럼,*,*,*,*
푸르스레,0,0,0,XR,*,F,푸르스레,*,*,*,*
푸르스름,0,0,0,XR,*,T,푸르스름,*,*,*,*
푸르죽죽,0,0,0,XR,*,T,푸르죽죽,*,*,*,*
푸르퉁퉁,0,0,0,XR,*,T,푸르퉁퉁,*,*,*,*
푸륵,0,0,0,XR,*,T,푸륵,*,*,*,*
푸릇,0,0,0,XR,*,T,푸릇,*,*,*,*
푸석,0,0,0,XR,*,T,푸석,*,*,*,*
푸설,0,0,0,XR,*,T,푸설,*,*,*,*
푸접,0,0,0,XR,*,T,푸접,*,*,*,*
푸짐,0,0,0,XR,*,T,푸짐,*,*,*,*
푹신,0,0,0,XR,*,T,푹신,*,*,*,*
푼푼,0,0,0,XR,*,T,푼푼,*,*,*,*
품,0,0,0,XR,*,T,품,*,*,*,*
풋풋,0,0,0,XR,*,T,풋풋,*,*,*,*
풍,0,0,0,XR,*,T,풍,*,*,*,*
풍려,0,0,0,XR,*,F,풍려,*,*,*,*
풍만,0,0,0,XR,*,T,풍만,*,*,*,*
풍부,0,0,0,XR,*,F,풍부,*,*,*,*
풍성,0,0,0,XR,*,T,풍성,*,*,*,*
풍염,0,0,0,XR,*,T,풍염,*,*,*,*
풍요,0,0,0,XR,*,F,풍요,*,*,*,*
풍족,0,0,0,XR,*,T,풍족,*,*,*,*
프로페셔널,0,0,0,XR,*,T,프로페셔널,*,*,*,*
피,0,0,0,XR,*,F,피,*,*,*,*
피상,0,0,0,XR,*,T,피상,*,*,*,*
피폐,0,0,0,XR,*,F,피폐,*,*,*,*
핀둥,0,0,0,XR,*,T,핀둥,*,*,*,*
핀들,0,0,0,XR,*,T,핀들,*,*,*,*
필,0,0,0,XR,*,T,필,*,*,*,*
필요,0,0,0,XR,*,F,필요,*,*,*,*
핍진,0,0,0,XR,*,T,핍진,*,*,*,*
하구,0,0,0,XR,*,F,하구,*,*,*,*
하느작,0,0,0,XR,*,T,하느작,*,*,*,*
하늑,0,0,0,XR,*,T,하늑,*,*,*,*
하늘,0,0,0,XR,*,T,하늘,*,*,*,*
하동,0,0,0,XR,*,T,하동,*,*,*,*
하롱,0,0,0,XR,*,T,하롱,*,*,*,*
하분분,0,0,0,XR,*,T,하분분,*,*,*,*
하비작,0,0,0,XR,*,T,하비작,*,*,*,*
하빗,0,0,0,XR,*,T,하빗,*,*,*,*
하야무레,0,0,0,XR,*,F,하야무레,*,*,*,*
하작,0,0,0,XR,*,T,하작,*,*,*,*
학,0,0,0,XR,*,T,학,*,*,*,*
한가,0,0,0,XR,*,F,한가,*,*,*,*
한닥,0,0,0,XR,*,T,한닥,*,*,*,*
한댕,0,0,0,XR,*,T,한댕,*,*,*,*
한드랑,0,0,0,XR,*,T,한드랑,*,*,*,*
한드작,0,0,0,XR,*,T,한드작,*,*,*,*
한들,0,0,0,XR,*,T,한들,*,*,*,*
한랭,0,0,0,XR,*,T,한랭,*,*,*,*
한산,0,0,0,XR,*,T,한산,*,*,*,*
한시,0,0,0,XR,*,F,한시,*,*,*,*
한심,0,0,0,XR,*,T,한심,*,*,*,*
한유,0,0,0,XR,*,F,한유,*,*,*,*
한적,0,0,0,XR,*,T,한적,*,*,*,*
할근,0,0,0,XR,*,T,할근,*,*,*,*
할끔,0,0,0,XR,*,T,할끔,*,*,*,*
할딱,0,0,0,XR,*,T,할딱,*,*,*,*
할랑,0,0,0,XR,*,T,할랑,*,*,*,*
할짝,0,0,0,XR,*,T,할짝,*,*,*,*
할쭉,0,0,0,XR,*,T,할쭉,*,*,*,*
함,0,0,0,XR,*,T,함,*,*,*,*
함초롬,0,0,0,XR,*,T,함초롬,*,*,*,*
함추름,0,0,0,XR,*,T,함추름,*,*,*,*
함함,0,0,0,XR,*,T,함함,*,*,*,*
합당,0,0,0,XR,*,T,합당,*,*,*,*
합리,0,0,0,XR,*,F,합리,*,*,*,*
합죽,0,0,0,XR,*,T,합죽,*,*,*,*
항,0,0,0,XR,*,T,항,*,*,*,*
항구,0,0,0,XR,*,F,항구,*,*,*,*
해,0,0,0,XR,*,F,해,*,*,*,*
해괴,0,0,0,XR,*,F,해괴,*,*,*,*
해괴망측,0,0,0,XR,*,T,해괴망측,*,*,*,*
해끄무레,0,0,0,XR,*,F,해끄무레,*,*,*,*
해끔,0,0,0,XR,*,T,해끔,*,*,*,*
해낙낙,0,0,0,XR,*,T,해낙낙,*,*,*,*
해납작,0,0,0,XR,*,T,해납작,*,*,*,*
해득,0,0,0,XR,*,T,해득,*,*,*,*
해들,0,0,0,XR,*,T,해들,*,*,*,*
해롱,0,0,0,XR,*,T,해롱,*,*,*,*
해말쑥,0,0,0,XR,*,T,해말쑥,*,*,*,*
해박,0,0,0,XR,*,T,해박,*,*,*,*
해반닥,0,0,0,XR,*,T,해반닥,*,*,*,*
해반드르르,0,0,0,XR,*,F,해반드르르,*,*,*,*
해사,0,0,0,XR,*,F,해사,*,*,*,*
해쓱,0,0,0,XR,*,T,해쓱,*,*,*,*
해이,0,0,0,XR,*,F,해이,*,*,*,*
핼쑥,0,0,0,XR,*,T,핼쑥,*,*,*,*
핼쓱,0,0,0,XR,*,T,핼쓱,*,*,*,*
행,0,0,0,XR,*,T,행,*,*,*,*
향,0,0,0,XR,*,T,향,*,*,*,*
향긋,0,0,0,XR,*,T,향긋,*,*,*,*
허구,0,0,0,XR,*,F,허구,*,*,*,*
허다,0,0,0,XR,*,F,허다,*,*,*,*
허덕,0,0,0,XR,*,T,허덕,*,*,*,*
허둥,0,0,0,XR,*,T,허둥,*,*,*,*
허든,0,0,0,XR,*,T,허든,*,*,*,*
허랑,0,0,0,XR,*,T,허랑,*,*,*,*
허랑방탕,0,0,0,XR,*,T,허랑방탕,*,*,*,*
허루,0,0,0,XR,*,F,허루,*,*,*,*
허룩,0,0,0,XR,*,T,허룩,*,*,*,*
허룽,0,0,0,XR,*,T,허룽,*,*,*,*
허름,0,0,0,XR,*,T,허름,*,*,*,*
허망,0,0,0,XR,*,T,허망,*,*,*,*
허무맹랑,0,0,0,XR,*,T,허무맹랑,*,*,*,*
허비적,0,0,0,XR,*,T,허비적,*,*,*,*
허빗,0,0,0,XR,*,T,허빗,*,*,*,*
허수,0,0,0,XR,*,F,허수,*,*,*,*
허수룩,0,0,0,XR,*,T,허수룩,*,*,*,*
허수름,0,0,0,XR,*,T,허수름,*,*,*,*
허술,0,0,0,XR,*,T,허술,*,*,*,*
허약,0,0,0,XR,*,T,허약,*,*,*,*
허여멀끔,0,0,0,XR,*,T,허여멀끔,*,*,*,*
허영,0,0,0,XR,*,T,허영,*,*,*,*
허우룩,0,0,0,XR,*,T,허우룩,*,*,*,*
허우적,0,0,0,XR,*,T,허우적,*,*,*,*
허적,0,0,0,XR,*,T,허적,*,*,*,*
허전,0,0,0,XR,*,T,허전,*,*,*,*
허접,0,0,0,XR,*,T,허접,*,*,*,*
허정,0,0,0,XR,*,T,허정,*,*,*,*
허줄,0,0,0,XR,*,T,허줄,*,*,*,*
허청,0,0,0,XR,*,T,허청,*,*,*,*
허탄,0,0,0,XR,*,T,허탄,*,*,*,*
허퉁,0,0,0,XR,*,T,허퉁,*,*,*,*
허허,0,0,0,XR,*,F,허허,*,*,*,*
허황,0,0,0,XR,*,T,허황,*,*,*,*
헌출,0,0,0,XR,*,T,헌출,*,*,*,*
헌칠,0,0,0,XR,*,T,헌칠,*,*,*,*
헌헌,0,0,0,XR,*,T,헌헌,*,*,*,*
헐,0,0,0,XR,*,T,헐,*,*,*,*
헐근,0,0,0,XR,*,T,헐근,*,*,*,*
헐떡,0,0,0,XR,*,T,헐떡,*,*,*,*
헐렁,0,0,0,XR,*,T,헐렁,*,*,*,*
헐씨근,0,0,0,XR,*,T,헐씨근,*,*,*,*
헐직,0,0,0,XR,*,T,헐직,*,*,*,*
험난,0,0,0,XR,*,T,험난,*,*,*,*
험상,0,0,0,XR,*,T,험상,*,*,*,*
험악,0,0,0,XR,*,T,험악,*,*,*,*
험준,0,0,0,XR,*,T,험준,*,*,*,*
헛헛,0,0,0,XR,*,T,헛헛,*,*,*,*
헤근,0,0,0,XR,*,T,헤근,*,*,*,*
헤죽,0,0,0,XR,*,T,헤죽,*,*,*,*
혁혁,0,0,0,XR,*,T,혁혁,*,*,*,*
현격,0,0,0,XR,*,T,현격,*,*,*,*
현란,0,0,0,XR,*,T,현란,*,*,*,*
현명,0,0,0,XR,*,T,현명,*,*,*,*
현숙,0,0,0,XR,*,T,현숙,*,*,*,*
현저,0,0,0,XR,*,F,현저,*,*,*,*
현현,0,0,0,XR,*,T,현현,*,*,*,*
혈,0,0,0,XR,*,T,혈,*,*,*,*
협,0,0,0,XR,*,T,협,*,*,*,*
협소,0,0,0,XR,*,F,협소,*,*,*,*
형,0,0,0,XR,*,T,형,*,*,*,*
형형,0,0,0,XR,*,T,형형,*,*,*,*
호,0,0,0,XR,*,F,호,*,*,*,*
호도깝,0,0,0,XR,*,T,호도깝,*,*,*,*
호동그레,0,0,0,XR,*,F,호동그레,*,*,*,*
호물,0,0,0,XR,*,T,호물,*,*,*,*
호방,0,0,0,XR,*,T,호방,*,*,*,*
호비작,0,0,0,XR,*,T,호비작,*,*,*,*
호빗,0,0,0,XR,*,T,호빗,*,*,*,*
호사,0,0,0,XR,*,F,호사,*,*,*,*
호승,0,0,0,XR,*,T,호승,*,*,*,*
호연,0,0,0,XR,*,T,호연,*,*,*,*
호적,0,0,0,XR,*,T,호적,*,*,*,*
호젓,0,0,0,XR,*,T,호젓,*,*,*,*
호쾌,0,0,0,XR,*,F,호쾌,*,*,*,*
호탕,0,0,0,XR,*,T,호탕,*,*,*,*
호협,0,0,0,XR,*,T,호협,*,*,*,*
호호탕탕,0,0,0,XR,*,T,호호탕탕,*,*,*,*
호화,0,0,0,XR,*,F,호화,*,*,*,*
호화찬란,0,0,0,XR,*,T,호화찬란,*,*,*,*
혹,0,0,0,XR,*,T,혹,*,*,*,*
혹독,0,0,0,XR,*,T,혹독,*,*,*,*
혹심,0,0,0,XR,*,T,혹심,*,*,*,*
혼곤,0,0,0,XR,*,T,혼곤,*,*,*,*
혼재,0,0,0,XR,*,F,혼재,*,*,*,*
혼침,0,0,0,XR,*,T,혼침,*,*,*,*
혼탁,0,0,0,XR,*,T,혼탁,*,*,*,*
혼혼,0,0,0,XR,*,T,혼혼,*,*,*,*
홀가분,0,0,0,XR,*,T,홀가분,*,*,*,*
홀쭉,0,0,0,XR,*,T,홀쭉,*,*,*,*
홈착,0,0,0,XR,*,T,홈착,*,*,*,*
홈치작,0,0,0,XR,*,T,홈치작,*,*,*,*
홍건,0,0,0,XR,*,T,홍건,*,*,*,*
홍알,0,0,0,XR,*,T,홍알,*,*,*,*
화,0,0,0,XR,*,F,화,*,*,*,*
화급,0,0,0,XR,*,T,화급,*,*,*,*
화기애애,0,0,0,XR,*,F,화기애애,*,*,*,*
화끈,0,0,0,XR,*,T,화끈,*,*,*,*
화들,0,0,0,XR,*,T,화들,*,*,*,*
화락,0,0,0,XR,*,T,화락,*,*,*,*
화려,0,0,0,XR,*,F,화려,*,*,*,*
화류,0,0,0,XR,*,F,화류,*,*,*,*
화사,0,0,0,XR,*,F,화사,*,*,*,*
화순,0,0,0,XR,*,T,화순,*,*,*,*
화안,0,0,0,XR,*,T,화안,*,*,*,*
화창,0,0,0,XR,*,T,화창,*,*,*,*
화통,0,0,0,XR,*,T,화통,*,*,*,*
확고,0,0,0,XR,*,F,확고,*,*,*,*
확실,0,0,0,XR,*,T,확실,*,*,*,*
확실시,0,0,0,XR,*,F,확실시,*,*,*,*
확연,0,0,0,XR,*,T,확연,*,*,*,*
환,0,0,0,XR,*,T,환,*,*,*,*
활달,0,0,0,XR,*,T,활달,*,*,*,*
활발,0,0,0,XR,*,T,활발,*,*,*,*
활성,0,0,0,XR,*,T,활성,*,*,*,*
황공,0,0,0,XR,*,T,황공,*,*,*,*
황급,0,0,0,XR,*,T,황급,*,*,*,*
황당,0,0,0,XR,*,T,황당,*,*,*,*
황당무계,0,0,0,XR,*,F,황당무계,*,*,*,*
황량,0,0,0,XR,*,T,황량,*,*,*,*
황료,0,0,0,XR,*,F,황료,*,*,*,*
황막,0,0,0,XR,*,T,황막,*,*,*,*
황망,0,0,0,XR,*,T,황망,*,*,*,*
황송,0,0,0,XR,*,T,황송,*,*,*,*
황폐,0,0,0,XR,*,F,황폐,*,*,*,*
황홀,0,0,0,XR,*,T,황홀,*,*,*,*
황황,0,0,0,XR,*,T,황황,*,*,*,*
횅댕그렁,0,0,0,XR,*,T,횅댕그렁,*,*,*,*
회뿌윰,0,0,0,XR,*,T,회뿌윰,*,*,*,*
회삽,0,0,0,XR,*,T,회삽,*,*,*,*
회창,0,0,0,XR,*,T,회창,*,*,*,*
획기,0,0,0,XR,*,F,획기,*,*,*,*
획시대,0,0,0,XR,*,F,획시대,*,*,*,*
획일,0,0,0,XR,*,T,획일,*,*,*,*
효순,0,0,0,XR,*,T,효순,*,*,*,*
효우,0,0,0,XR,*,F,효우,*,*,*,*
후,0,0,0,XR,*,F,후,*,*,*,*
후덕지근,0,0,0,XR,*,T,후덕지근,*,*,*,*
후덥지근,0,0,0,XR,*,T,후덥지근,*,*,*,*
후들,0,0,0,XR,*,T,후들,*,*,*,*
후련,0,0,0,XR,*,T,후련,*,*,*,*
후루룩,0,0,0,XR,*,T,후루룩,*,*,*,*
후리후리,0,0,0,XR,*,F,후리후리,*,*,*,*
후물,0,0,0,XR,*,T,후물,*,*,*,*
후비적,0,0,0,XR,*,T,후비적,*,*,*,*
후접지근,0,0,0,XR,*,T,후접지근,*,*,*,*
후줄근,0,0,0,XR,*,T,후줄근,*,*,*,*
후즐근,0,0,0,XR,*,T,후즐근,*,*,*,*
후출,0,0,0,XR,*,T,후출,*,*,*,*
후치,0,0,0,XR,*,F,후치,*,*,*,*
후텁지근,0,0,0,XR,*,T,후텁지근,*,*,*,*
훈훈,0,0,0,XR,*,T,훈훈,*,*,*,*
훌륭,0,0,0,XR,*,T,훌륭,*,*,*,*
훌쭉,0,0,0,XR,*,T,훌쭉,*,*,*,*
훔척,0,0,0,XR,*,T,훔척,*,*,*,*
훔치적,0,0,0,XR,*,T,훔치적,*,*,*,*
훤,0,0,0,XR,*,T,훤,*,*,*,*
훤출,0,0,0,XR,*,T,훤출,*,*,*,*
훤칠,0,0,0,XR,*,T,훤칠,*,*,*,*
휑,0,0,0,XR,*,T,휑,*,*,*,*
휑뎅그렁,0,0,0,XR,*,T,휑뎅그렁,*,*,*,*
휘영,0,0,0,XR,*,T,휘영,*,*,*,*
휘우청,0,0,0,XR,*,T,휘우청,*,*,*,*
휘움,0,0,0,XR,*,T,휘움,*,*,*,*
휘적,0,0,0,XR,*,T,휘적,*,*,*,*
휘정,0,0,0,XR,*,T,휘정,*,*,*,*
휘황,0,0,0,XR,*,T,휘황,*,*,*,*
휘황찬란,0,0,0,XR,*,T,휘황찬란,*,*,*,*
흉,0,0,0,XR,*,T,흉,*,*,*,*
흉맹,0,0,0,XR,*,T,흉맹,*,*,*,*
흉악,0,0,0,XR,*,T,흉악,*,*,*,*
흉측,0,0,0,XR,*,T,흉측,*,*,*,*
흉패,0,0,0,XR,*,F,흉패,*,*,*,*
흉포,0,0,0,XR,*,F,흉포,*,*,*,*
흉흉,0,0,0,XR,*,T,흉흉,*,*,*,*
흐끄므레,0,0,0,XR,*,F,흐끄므레,*,*,*,*
흐느적,0,0,0,XR,*,T,흐느적,*,*,*,*
흐늘,0,0,0,XR,*,T,흐늘,*,*,*,*
흐늘쩍,0,0,0,XR,*,T,흐늘쩍,*,*,*,*
흐드분,0,0,0,XR,*,T,흐드분,*,*,*,*
흐리멍덩,0,0,0,XR,*,T,흐리멍덩,*,*,*,*
흐리멍텅,0,0,0,XR,*,T,흐리멍텅,*,*,*,*
흐리터분,0,0,0,XR,*,T,흐리터분,*,*,*,*
흐리흐리,0,0,0,XR,*,F,흐리흐리,*,*,*,*
흐릿,0,0,0,XR,*,T,흐릿,*,*,*,*
흐릿흐릿,0,0,0,XR,*,T,흐릿흐릿,*,*,*,*
흐뭇,0,0,0,XR,*,T,흐뭇,*,*,*,*
흐믓,0,0,0,XR,*,T,흐믓,*,*,*,*
흔,0,0,0,XR,*,T,흔,*,*,*,*
흔덕,0,0,0,XR,*,T,흔덕,*,*,*,*
흔뎅,0,0,0,XR,*,T,흔뎅,*,*,*,*
흔드렁,0,0,0,XR,*,T,흔드렁,*,*,*,*
흔드적,0,0,0,XR,*,T,흔드적,*,*,*,*
흔들,0,0,0,XR,*,T,흔들,*,*,*,*
흔연,0,0,0,XR,*,T,흔연,*,*,*,*
흔전,0,0,0,XR,*,T,흔전,*,*,*,*
흔쾌,0,0,0,XR,*,F,흔쾌,*,*,*,*
흘근,0,0,0,XR,*,T,흘근,*,*,*,*
흘쩍,0,0,0,XR,*,T,흘쩍,*,*,*,*
흘쭉,0,0,0,XR,*,T,흘쭉,*,*,*,*
흡사,0,0,0,XR,*,F,흡사,*,*,*,*
흡습,0,0,0,XR,*,T,흡습,*,*,*,*
흡족,0,0,0,XR,*,T,흡족,*,*,*,*
흥,0,0,0,XR,*,T,흥,*,*,*,*
흥건,0,0,0,XR,*,T,흥건,*,*,*,*
흥뚱,0,0,0,XR,*,T,흥뚱,*,*,*,*
흥미진진,0,0,0,XR,*,T,흥미진진,*,*,*,*
흥성,0,0,0,XR,*,T,흥성,*,*,*,*
흥얼,0,0,0,XR,*,T,흥얼,*,*,*,*
흥청,0,0,0,XR,*,T,흥청,*,*,*,*
희귀,0,0,0,XR,*,F,희귀,*,*,*,*
희끄무레,0,0,0,XR,*,F,희끄무레,*,*,*,*
희끈,0,0,0,XR,*,T,희끈,*,*,*,*
희끔,0,0,0,XR,*,T,희끔,*,*,*,*
희끗,0,0,0,XR,*,T,희끗,*,*,*,*
희미,0,0,0,XR,*,F,희미,*,*,*,*
희박,0,0,0,XR,*,T,희박,*,*,*,*
희번덕,0,0,0,XR,*,T,희번덕,*,*,*,*
희부,0,0,0,XR,*,F,희부,*,*,*,*
희부염,0,0,0,XR,*,T,희부염,*,*,*,*
희부윰,0,0,0,XR,*,T,희부윰,*,*,*,*
희붐,0,0,0,XR,*,T,희붐,*,*,*,*
희뿌염,0,0,0,XR,*,T,희뿌염,*,*,*,*
희뿌윰,0,0,0,XR,*,T,희뿌윰,*,*,*,*
희소,0,0,0,XR,*,F,희소,*,*,*,*
희안,0,0,0,XR,*,T,희안,*,*,*,*
희어멀끔,0,0,0,XR,*,T,희어멀끔,*,*,*,*
희여멀건,0,0,0,XR,*,T,희여멀건,*,*,*,*
희유,0,0,0,XR,*,F,희유,*,*,*,*
희읍스름,0,0,0,XR,*,T,희읍스름,*,*,*,*
희한,0,0,0,XR,*,T,희한,*,*,*,*
히득,0,0,0,XR,*,T,히득,*,*,*,*
히들,0,0,0,XR,*,T,히들,*,*,*,*
히히덕,0,0,0,XR,*,T,히히덕,*,*,*,*
